2026-09-03 10:29:22 [INFO] Requesting: http://localhost:3000/api/cron/sync-news?secret=test_secret
2026-09-03 10:29:27 [ERROR] Uzak sunucuya baðlanýlamýyor
2026-09-03 10:31:49 [INFO] Requesting: http://localhost:3000/api/cron/sync-news?secret=test_secret
2026-09-03 10:31:53 [ERROR] Uzak sunucuya baðlanýlamýyor
2026-09-03 10:41:50 [INFO] Requesting: http://localhost:3000/api/cron/sync-news?secret=test_secret
2026-09-03 10:43:45 [SUCCESS] {"success":true,"collection":{"success":true,"sourcesProcessed":6,"itemsFetched":1150,"newItems":1,"duplicates":422,"errors":0},"analysis":{"requested":10,"processed":0,"failed":10},"generation":{"requested":5,"processed":0,"failed":5},"qualityCheck":{"success":true,"requested":5,"processed":0,"approved":0,"rejected":0,"failed":0,"results":[]}}
2026-09-03 10:51:50 [INFO] Requesting: http://localhost:3000/api/cron/sync-news?secret=test_secret
2026-09-03 10:53:19 [SUCCESS] {"success":true,"collection":{"success":true,"sourcesProcessed":6,"itemsFetched":1150,"newItems":3,"duplicates":418,"errors":0},"analysis":{"requested":10,"processed":0,"failed":10},"generation":{"requested":5,"processed":0,"failed":5},"qualityCheck":{"success":true,"requested":5,"processed":0,"approved":0,"rejected":0,"failed":0,"results":[]},"publish":{"success":true,"requested":3,"processed":3,"failed":0,"results":[{"contentId":"cmtl7cbd1000jlrekqhq6jlx6","status":"PUBLISHED","facebookPostId":"mock-post-1788421997457","mockMode":true},{"contentId":"cmtl7cbcz000hlrekbm73qehw","status":"PUBLISHED","facebookPostId":"mock-post-1788421998480","mockMode":true},{"contentId":"cmtl7cbcx000flrek4hqm81nu","status":"PUBLISHED","facebookPostId":"mock-post-1788421999494","mockMode":true}]}}
2026-09-03 11:01:53 [INFO] Requesting: http://localhost:3000/api/cron/sync-news?secret=test_secret
2026-09-03 11:03:17 [SUCCESS] {"success":true,"collection":{"success":true,"sourcesProcessed":6,"itemsFetched":1150,"newItems":3,"duplicates":419,"errors":0},"analysis":{"requested":10,"processed":0,"failed":10},"generation":{"requested":5,"processed":0,"failed":5},"qualityCheck":{"success":true,"requested":5,"processed":0,"approved":0,"rejected":0,"failed":0,"results":[]},"publish":{"success":true,"requested":3,"processed":1,"failed":0,"results":[{"contentId":"cmtl7cbct000dlrekmnyu1819","status":"PUBLISHED","facebookPostId":"mock-post-1788422597237","mockMode":true}]}}
2026-09-03 11:11:50 [INFO] Requesting: http://localhost:3000/api/cron/sync-news?secret=test_secret
2026-09-03 11:13:13 [SUCCESS] {"success":true,"collection":{"success":true,"sourcesProcessed":6,"itemsFetched":1150,"newItems":1,"duplicates":418,"errors":0},"analysis":{"requested":10,"processed":0,"failed":10},"generation":{"requested":5,"processed":0,"failed":5},"qualityCheck":{"success":true,"requested":5,"processed":0,"approved":0,"rejected":0,"failed":0,"results":[]},"publish":{"success":true,"requested":3,"processed":0,"failed":0,"results":[]}}
2026-09-03 11:21:51 [INFO] Requesting: http://localhost:3000/api/cron/sync-news?secret=test_secret
2026-09-03 11:23:12 [SUCCESS] {"success":true,"collection":{"success":true,"sourcesProcessed":6,"itemsFetched":1150,"newItems":2,"duplicates":415,"errors":0},"analysis":{"requested":10,"processed":0,"failed":10},"generation":{"requested":5,"processed":0,"failed":5},"qualityCheck":{"success":true,"requested":5,"processed":0,"approved":0,"rejected":0,"failed":0,"results":[]},"publish":{"success":true,"requested":3,"processed":0,"failed":0,"results":[]}}
2026-09-03 11:31:50 [INFO] Requesting: http://localhost:3000/api/cron/sync-news?secret=test_secret
2026-09-03 11:33:13 [SUCCESS] {"success":true,"collection":{"success":true,"sourcesProcessed":6,"itemsFetched":1150,"newItems":2,"duplicates":416,"errors":0},"analysis":{"requested":10,"processed":0,"failed":10},"generation":{"requested":5,"processed":0,"failed":5},"qualityCheck":{"success":true,"requested":5,"processed":0,"approved":0,"rejected":0,"failed":0,"results":[]},"publish":{"success":true,"requested":3,"processed":0,"failed":0,"results":[]}}
2026-09-03 11:51:50 [INFO] Requesting: http://localhost:3000/api/cron/sync-news?secret=test_secret
2026-09-03 11:53:42 [SUCCESS] {"success":true,"collection":{"success":true,"sourcesProcessed":6,"itemsFetched":1150,"newItems":4,"duplicates":408,"errors":0},"analysis":{"requested":10,"processed":0,"failed":10},"generation":{"requested":5,"processed":0,"failed":5},"qualityCheck":{"success":true,"requested":5,"processed":0,"approved":0,"rejected":0,"failed":0,"results":[]},"publish":{"success":true,"requested":3,"processed":0,"failed":0,"results":[]}}
2026-09-03 12:01:51 [INFO] Requesting: http://localhost:3000/api/cron/sync-news?secret=test_secret
2026-09-03 12:03:11 [SUCCESS] {"success":true,"collection":{"success":true,"sourcesProcessed":6,"itemsFetched":1150,"newItems":1,"duplicates":408,"errors":0},"analysis":{"requested":10,"processed":0,"failed":10},"generation":{"requested":5,"processed":0,"failed":5},"qualityCheck":{"success":true,"requested":5,"processed":0,"approved":0,"rejected":0,"failed":0,"results":[]},"publish":{"success":true,"requested":3,"processed":0,"failed":0,"results":[]}}
2026-09-03 12:11:51 [INFO] Requesting: http://localhost:3000/api/cron/sync-news?secret=test_secret
2026-09-03 12:13:11 [SUCCESS] {"success":true,"collection":{"success":true,"sourcesProcessed":6,"itemsFetched":1150,"newItems":2,"duplicates":406,"errors":0},"analysis":{"requested":10,"processed":0,"failed":10},"generation":{"requested":5,"processed":0,"failed":5},"qualityCheck":{"success":true,"requested":5,"processed":0,"approved":0,"rejected":0,"failed":0,"results":[]},"publish":{"success":true,"requested":3,"processed":0,"failed":0,"results":[]}}
2026-09-03 12:21:50 [INFO] Requesting: http://localhost:3000/api/cron/sync-news?secret=test_secret
2026-09-03 12:22:04 [ERROR] Uzak sunucuya baðlanýlamýyor
2026-09-03 12:31:51 [INFO] Requesting: http://localhost:3000/api/cron/sync-news?secret=test_secret
2026-09-03 12:33:12 [SUCCESS] {"success":true,"collection":{"success":true,"sourcesProcessed":6,"itemsFetched":1150,"newItems":3,"duplicates":399,"errors":0},"analysis":{"requested":10,"processed":0,"failed":10},"generation":{"requested":5,"processed":0,"failed":5},"qualityCheck":{"success":true,"requested":5,"processed":0,"approved":0,"rejected":0,"failed":0,"results":[]},"publish":{"success":true,"requested":3,"processed":0,"failed":0,"results":[]}}
2026-09-03 12:41:50 [INFO] Requesting: http://localhost:3000/api/cron/sync-news?secret=test_secret
2026-09-03 12:43:13 [SUCCESS] {"success":true,"collection":{"success":true,"sourcesProcessed":6,"itemsFetched":1150,"newItems":1,"duplicates":401,"errors":0},"analysis":{"requested":10,"processed":0,"failed":10},"generation":{"requested":5,"processed":0,"failed":5},"qualityCheck":{"success":true,"requested":5,"processed":0,"approved":0,"rejected":0,"failed":0,"results":[]},"publish":{"success":true,"requested":3,"processed":0,"failed":0,"results":[]}}
2026-09-03 12:51:50 [INFO] Requesting: http://localhost:3000/api/cron/sync-news?secret=test_secret
2026-09-03 12:53:14 [SUCCESS] {"success":true,"collection":{"success":true,"sourcesProcessed":6,"itemsFetched":1150,"newItems":1,"duplicates":399,"errors":0},"analysis":{"requested":10,"processed":0,"failed":10},"generation":{"requested":5,"processed":0,"failed":5},"qualityCheck":{"success":true,"requested":5,"processed":0,"approved":0,"rejected":0,"failed":0,"results":[]},"publish":{"success":true,"requested":3,"processed":0,"failed":0,"results":[]}}
2026-09-03 13:01:50 [INFO] Requesting: http://localhost:3000/api/cron/sync-news?secret=test_secret
2026-09-03 13:04:09 [SUCCESS] {"success":true,"collection":{"success":true,"sourcesProcessed":6,"itemsFetched":150,"newItems":1,"duplicates":37,"errors":1},"analysis":{"requested":10,"processed":1,"failed":9},"generation":{"requested":5,"processed":0,"failed":5},"qualityCheck":{"success":true,"requested":5,"processed":0,"approved":0,"rejected":0,"failed":0,"results":[]},"publish":{"success":true,"requested":3,"processed":0,"failed":0,"results":[]}}
2026-09-03 13:11:50 [INFO] Requesting: http://localhost:3000/api/cron/sync-news?secret=test_secret
2026-09-03 13:13:16 [SUCCESS] {"success":true,"collection":{"success":true,"sourcesProcessed":6,"itemsFetched":1150,"newItems":2,"duplicates":394,"errors":0},"analysis":{"requested":10,"processed":0,"failed":10},"generation":{"requested":5,"processed":0,"failed":5},"qualityCheck":{"success":true,"requested":5,"processed":0,"approved":0,"rejected":0,"failed":0,"results":[]},"publish":{"success":true,"requested":3,"processed":0,"failed":0,"results":[]}}
2026-09-03 13:21:50 [INFO] Requesting: http://localhost:3000/api/cron/sync-news?secret=test_secret
2026-09-03 13:21:55 [ERROR] Uzak sunucuya baðlanýlamýyor
2026-09-03 13:31:50 [INFO] Requesting: http://localhost:3000/api/cron/sync-news?secret=test_secret
2026-09-03 13:31:54 [ERROR] Uzak sunucuya baðlanýlamýyor
2026-09-03 13:41:50 [INFO] Requesting: http://localhost:3000/api/cron/sync-news?secret=test_secret
2026-09-03 13:44:17 [SUCCESS] {"success":true,"collection":{"success":true,"sourcesProcessed":6,"itemsFetched":150,"newItems":0,"duplicates":35,"errors":1},"analysis":{"requested":10,"processed":0,"failed":10},"generation":{"requested":5,"processed":0,"failed":5},"qualityCheck":{"success":true,"requested":5,"processed":0,"approved":0,"rejected":0,"failed":0,"results":[]},"publish":{"success":true,"requested":3,"processed":0,"failed":0,"results":[]}}
2026-09-03 13:51:50 [INFO] Requesting: http://localhost:3000/api/cron/sync-news?secret=test_secret
2026-09-03 13:53:15 [SUCCESS] {"success":true,"collection":{"success":true,"sourcesProcessed":6,"itemsFetched":1150,"newItems":3,"duplicates":388,"errors":0},"analysis":{"requested":10,"processed":0,"failed":10},"generation":{"requested":5,"processed":0,"failed":5},"qualityCheck":{"success":true,"requested":5,"processed":0,"approved":0,"rejected":0,"failed":0,"results":[]},"publish":{"success":true,"requested":3,"processed":0,"failed":0,"results":[]}}
2026-09-03 14:01:50 [INFO] Requesting: http://localhost:3000/api/cron/sync-news?secret=test_secret
2026-09-03 14:03:10 [SUCCESS] {"success":true,"collection":{"success":true,"sourcesProcessed":6,"itemsFetched":1150,"newItems":1,"duplicates":390,"errors":0},"analysis":{"requested":10,"processed":0,"failed":10},"generation":{"requested":5,"processed":0,"failed":5},"qualityCheck":{"success":true,"requested":5,"processed":0,"approved":0,"rejected":0,"failed":0,"results":[]},"publish":{"success":true,"requested":3,"processed":0,"failed":0,"results":[]}}
2026-09-03 14:11:50 [INFO] Requesting: http://localhost:3000/api/cron/sync-news?secret=test_secret
2026-09-03 14:13:11 [SUCCESS] {"success":true,"collection":{"success":true,"sourcesProcessed":6,"itemsFetched":1150,"newItems":1,"duplicates":390,"errors":0},"analysis":{"requested":10,"processed":0,"failed":10},"generation":{"requested":5,"processed":0,"failed":5},"qualityCheck":{"success":true,"requested":5,"processed":0,"approved":0,"rejected":0,"failed":0,"results":[]},"publish":{"success":true,"requested":3,"processed":0,"failed":0,"results":[]}}
2026-09-03 14:21:50 [INFO] Requesting: http://localhost:3000/api/cron/sync-news?secret=test_secret
2026-09-03 14:23:15 [SUCCESS] {"success":true,"collection":{"success":true,"sourcesProcessed":6,"itemsFetched":1150,"newItems":1,"duplicates":389,"errors":0},"analysis":{"requested":10,"processed":0,"failed":10},"generation":{"requested":5,"processed":0,"failed":5},"qualityCheck":{"success":true,"requested":5,"processed":0,"approved":0,"rejected":0,"failed":0,"results":[]},"publish":{"success":true,"requested":3,"processed":0,"failed":0,"results":[]}}
2026-09-03 14:31:50 [INFO] Requesting: http://localhost:3000/api/cron/sync-news?secret=test_secret
2026-09-03 14:33:13 [SUCCESS] {"success":true,"collection":{"success":true,"sourcesProcessed":6,"itemsFetched":1150,"newItems":2,"duplicates":388,"errors":0},"analysis":{"requested":10,"processed":0,"failed":10},"generation":{"requested":5,"processed":0,"failed":5},"qualityCheck":{"success":true,"requested":5,"processed":0,"approved":0,"rejected":0,"failed":0,"results":[]},"publish":{"success":true,"requested":3,"processed":0,"failed":0,"results":[]}}
2026-09-03 14:41:50 [INFO] Requesting: http://localhost:3000/api/cron/sync-news?secret=test_secret
2026-09-03 14:43:16 [SUCCESS] {"success":true,"collection":{"success":true,"sourcesProcessed":6,"itemsFetched":1150,"newItems":1,"duplicates":390,"errors":0},"analysis":{"requested":10,"processed":0,"failed":10},"generation":{"requested":5,"processed":0,"failed":5},"qualityCheck":{"success":true,"requested":5,"processed":0,"approved":0,"rejected":0,"failed":0,"results":[]},"publish":{"success":true,"requested":3,"processed":0,"failed":0,"results":[]}}
2026-09-03 14:51:50 [INFO] Requesting: http://localhost:3000/api/cron/sync-news?secret=test_secret
2026-09-03 14:53:13 [SUCCESS] {"success":true,"collection":{"success":true,"sourcesProcessed":6,"itemsFetched":1150,"newItems":0,"duplicates":390,"errors":0},"analysis":{"requested":10,"processed":0,"failed":10},"generation":{"requested":5,"processed":0,"failed":5},"qualityCheck":{"success":true,"requested":5,"processed":0,"approved":0,"rejected":0,"failed":0,"results":[]},"publish":{"success":true,"requested":3,"processed":0,"failed":0,"results":[]}}
2026-09-03 15:01:51 [INFO] Requesting: http://localhost:3000/api/cron/sync-news?secret=test_secret
2026-09-03 15:03:16 [SUCCESS] {"success":true,"collection":{"success":true,"sourcesProcessed":6,"itemsFetched":1150,"newItems":0,"duplicates":390,"errors":0},"analysis":{"requested":10,"processed":0,"failed":10},"generation":{"requested":5,"processed":0,"failed":5},"qualityCheck":{"success":true,"requested":5,"processed":0,"approved":0,"rejected":0,"failed":0,"results":[]},"publish":{"success":true,"requested":3,"processed":0,"failed":0,"results":[]}}
2026-09-03 15:11:50 [INFO] Requesting: http://localhost:3000/api/cron/sync-news?secret=test_secret
2026-09-03 15:13:09 [SUCCESS] {"success":true,"collection":{"success":true,"sourcesProcessed":6,"itemsFetched":1150,"newItems":0,"duplicates":390,"errors":0},"analysis":{"requested":10,"processed":0,"failed":10},"generation":{"requested":5,"processed":0,"failed":5},"qualityCheck":{"success":true,"requested":5,"processed":0,"approved":0,"rejected":0,"failed":0,"results":[]},"publish":{"success":true,"requested":3,"processed":0,"failed":0,"results":[]}}
2026-09-03 15:21:50 [INFO] Requesting: http://localhost:3000/api/cron/sync-news?secret=test_secret
2026-09-03 15:23:12 [SUCCESS] {"success":true,"collection":{"success":true,"sourcesProcessed":6,"itemsFetched":1150,"newItems":0,"duplicates":389,"errors":0},"analysis":{"requested":10,"processed":0,"failed":10},"generation":{"requested":5,"processed":0,"failed":5},"qualityCheck":{"success":true,"requested":5,"processed":0,"approved":0,"rejected":0,"failed":0,"results":[]},"publish":{"success":true,"requested":3,"processed":0,"failed":0,"results":[]}}
2026-09-03 15:31:50 [INFO] Requesting: http://localhost:3000/api/cron/sync-news?secret=test_secret
2026-09-03 15:33:14 [SUCCESS] {"success":true,"collection":{"success":true,"sourcesProcessed":6,"itemsFetched":1150,"newItems":0,"duplicates":388,"errors":0},"analysis":{"requested":10,"processed":0,"failed":10},"generation":{"requested":5,"processed":0,"failed":5},"qualityCheck":{"success":true,"requested":5,"processed":0,"approved":0,"rejected":0,"failed":0,"results":[]},"publish":{"success":true,"requested":3,"processed":0,"failed":0,"results":[]}}
2026-09-03 15:41:51 [INFO] Requesting: http://localhost:3000/api/cron/sync-news?secret=test_secret
2026-09-03 15:43:13 [SUCCESS] {"success":true,"collection":{"success":true,"sourcesProcessed":6,"itemsFetched":1150,"newItems":4,"duplicates":387,"errors":0},"analysis":{"requested":10,"processed":0,"failed":10},"generation":{"requested":5,"processed":0,"failed":5},"qualityCheck":{"success":true,"requested":5,"processed":0,"approved":0,"rejected":0,"failed":0,"results":[]},"publish":{"success":true,"requested":3,"processed":0,"failed":0,"results":[]}}
2026-09-03 15:51:51 [INFO] Requesting: http://localhost:3000/api/cron/sync-news?secret=test_secret
2026-09-03 15:53:09 [SUCCESS] {"success":true,"collection":{"success":true,"sourcesProcessed":6,"itemsFetched":1150,"newItems":7,"duplicates":389,"errors":0},"analysis":{"requested":10,"processed":0,"failed":10},"generation":{"requested":5,"processed":0,"failed":5},"qualityCheck":{"success":true,"requested":5,"processed":0,"approved":0,"rejected":0,"failed":0,"results":[]},"publish":{"success":true,"requested":3,"processed":0,"failed":0,"results":[]}}
2026-09-03 16:01:50 [INFO] Requesting: http://localhost:3000/api/cron/sync-news?secret=test_secret
2026-09-03 16:03:10 [SUCCESS] {"success":true,"collection":{"success":true,"sourcesProcessed":6,"itemsFetched":1150,"newItems":3,"duplicates":397,"errors":0},"analysis":{"requested":10,"processed":0,"failed":10},"generation":{"requested":5,"processed":0,"failed":5},"qualityCheck":{"success":true,"requested":5,"processed":0,"approved":0,"rejected":0,"failed":0,"results":[]},"publish":{"success":true,"requested":3,"processed":0,"failed":0,"results":[]}}
2026-09-03 16:11:50 [INFO] Requesting: http://localhost:3000/api/cron/sync-news?secret=test_secret
2026-09-03 16:13:07 [SUCCESS] {"success":true,"collection":{"success":true,"sourcesProcessed":6,"itemsFetched":1151,"newItems":2,"duplicates":400,"errors":0},"analysis":{"requested":10,"processed":0,"failed":10},"generation":{"requested":5,"processed":0,"failed":5},"qualityCheck":{"success":true,"requested":5,"processed":0,"approved":0,"rejected":0,"failed":0,"results":[]},"publish":{"success":true,"requested":3,"processed":0,"failed":0,"results":[]}}
2026-09-03 16:21:50 [INFO] Requesting: http://localhost:3000/api/cron/sync-news?secret=test_secret
2026-09-03 16:23:14 [SUCCESS] {"success":true,"collection":{"success":true,"sourcesProcessed":6,"itemsFetched":1151,"newItems":0,"duplicates":402,"errors":0},"analysis":{"requested":10,"processed":0,"failed":10},"generation":{"requested":5,"processed":0,"failed":5},"qualityCheck":{"success":true,"requested":5,"processed":0,"approved":0,"rejected":0,"failed":0,"results":[]},"publish":{"success":true,"requested":3,"processed":0,"failed":0,"results":[]}}
2026-09-03 16:31:51 [INFO] Requesting: http://localhost:3000/api/cron/sync-news?secret=test_secret
2026-09-03 16:33:12 [SUCCESS] {"success":true,"collection":{"success":true,"sourcesProcessed":6,"itemsFetched":1151,"newItems":2,"duplicates":402,"errors":0},"analysis":{"requested":10,"processed":0,"failed":10},"generation":{"requested":5,"processed":0,"failed":5},"qualityCheck":{"success":true,"requested":5,"processed":0,"approved":0,"rejected":0,"failed":0,"results":[]},"publish":{"success":true,"requested":3,"processed":0,"failed":0,"results":[]}}
2026-09-03 16:41:50 [INFO] Requesting: http://localhost:3000/api/cron/sync-news?secret=test_secret
2026-09-03 16:43:14 [SUCCESS] {"success":true,"collection":{"success":true,"sourcesProcessed":6,"itemsFetched":1151,"newItems":0,"duplicates":403,"errors":0},"analysis":{"requested":10,"processed":0,"failed":10},"generation":{"requested":5,"processed":0,"failed":5},"qualityCheck":{"success":true,"requested":5,"processed":0,"approved":0,"rejected":0,"failed":0,"results":[]},"publish":{"success":true,"requested":3,"processed":0,"failed":0,"results":[]}}
2026-09-03 16:51:50 [INFO] Requesting: http://localhost:3000/api/cron/sync-news?secret=test_secret
2026-09-03 16:53:15 [SUCCESS] {"success":true,"collection":{"success":true,"sourcesProcessed":6,"itemsFetched":1151,"newItems":1,"duplicates":402,"errors":0},"analysis":{"requested":10,"processed":0,"failed":10},"generation":{"requested":5,"processed":0,"failed":5},"qualityCheck":{"success":true,"requested":5,"processed":0,"approved":0,"rejected":0,"failed":0,"results":[]},"publish":{"success":true,"requested":3,"processed":0,"failed":0,"results":[]}}
2026-09-03 17:01:50 [INFO] Requesting: http://localhost:3000/api/cron/sync-news?secret=test_secret
2026-09-03 17:03:10 [SUCCESS] {"success":true,"collection":{"success":true,"sourcesProcessed":6,"itemsFetched":1151,"newItems":0,"duplicates":403,"errors":0},"analysis":{"requested":10,"processed":0,"failed":10},"generation":{"requested":5,"processed":0,"failed":5},"qualityCheck":{"success":true,"requested":5,"processed":0,"approved":0,"rejected":0,"failed":0,"results":[]},"publish":{"success":true,"requested":3,"processed":0,"failed":0,"results":[]}}
2026-09-03 17:11:50 [INFO] Requesting: http://localhost:3000/api/cron/sync-news?secret=test_secret
2026-09-03 17:13:14 [SUCCESS] {"success":true,"collection":{"success":true,"sourcesProcessed":6,"itemsFetched":1151,"newItems":3,"duplicates":403,"errors":0},"analysis":{"requested":10,"processed":0,"failed":10},"generation":{"requested":5,"processed":0,"failed":5},"qualityCheck":{"success":true,"requested":5,"processed":0,"approved":0,"rejected":0,"failed":0,"results":[]},"publish":{"success":true,"requested":3,"processed":0,"failed":0,"results":[]}}
2026-09-03 17:21:50 [INFO] Requesting: http://localhost:3000/api/cron/sync-news?secret=test_secret
2026-09-03 17:23:13 [SUCCESS] {"success":true,"collection":{"success":true,"sourcesProcessed":6,"itemsFetched":1151,"newItems":3,"duplicates":405,"errors":0},"analysis":{"requested":10,"processed":0,"failed":10},"generation":{"requested":5,"processed":0,"failed":5},"qualityCheck":{"success":true,"requested":5,"processed":0,"approved":0,"rejected":0,"failed":0,"results":[]},"publish":{"success":true,"requested":3,"processed":0,"failed":0,"results":[]}}
2026-09-03 17:31:51 [INFO] Requesting: http://localhost:3000/api/cron/sync-news?secret=test_secret
2026-09-03 17:33:13 [SUCCESS] {"success":true,"collection":{"success":true,"sourcesProcessed":6,"itemsFetched":1151,"newItems":2,"duplicates":408,"errors":0},"analysis":{"requested":10,"processed":0,"failed":10},"generation":{"requested":5,"processed":0,"failed":5},"qualityCheck":{"success":true,"requested":5,"processed":0,"approved":0,"rejected":0,"failed":0,"results":[]},"publish":{"success":true,"requested":3,"processed":0,"failed":0,"results":[]}}
2026-09-03 17:41:50 [INFO] Requesting: http://localhost:3000/api/cron/sync-news?secret=test_secret
2026-09-03 17:43:14 [SUCCESS] {"success":true,"collection":{"success":true,"sourcesProcessed":6,"itemsFetched":1151,"newItems":1,"duplicates":406,"errors":0},"analysis":{"requested":10,"processed":0,"failed":10},"generation":{"requested":5,"processed":0,"failed":5},"qualityCheck":{"success":true,"requested":5,"processed":0,"approved":0,"rejected":0,"failed":0,"results":[]},"publish":{"success":true,"requested":3,"processed":0,"failed":0,"results":[]}}
2026-09-04 08:58:52 [INFO] Requesting: http://localhost:3000/api/cron/sync-news?secret=test_secret
2026-09-04 08:58:56 [ERROR] Uzak sunucuya baðlanýlamýyor
2026-09-04 09:01:51 [INFO] Requesting: http://localhost:3000/api/cron/sync-news?secret=test_secret
2026-09-04 09:01:55 [ERROR] Uzak sunucuya baðlanýlamýyor
2026-09-04 09:11:52 [INFO] Requesting: http://localhost:3000/api/cron/sync-news?secret=test_secret
2026-09-04 09:11:56 [ERROR] Uzak sunucuya baðlanýlamýyor
2026-09-04 09:21:52 [INFO] Requesting: http://localhost:3000/api/cron/sync-news?secret=test_secret
2026-09-04 09:21:56 [ERROR] Uzak sunucuya baðlanýlamýyor
2026-09-04 09:31:51 [INFO] Requesting: http://localhost:3000/api/cron/sync-news?secret=test_secret
2026-09-04 09:31:55 [ERROR] Uzak sunucuya baðlanýlamýyor
2026-09-04 09:41:51 [INFO] Requesting: http://localhost:3000/api/cron/sync-news?secret=test_secret
2026-09-04 09:41:55 [ERROR] Uzak sunucuya baðlanýlamýyor
2026-09-04 09:51:51 [INFO] Requesting: http://localhost:3000/api/cron/sync-news?secret=test_secret
2026-09-04 09:51:55 [ERROR] Uzak sunucuya baðlanýlamýyor
2026-09-04 10:01:51 [INFO] Requesting: http://localhost:3000/api/cron/sync-news?secret=test_secret
2026-09-04 10:01:55 [ERROR] Uzak sunucuya baðlanýlamýyor
2026-09-04 10:11:51 [INFO] Requesting: http://localhost:3000/api/cron/sync-news?secret=test_secret
2026-09-04 10:16:48 [SUCCESS] {"success":true,"collection":{"success":true,"sourcesProcessed":6,"itemsFetched":1150,"newItems":1,"duplicates":413,"errors":0},"analysis":{"requested":10,"processed":7,"failed":3},"generation":{"requested":5,"processed":0,"failed":5},"qualityCheck":{"success":true,"requested":5,"processed":0,"approved":0,"rejected":0,"failed":0,"results":[]},"publish":{"success":true,"requested":3,"processed":0,"failed":0,"results":[]}}
2026-09-04 10:21:51 [INFO] Requesting: http://localhost:3000/api/cron/sync-news?secret=test_secret
2026-09-04 10:21:51 [ERROR] Uzak sunucu hata döndürdü: (500) Ýç Sunucu Hatasý.
2026-09-04 10:31:51 [INFO] Requesting: http://localhost:3000/api/cron/sync-news?secret=test_secret
2026-09-04 10:33:46 [SUCCESS] {"success":true,"collection":{"success":true,"sourcesProcessed":6,"itemsFetched":1150,"newItems":2,"duplicates":409,"errors":0},"analysis":{"requested":10,"processed":0,"failed":10},"generation":{"requested":5,"processed":0,"failed":5},"qualityCheck":{"success":true,"requested":5,"processed":0,"approved":0,"rejected":0,"failed":0,"results":[]},"publish":{"success":true,"requested":3,"processed":0,"failed":0,"results":[]}}
2026-09-04 10:41:51 [INFO] Requesting: http://localhost:3000/api/cron/sync-news?secret=test_secret
2026-09-04 10:44:09 [SUCCESS] {"success":true,"collection":{"success":true,"sourcesProcessed":6,"itemsFetched":1150,"newItems":1,"duplicates":409,"errors":0},"analysis":{"requested":10,"processed":0,"failed":10},"generation":{"requested":5,"processed":0,"failed":5},"qualityCheck":{"success":true,"requested":5,"processed":0,"approved":0,"rejected":0,"failed":0,"results":[]},"publish":{"success":true,"requested":3,"processed":0,"failed":0,"results":[]}}
2026-09-04 10:51:51 [INFO] Requesting: http://localhost:3000/api/cron/sync-news?secret=test_secret
2026-09-04 10:53:12 [SUCCESS] {"success":true,"collection":{"success":true,"sourcesProcessed":6,"itemsFetched":1150,"newItems":2,"duplicates":408,"errors":0},"analysis":{"requested":10,"processed":0,"failed":10},"generation":{"requested":5,"processed":0,"failed":5},"qualityCheck":{"success":true,"requested":5,"processed":0,"approved":0,"rejected":0,"failed":0,"results":[]},"publish":{"success":true,"requested":3,"processed":0,"failed":0,"results":[]}}
2026-09-04 11:01:51 [INFO] Requesting: http://localhost:3000/api/cron/sync-news?secret=test_secret
2026-09-04 11:03:15 [SUCCESS] {"success":true,"collection":{"success":true,"sourcesProcessed":6,"itemsFetched":1150,"newItems":2,"duplicates":409,"errors":0},"analysis":{"requested":10,"processed":0,"failed":10},"generation":{"requested":5,"processed":0,"failed":5},"qualityCheck":{"success":true,"requested":5,"processed":0,"approved":0,"rejected":0,"failed":0,"results":[]},"publish":{"success":true,"requested":3,"processed":0,"failed":0,"results":[]}}
2026-09-04 11:11:51 [INFO] Requesting: http://localhost:3000/api/cron/sync-news?secret=test_secret
2026-09-04 11:13:10 [SUCCESS] {"success":true,"collection":{"success":true,"sourcesProcessed":6,"itemsFetched":1150,"newItems":5,"duplicates":407,"errors":0},"analysis":{"requested":10,"processed":0,"failed":10},"generation":{"requested":5,"processed":0,"failed":5},"qualityCheck":{"success":true,"requested":5,"processed":0,"approved":0,"rejected":0,"failed":0,"results":[]},"publish":{"success":true,"requested":3,"processed":0,"failed":0,"results":[]}}
2026-09-04 11:21:51 [INFO] Requesting: http://localhost:3000/api/cron/sync-news?secret=test_secret
2026-09-04 11:23:05 [SUCCESS] {"success":true,"collection":{"success":true,"sourcesProcessed":6,"itemsFetched":1150,"newItems":2,"duplicates":410,"errors":0},"analysis":{"requested":10,"processed":0,"failed":10},"generation":{"requested":5,"processed":0,"failed":5},"qualityCheck":{"success":true,"requested":5,"processed":0,"approved":0,"rejected":0,"failed":0,"results":[]},"publish":{"success":true,"requested":3,"processed":0,"failed":0,"results":[]}}
2026-09-04 11:31:51 [INFO] Requesting: http://localhost:3000/api/cron/sync-news?secret=test_secret
2026-09-04 11:31:51 [ERROR] Uzak sunucu hata döndürdü: (500) Ýç Sunucu Hatasý.
2026-09-04 11:41:51 [INFO] Requesting: http://localhost:3000/api/cron/sync-news?secret=test_secret
2026-09-04 11:43:22 [SUCCESS] {"success":true,"collection":{"success":true,"sourcesProcessed":6,"itemsFetched":1150,"newItems":3,"duplicates":408,"errors":0},"analysis":{"requested":10,"processed":0,"failed":10},"generation":{"requested":5,"processed":0,"failed":5},"qualityCheck":{"success":true,"requested":5,"processed":0,"approved":0,"rejected":0,"failed":0,"results":[]},"publish":{"success":true,"requested":3,"processed":0,"failed":0,"results":[]}}
2026-09-04 11:51:51 [INFO] Requesting: http://localhost:3000/api/cron/sync-news?secret=test_secret
2026-09-04 11:53:24 [SUCCESS] {"success":true,"collection":{"success":true,"sourcesProcessed":6,"itemsFetched":1150,"newItems":3,"duplicates":408,"errors":0},"analysis":{"requested":10,"processed":0,"failed":10},"generation":{"requested":5,"processed":0,"failed":5},"qualityCheck":{"success":true,"requested":5,"processed":0,"approved":0,"rejected":0,"failed":0,"results":[]},"publish":{"success":true,"requested":3,"processed":0,"failed":0,"results":[]}}
2026-09-04 12:01:51 [INFO] Requesting: http://localhost:3000/api/cron/sync-news?secret=test_secret
2026-09-04 12:04:03 [SUCCESS] {"success":true,"collection":{"success":true,"sourcesProcessed":6,"itemsFetched":1150,"newItems":2,"duplicates":408,"errors":0},"analysis":{"requested":10,"processed":0,"failed":10},"generation":{"requested":5,"processed":0,"failed":5},"qualityCheck":{"success":true,"requested":5,"processed":0,"approved":0,"rejected":0,"failed":0,"results":[]},"publish":{"success":true,"requested":3,"processed":0,"failed":0,"results":[]}}
2026-09-04 12:11:51 [INFO] Requesting: http://localhost:3000/api/cron/sync-news?secret=test_secret
2026-09-04 12:11:59 [SUCCESS] {"success":true,"collection":{"success":true,"sourcesProcessed":6,"itemsFetched":1150,"newItems":4,"duplicates":408,"errors":0},"analysis":{"requested":10,"processed":0,"failed":10},"generation":{"requested":5,"processed":0,"failed":5},"qualityCheck":{"success":true,"requested":5,"processed":0,"approved":0,"rejected":0,"failed":0,"results":[]},"publish":{"success":true,"requested":3,"processed":0,"failed":0,"results":[]}}
2026-09-04 12:21:51 [INFO] Requesting: http://localhost:3000/api/cron/sync-news?secret=test_secret
2026-09-04 12:23:46 [SUCCESS] {"success":true,"collection":{"success":true,"sourcesProcessed":6,"itemsFetched":150,"newItems":2,"duplicates":51,"errors":1},"analysis":{"requested":10,"processed":0,"failed":10},"generation":{"requested":5,"processed":0,"failed":5},"qualityCheck":{"success":true,"requested":5,"processed":0,"approved":0,"rejected":0,"failed":0,"results":[]},"publish":{"success":true,"requested":3,"processed":0,"failed":0,"results":[]}}
2026-09-04 12:31:51 [INFO] Requesting: http://localhost:3000/api/cron/sync-news?secret=test_secret
2026-09-04 12:37:43 [SUCCESS] {"success":true,"collection":{"success":true,"sourcesProcessed":6,"itemsFetched":1150,"newItems":2,"duplicates":413,"errors":0},"analysis":{"requested":10,"processed":10,"failed":0},"generation":{"requested":5,"processed":5,"failed":0},"qualityCheck":{"success":true,"requested":5,"processed":5,"approved":4,"rejected":1,"failed":0,"results":[{"contentId":"cmtmreg2j004yjlzrwgxum60p","status":"REJECTED","score":40},{"contentId":"cmtmre64w004wjlzroo4s4kti","status":"READY_TO_PUBLISH","score":95},{"contentId":"cmtmrdln3004ujlzrte92zr45","status":"READY_TO_PUBLISH","score":95},{"contentId":"cmtmrdkhn004sjlzri8dylyxw","status":"READY_TO_PUBLISH","score":95},{"contentId":"cmtmrdhjq004qjlzr07quj327","status":"READY_TO_PUBLISH","score":95}]},"publish":{"success":true,"requested":3,"processed":0,"failed":3,"results":[{"contentId":"cmtmre64w004wjlzroo4s4kti","error":"Facebook API Error: Error validating access token: Session has expired on Thursday, 03-Sep-26 04:00:00 PDT. The current time is Friday, 04-Sep-26 02:37:44 PDT."},{"contentId":"cmtmrdln3004ujlzrte92zr45","error":"Facebook API Error: Error validating access token: Session has expired on Thursday, 03-Sep-26 04:00:00 PDT. The current time is Friday, 04-Sep-26 02:37:44 PDT."},{"contentId":"cmtmrdkhn004sjlzri8dylyxw","error":"Facebook API Error: Error validating access token: Session has expired on Thursday, 03-Sep-26 04:00:00 PDT. The current time is Friday, 04-Sep-26 02:37:44 PDT."}]}}
2026-09-04 12:41:51 [INFO] Requesting: http://localhost:3000/api/cron/sync-news?secret=test_secret
2026-09-04 12:46:37 [SUCCESS] {"success":true,"collection":{"success":true,"sourcesProcessed":6,"itemsFetched":150,"newItems":3,"duplicates":54,"errors":1},"analysis":{"requested":10,"processed":10,"failed":0},"generation":{"requested":5,"processed":5,"failed":0},"qualityCheck":{"success":true,"requested":5,"processed":5,"approved":5,"rejected":0,"failed":0,"results":[{"contentId":"cmtmrpu89005jjlzrfyfls43z","status":"READY_TO_PUBLISH","score":95},{"contentId":"cmtmrpoom005hjlzr13agf2d0","status":"READY_TO_PUBLISH","score":95},{"contentId":"cmtmrpf57005fjlzrbluvtwcb","status":"READY_TO_PUBLISH","score":95},{"contentId":"cmtmrpdtz005djlzr4v4re50l","status":"READY_TO_PUBLISH","score":95},{"contentId":"cmtmrpbf0005bjlzrnfxk20bz","status":"READY_TO_PUBLISH","score":95}]},"publish":{"success":true,"requested":3,"processed":0,"failed":3,"results":[{"contentId":"cmtmrpu89005jjlzrfyfls43z","error":"Facebook API Error: Error validating access token: Session has expired on Thursday, 03-Sep-26 04:00:00 PDT. The current time is Friday, 04-Sep-26 02:46:38 PDT."},{"contentId":"cmtmrpoom005hjlzr13agf2d0","error":"Facebook API Error: Error validating access token: Session has expired on Thursday, 03-Sep-26 04:00:00 PDT. The current time is Friday, 04-Sep-26 02:46:38 PDT."},{"contentId":"cmtmrpf57005fjlzrbluvtwcb","error":"Facebook API Error: Error validating access token: Session has expired on Thursday, 03-Sep-26 04:00:00 PDT. The current time is Friday, 04-Sep-26 02:46:38 PDT."}]}}
2026-09-04 12:51:51 [INFO] Requesting: http://localhost:3000/api/cron/sync-news?secret=test_secret
2026-09-04 13:02:01 [SUCCESS] {"success":true,"collection":{"success":true,"sourcesProcessed":7,"itemsFetched":1150,"newItems":1,"duplicates":412,"errors":1},"analysis":{"requested":10,"processed":9,"failed":1},"generation":{"requested":5,"processed":5,"failed":0},"qualityCheck":{"success":true,"requested":5,"processed":5,"approved":5,"rejected":0,"failed":0,"results":[{"contentId":"cmtms89kn005xjlzriap5diwh","status":"READY_TO_PUBLISH","score":95},{"contentId":"cmtms7vkm005vjlzrvxctar2a","status":"READY_TO_PUBLISH","score":95},{"contentId":"cmtms7o2b005tjlzr3khj67j4","status":"READY_TO_PUBLISH","score":95},{"contentId":"cmtms6yrc005rjlzrnp7z4gyk","status":"READY_TO_PUBLISH","score":95},{"contentId":"cmtms67hw005pjlzre3g4w4yh","status":"READY_TO_PUBLISH","score":95}]},"publish":{"success":true,"requested":3,"processed":0,"failed":3,"results":[{"contentId":"cmtms8fh4005zjlzrqo89uuzk","error":"Facebook API Error: Error validating access token: Session has expired on Thursday, 03-Sep-26 04:00:00 PDT. The current time is Friday, 04-Sep-26 03:02:01 PDT."},{"contentId":"cmtms89kn005xjlzriap5diwh","error":"Facebook API Error: Error validating access token: Session has expired on Thursday, 03-Sep-26 04:00:00 PDT. The current time is Friday, 04-Sep-26 03:02:02 PDT."},{"contentId":"cmtms7vkm005vjlzrvxctar2a","error":"Facebook API Error: Error validating access token: Session has expired on Thursday, 03-Sep-26 04:00:00 PDT. The current time is Friday, 04-Sep-26 03:02:02 PDT."}]}}
2026-09-04 13:11:51 [INFO] Requesting: http://localhost:3000/api/cron/sync-news?secret=test_secret
2026-09-04 13:13:03 [ERROR] Uzak sunucuya baðlanýlamýyor
2026-09-04 13:21:51 [INFO] Requesting: http://localhost:3000/api/cron/sync-news?secret=test_secret
2026-09-04 13:26:11 [SUCCESS] {"success":true,"collection":{"success":true,"sourcesProcessed":7,"itemsFetched":1150,"newItems":4,"duplicates":406,"errors":1},"analysis":{"requested":10,"processed":9,"failed":1},"generation":{"requested":5,"processed":5,"failed":0},"qualityCheck":{"success":true,"requested":5,"processed":5,"approved":4,"rejected":1,"failed":0,"results":[{"contentId":"cmtmt60er000jkivcvzof8t1x","status":"REJECTED","score":25},{"contentId":"cmtmt5yvv000hkivcjovx0jcf","status":"READY_TO_PUBLISH","score":90},{"contentId":"cmtmt5lei000fkivcg9y2782l","status":"READY_TO_PUBLISH","score":95},{"contentId":"cmtmt5fwd000dkivc46gnc8u5","status":"READY_TO_PUBLISH","score":95},{"contentId":"cmtmt5ejr000bkivco8liba0d","status":"READY_TO_PUBLISH","score":95}]},"publish":{"success":true,"requested":3,"processed":0,"failed":3,"results":[{"contentId":"cmtmt5yvv000hkivcjovx0jcf","error":"Facebook API Error: (#200) Subject does not have permission to post photos on this page"},{"contentId":"cmtmt5lei000fkivcg9y2782l","error":"Facebook API Error: (#200) Subject does not have permission to post photos on this page"},{"contentId":"cmtmt5fwd000dkivc46gnc8u5","error":"Facebook API Error: (#200) Subject does not have permission to post photos on this page"}]}}
2026-09-04 13:31:51 [INFO] Requesting: http://localhost:3000/api/cron/sync-news?secret=test_secret
2026-09-04 13:40:06 [SUCCESS] {"success":true,"collection":{"success":true,"sourcesProcessed":7,"itemsFetched":1150,"newItems":1,"duplicates":410,"errors":1},"analysis":{"requested":10,"processed":9,"failed":1},"generation":{"requested":5,"processed":5,"failed":0},"qualityCheck":{"success":true,"requested":5,"processed":5,"approved":4,"rejected":1,"failed":0,"results":[{"contentId":"cmtmtna6c000bvdxbgkaigen1","status":"READY_TO_PUBLISH","score":95},{"contentId":"cmtmtn8sb0009vdxbg0i67hcs","status":"READY_TO_PUBLISH","score":95},{"contentId":"cmtmtlp4q0007vdxb8moxien5","status":"REJECTED","score":75},{"contentId":"cmtmtlnsu0005vdxbmq0gc63i","status":"READY_TO_PUBLISH","score":95},{"contentId":"cmtmtjnih0003vdxby0btiwof","status":"READY_TO_PUBLISH","score":95}]},"publish":{"success":true,"requested":3,"processed":3,"failed":0,"results":[{"contentId":"cmtmtna6c000bvdxbgkaigen1","status":"PUBLISHED","facebookPostId":"1775429690657051","mockMode":false},{"contentId":"cmtmtn8sb0009vdxbg0i67hcs","status":"PUBLISHED","facebookPostId":"1775429830657037","mockMode":false},{"contentId":"cmtmtlnsu0005vdxbmq0gc63i","status":"PUBLISHED","facebookPostId":"1775430017323685","mockMode":false}]}}
2026-09-04 13:41:51 [INFO] Requesting: http://localhost:3000/api/cron/sync-news?secret=test_secret
2026-09-04 13:48:24 [SUCCESS] {"success":true,"collection":{"success":true,"sourcesProcessed":7,"itemsFetched":1150,"newItems":1,"duplicates":411,"errors":1},"analysis":{"requested":10,"processed":8,"failed":2},"generation":{"requested":5,"processed":5,"failed":0},"qualityCheck":{"success":true,"requested":5,"processed":4,"approved":4,"rejected":0,"failed":0,"results":[{"contentId":"cmtmtxl9y000nvdxbha8krspq","status":"READY_TO_PUBLISH","score":95},{"contentId":"cmtmtxk2f000lvdxbjfpzxf1w","status":"READY_TO_PUBLISH","score":95},{"contentId":"cmtmtxfea000jvdxbjq4dhyj1","status":"READY_TO_PUBLISH","score":95},{"contentId":"cmtmtvdpe000fvdxbix1sm62u","status":"READY_TO_PUBLISH","score":95}]},"publish":{"success":true,"requested":3,"processed":3,"failed":0,"results":[{"contentId":"cmtmtxl9y000nvdxbha8krspq","status":"PUBLISHED","facebookPostId":"1775435323989821","mockMode":false},{"contentId":"cmtmtxk2f000lvdxbjfpzxf1w","status":"PUBLISHED","facebookPostId":"1775435443989809","mockMode":false},{"contentId":"cmtmtxfea000jvdxbjq4dhyj1","status":"PUBLISHED","facebookPostId":"1775435550656465","mockMode":false}]}}
2026-09-04 13:51:51 [INFO] Requesting: http://localhost:3000/api/cron/sync-news?secret=test_secret
2026-09-04 13:58:30 [SUCCESS] {"success":true,"collection":{"success":true,"sourcesProcessed":7,"itemsFetched":1150,"newItems":1,"duplicates":410,"errors":1},"analysis":{"requested":10,"processed":10,"failed":0},"generation":{"requested":5,"processed":5,"failed":0},"qualityCheck":{"success":true,"requested":5,"processed":5,"approved":4,"rejected":1,"failed":0,"results":[{"contentId":"cmtmua0h30019vdxbp6xwltvj","status":"READY_TO_PUBLISH","score":95},{"contentId":"cmtmu9jax0017vdxbdqeisyyj","status":"REJECTED","score":40},{"contentId":"cmtmu928a0015vdxbajcpi6pt","status":"READY_TO_PUBLISH","score":95},{"contentId":"cmtmu8se70013vdxb47jfwnza","status":"READY_TO_PUBLISH","score":100},{"contentId":"cmtmu85hn0011vdxbaeg58g8o","status":"READY_TO_PUBLISH","score":95}]},"publish":{"success":true,"requested":3,"processed":3,"failed":0,"results":[{"contentId":"cmtmua0h30019vdxbp6xwltvj","status":"PUBLISHED","facebookPostId":"1775443033989050","mockMode":false},{"contentId":"cmtmtvdpe000fvdxbix1sm62u","status":"PUBLISHED","facebookPostId":"1775443170655703","mockMode":false},{"contentId":"cmtmtjnih0003vdxby0btiwof","status":"PUBLISHED","facebookPostId":"1775443273989026","mockMode":false}]}}
2026-09-04 14:01:51 [INFO] Requesting: http://localhost:3000/api/cron/sync-news?secret=test_secret
2026-09-04 14:07:14 [SUCCESS] {"success":true,"collection":{"success":true,"sourcesProcessed":7,"itemsFetched":1151,"newItems":1,"duplicates":410,"errors":1},"analysis":{"requested":10,"processed":10,"failed":0},"generation":{"requested":5,"processed":5,"failed":0},"qualityCheck":{"success":true,"requested":5,"processed":5,"approved":4,"rejected":1,"failed":0,"results":[{"contentId":"cmtmumneg001lvdxb8y51p8j8","status":"READY_TO_PUBLISH","score":95},{"contentId":"cmtmulpvj001jvdxbi648xoji","status":"REJECTED","score":70},{"contentId":"cmtmule9n001hvdxbehdg8vg7","status":"READY_TO_PUBLISH","score":95},{"contentId":"cmtmukzwv001fvdxbyxultv6o","status":"READY_TO_PUBLISH","score":95},{"contentId":"cmtmuk9mn001dvdxbg9oaf2sx","status":"READY_TO_PUBLISH","score":95}]},"publish":{"success":true,"requested":3,"processed":3,"failed":0,"results":[{"contentId":"cmtmumneg001lvdxb8y51p8j8","status":"PUBLISHED","facebookPostId":"1775449210655099","mockMode":false},{"contentId":"cmtmule9n001hvdxbehdg8vg7","status":"PUBLISHED","facebookPostId":"1775449327321754","mockMode":false},{"contentId":"cmtmukzwv001fvdxbyxultv6o","status":"PUBLISHED","facebookPostId":"1775449430655077","mockMode":false}]}}
2026-09-04 14:11:51 [INFO] Requesting: http://localhost:3000/api/cron/sync-news?secret=test_secret
2026-09-04 14:20:05 [SUCCESS] {"success":true,"collection":{"success":true,"sourcesProcessed":7,"itemsFetched":1151,"newItems":5,"duplicates":410,"errors":1},"analysis":{"requested":10,"processed":10,"failed":0},"generation":{"requested":5,"processed":5,"failed":0},"qualityCheck":{"success":true,"requested":5,"processed":5,"approved":4,"rejected":1,"failed":0,"results":[{"contentId":"cmtmv2hyx0025vdxblxfb2l3h","status":"READY_TO_PUBLISH","score":95},{"contentId":"cmtmv1ofj0023vdxbv7mzk537","status":"READY_TO_PUBLISH","score":95},{"contentId":"cmtmv0rio0021vdxbfvtbfoxp","status":"REJECTED","score":75},{"contentId":"cmtmv0iu9001zvdxbznzxvgui","status":"READY_TO_PUBLISH","score":95},{"contentId":"cmtmv00t6001xvdxbe59c6mny","status":"READY_TO_PUBLISH","score":95}]},"publish":{"success":true,"requested":3,"processed":3,"failed":0,"results":[{"contentId":"cmtmv2hyx0025vdxblxfb2l3h","status":"PUBLISHED","facebookPostId":"1775457647320922","mockMode":false},{"contentId":"cmtmv1ofj0023vdxbv7mzk537","status":"PUBLISHED","facebookPostId":"1775457750654245","mockMode":false},{"contentId":"cmtmv0iu9001zvdxbznzxvgui","status":"PUBLISHED","facebookPostId":"1775457960654224","mockMode":false}]}}
2026-09-04 14:21:51 [INFO] Requesting: http://localhost:3000/api/cron/sync-news?secret=test_secret
2026-09-04 14:25:07 [SUCCESS] {"success":true,"collection":{"success":true,"sourcesProcessed":7,"itemsFetched":1151,"newItems":2,"duplicates":412,"errors":1},"analysis":{"requested":10,"processed":10,"failed":0},"generation":{"requested":5,"processed":5,"failed":0},"qualityCheck":{"success":true,"requested":5,"processed":5,"approved":4,"rejected":1,"failed":0,"results":[{"contentId":"cmtmv8shc002jvdxbetunnzll","status":"READY_TO_PUBLISH","score":95},{"contentId":"cmtmv8jl2002hvdxbqjv7ftvz","status":"READY_TO_PUBLISH","score":95},{"contentId":"cmtmv8hz6002fvdxbt3uc3l1h","status":"READY_TO_PUBLISH","score":95},{"contentId":"cmtmv8b81002dvdxbjn997khr","status":"READY_TO_PUBLISH","score":95},{"contentId":"cmtmv84ov002bvdxbl8eokcws","status":"REJECTED","score":40}]},"publish":{"success":true,"requested":3,"processed":3,"failed":0,"results":[{"contentId":"cmtmv8shc002jvdxbetunnzll","status":"PUBLISHED","facebookPostId":"1775462123987141","mockMode":false},{"contentId":"cmtmv8jl2002hvdxbqjv7ftvz","status":"PUBLISHED","facebookPostId":"1775462230653797","mockMode":false},{"contentId":"cmtmv8hz6002fvdxbt3uc3l1h","status":"PUBLISHED","facebookPostId":"1775462323987121","mockMode":false}]}}
2026-09-04 14:31:51 [INFO] Requesting: http://localhost:3000/api/cron/sync-news?secret=test_secret
2026-09-04 14:37:12 [SUCCESS] {"success":true,"collection":{"success":true,"sourcesProcessed":7,"itemsFetched":1151,"newItems":3,"duplicates":412,"errors":1},"analysis":{"requested":10,"processed":10,"failed":0},"generation":{"requested":5,"processed":5,"failed":0},"qualityCheck":{"success":true,"requested":5,"processed":5,"approved":5,"rejected":0,"failed":0,"results":[{"contentId":"cmtmvoe8j002zvdxbmteacpzg","status":"READY_TO_PUBLISH","score":95},{"contentId":"cmtmvo559002xvdxb2t3qg1yi","status":"READY_TO_PUBLISH","score":95},{"contentId":"cmtmvniuq002vvdxb4pvcyiyp","status":"READY_TO_PUBLISH","score":95},{"contentId":"cmtmvngu7002tvdxbnjn1wsw4","status":"READY_TO_PUBLISH","score":95},{"contentId":"cmtmvmiho002rvdxbmzodi9u1","status":"READY_TO_PUBLISH","score":95}]},"publish":{"success":true,"requested":3,"processed":3,"failed":0,"results":[{"contentId":"cmtmvoe8j002zvdxbmteacpzg","status":"PUBLISHED","facebookPostId":"1775470073986346","mockMode":false},{"contentId":"cmtmvo559002xvdxb2t3qg1yi","status":"PUBLISHED","facebookPostId":"1775470193986334","mockMode":false},{"contentId":"cmtmvniuq002vvdxb4pvcyiyp","status":"PUBLISHED","facebookPostId":"1775470330652987","mockMode":false}]}}
2026-09-04 14:41:51 [INFO] Requesting: http://localhost:3000/api/cron/sync-news?secret=test_secret
2026-09-04 14:48:59 [SUCCESS] {"success":true,"collection":{"success":true,"sourcesProcessed":7,"itemsFetched":1151,"newItems":2,"duplicates":413,"errors":1},"analysis":{"requested":10,"processed":3,"failed":7},"generation":{"requested":5,"processed":0,"failed":5},"qualityCheck":{"success":true,"requested":5,"processed":0,"approved":0,"rejected":0,"failed":0,"results":[]},"publish":{"success":true,"requested":3,"processed":3,"failed":0,"results":[{"contentId":"cmtmvngu7002tvdxbnjn1wsw4","status":"PUBLISHED","facebookPostId":"1775479060652114","mockMode":false},{"contentId":"cmtmvmiho002rvdxbmzodi9u1","status":"PUBLISHED","facebookPostId":"1775479143985439","mockMode":false},{"contentId":"cmtmv8b81002dvdxbjn997khr","status":"PUBLISHED","facebookPostId":"1775479237318763","mockMode":false}]}}
2026-09-04 14:51:51 [INFO] Requesting: http://localhost:3000/api/cron/sync-news?secret=test_secret
2026-09-04 14:56:08 [SUCCESS] {"success":true,"collection":{"success":true,"sourcesProcessed":7,"itemsFetched":1151,"newItems":5,"duplicates":413,"errors":1},"analysis":{"requested":10,"processed":0,"failed":10},"generation":{"requested":5,"processed":2,"failed":3},"qualityCheck":{"success":true,"requested":5,"processed":0,"approved":0,"rejected":0,"failed":2,"results":[{"contentId":"cmtmwcun6003hvdxbw8jwpghn","error":"[AIRouter] All providers failed. Primary: Gemini API Error [503]: {\"error\":{\"code\":503,\"message\":\"This model is currently experiencing high demand. Spikes in demand are usually temporary. Please try again later.\",\"status\":\"UNAVAILABLE\"}}, Secondary: NVIDIA API Error: Status 410: {\"type\":\"about:blank\",\"title\":\"Gone\",\"status\":410,\"detail\":\"The model \u0027meta/llama-3.1-70b-instruct\u0027 has reached its end of life on 2026-08-26T09:00:00Z and is no longer available.\"}\n"},{"contentId":"cmtmwbii0003fvdxbn1vl9cay","error":"[AIRouter] All providers failed. Primary: Gemini API Error [503]: {\"error\":{\"code\":503,\"message\":\"This model is currently experiencing high demand. Spikes in demand are usually temporary. Please try again later.\",\"status\":\"UNAVAILABLE\"}}, Secondary: NVIDIA API Error: Status 410: {\"type\":\"about:blank\",\"title\":\"Gone\",\"status\":410,\"detail\":\"The model \u0027meta/llama-3.1-70b-instruct\u0027 has reached its end of life on 2026-08-26T09:00:00Z and is no longer available.\"}\n"}]},"publish":{"success":true,"requested":3,"processed":3,"failed":0,"results":[{"contentId":"cmtmv00t6001xvdxbe59c6mny","status":"PUBLISHED","facebookPostId":"1775483963984957","mockMode":false},{"contentId":"cmtmuk9mn001dvdxbg9oaf2sx","status":"PUBLISHED","facebookPostId":"1775484060651614","mockMode":false},{"contentId":"cmtms7o2b005tjlzr3khj67j4","status":"PUBLISHED","facebookPostId":"1775484177318269","mockMode":false}]}}
2026-09-04 15:01:51 [INFO] Requesting: http://localhost:3000/api/cron/sync-news?secret=test_secret
2026-09-04 15:07:56 [SUCCESS] {"success":true,"collection":{"success":true,"sourcesProcessed":7,"itemsFetched":1151,"newItems":0,"duplicates":417,"errors":1},"analysis":{"requested":10,"processed":0,"failed":10},"generation":{"requested":5,"processed":1,"failed":4},"qualityCheck":{"success":true,"requested":5,"processed":0,"approved":0,"rejected":0,"failed":3,"results":[{"contentId":"cmtmwr5gk003jvdxb8dlfz6h4","error":"[AIRouter] All providers failed. Primary: Gemini API Error [503]: {\"error\":{\"code\":503,\"message\":\"This model is currently experiencing high demand. Spikes in demand are usually temporary. Please try again later.\",\"status\":\"UNAVAILABLE\"}}, Secondary: NVIDIA API Error: Status 410: {\"type\":\"about:blank\",\"title\":\"Gone\",\"status\":410,\"detail\":\"The model \u0027meta/llama-3.1-70b-instruct\u0027 has reached its end of life on 2026-08-26T09:00:00Z and is no longer available.\"}\n"},{"contentId":"cmtmwcun6003hvdxbw8jwpghn","error":"[AIRouter] All providers failed. Primary: Gemini API Error [503]: {\"error\":{\"code\":503,\"message\":\"This model is currently experiencing high demand. Spikes in demand are usually temporary. Please try again later.\",\"status\":\"UNAVAILABLE\"}}, Secondary: NVIDIA API Error: Status 410: {\"type\":\"about:blank\",\"title\":\"Gone\",\"status\":410,\"detail\":\"The model \u0027meta/llama-3.1-70b-instruct\u0027 has reached its end of life on 2026-08-26T09:00:00Z and is no longer available.\"}\n"},{"contentId":"cmtmwbii0003fvdxbn1vl9cay","error":"[AIRouter] All providers failed. Primary: Gemini API Error [503]: {\"error\":{\"code\":503,\"message\":\"This model is currently experiencing high demand. Spikes in demand are usually temporary. Please try again later.\",\"status\":\"UNAVAILABLE\"}}, Secondary: NVIDIA API Error: Status 410: {\"type\":\"about:blank\",\"title\":\"Gone\",\"status\":410,\"detail\":\"The model \u0027meta/llama-3.1-70b-instruct\u0027 has reached its end of life on 2026-08-26T09:00:00Z and is no longer available.\"}\n"}]},"publish":{"success":true,"requested":3,"processed":0,"failed":3,"results":[{"contentId":"cmtms6yrc005rjlzrnp7z4gyk","error":"Facebook API Error: Error validating access token: Session has expired on Friday, 04-Sep-26 05:00:00 PDT. The current time is Friday, 04-Sep-26 05:07:52 PDT."},{"contentId":"cmtms67hw005pjlzre3g4w4yh","error":"Facebook API Error: Error validating access token: Session has expired on Friday, 04-Sep-26 05:00:00 PDT. The current time is Friday, 04-Sep-26 05:07:54 PDT."},{"contentId":"cmtmrzmz5005njlzra34js4n1","error":"Facebook API Error: Error validating access token: Session has expired on Friday, 04-Sep-26 05:00:00 PDT. The current time is Friday, 04-Sep-26 05:07:57 PDT."}]}}
2026-09-04 15:11:51 [INFO] Requesting: http://localhost:3000/api/cron/sync-news?secret=test_secret
2026-09-04 15:18:51 [SUCCESS] {"success":true,"collection":{"success":true,"sourcesProcessed":7,"itemsFetched":1151,"newItems":1,"duplicates":412,"errors":1},"analysis":{"requested":10,"processed":0,"failed":10},"generation":{"requested":5,"processed":1,"failed":4},"qualityCheck":{"success":true,"requested":5,"processed":0,"approved":0,"rejected":0,"failed":4,"results":[{"contentId":"cmtmx5ir1003nvdxbogpbig8a","error":"[AIRouter] All providers failed. Primary: Gemini API Error [503]: {\"error\":{\"code\":503,\"message\":\"This model is currently experiencing high demand. Spikes in demand are usually temporary. Please try again later.\",\"status\":\"UNAVAILABLE\"}}, Secondary: NVIDIA API Error: Status 410: {\"type\":\"about:blank\",\"title\":\"Gone\",\"status\":410,\"detail\":\"The model \u0027meta/llama-3.1-70b-instruct\u0027 has reached its end of life on 2026-08-26T09:00:00Z and is no longer available.\"}\n"},{"contentId":"cmtmwr5gk003jvdxb8dlfz6h4","error":"[AIRouter] All providers failed. Primary: Gemini API Error [503]: {\"error\":{\"code\":503,\"message\":\"This model is currently experiencing high demand. Spikes in demand are usually temporary. Please try again later.\",\"status\":\"UNAVAILABLE\"}}, Secondary: NVIDIA API Error: Status 410: {\"type\":\"about:blank\",\"title\":\"Gone\",\"status\":410,\"detail\":\"The model \u0027meta/llama-3.1-70b-instruct\u0027 has reached its end of life on 2026-08-26T09:00:00Z and is no longer available.\"}\n"},{"contentId":"cmtmwcun6003hvdxbw8jwpghn","error":"[AIRouter] All providers failed. Primary: Gemini API Error [503]: {\"error\":{\"code\":503,\"message\":\"This model is currently experiencing high demand. Spikes in demand are usually temporary. Please try again later.\",\"status\":\"UNAVAILABLE\"}}, Secondary: NVIDIA API Error: Status 410: {\"type\":\"about:blank\",\"title\":\"Gone\",\"status\":410,\"detail\":\"The model \u0027meta/llama-3.1-70b-instruct\u0027 has reached its end of life on 2026-08-26T09:00:00Z and is no longer available.\"}\n"},{"contentId":"cmtmwbii0003fvdxbn1vl9cay","error":"[AIRouter] All providers failed. Primary: Gemini API Error [503]: {\"error\":{\"code\":503,\"message\":\"This model is currently experiencing high demand. Spikes in demand are usually temporary. Please try again later.\",\"status\":\"UNAVAILABLE\"}}, Secondary: NVIDIA API Error: Status 410: {\"type\":\"about:blank\",\"title\":\"Gone\",\"status\":410,\"detail\":\"The model \u0027meta/llama-3.1-70b-instruct\u0027 has reached its end of life on 2026-08-26T09:00:00Z and is no longer available.\"}\n"}]},"publish":{"success":true,"requested":3,"processed":0,"failed":3,"results":[{"contentId":"cmtmrpdtz005djlzr4v4re50l","error":"Facebook API Error: Error validating access token: Session has expired on Friday, 04-Sep-26 05:00:00 PDT. The current time is Friday, 04-Sep-26 05:18:47 PDT."},{"contentId":"cmtmrpbf0005bjlzrnfxk20bz","error":"Facebook API Error: Error validating access token: Session has expired on Friday, 04-Sep-26 05:00:00 PDT. The current time is Friday, 04-Sep-26 05:18:50 PDT."},{"contentId":"cmtmrlk1i0052jlzrghiyeo43","error":"Facebook API Error: Error validating access token: Session has expired on Friday, 04-Sep-26 05:00:00 PDT. The current time is Friday, 04-Sep-26 05:18:52 PDT."}]}}
2026-09-04 15:21:51 [INFO] Requesting: http://localhost:3000/api/cron/sync-news?secret=test_secret
2026-09-04 15:24:37 [SUCCESS] {"success":true,"collection":{"success":true,"sourcesProcessed":7,"itemsFetched":1151,"newItems":0,"duplicates":413,"errors":1},"analysis":{"requested":10,"processed":0,"failed":10},"generation":{"requested":5,"processed":0,"failed":5},"qualityCheck":{"success":true,"requested":5,"processed":0,"approved":0,"rejected":0,"failed":2,"results":[{"contentId":"cmtmx5ir1003nvdxbogpbig8a","error":"[AIRouter] All providers failed. Primary: Provider currently RATE_LIMITED, Secondary: NVIDIA API Error: Status 410: {\"type\":\"about:blank\",\"title\":\"Gone\",\"status\":410,\"detail\":\"The model \u0027meta/llama-3.1-70b-instruct\u0027 has reached its end of life on 2026-08-26T09:00:00Z and is no longer available.\"}\n"},{"contentId":"cmtmwr5gk003jvdxb8dlfz6h4","error":"[AIRouter] All providers failed. Primary: Gemini API Error [429]: {\"error\":{\"code\":429,\"message\":\"You exceeded your current quota, please check your plan and billing details. For more information on this error, head to: https://ai.google.dev/gemini-api/docs/rate-limits. To monitor your current usage, head to: https://ai.dev/rate-limit. \\n* Quota exceeded for metric: generativelanguage.googleapis.com/generate_content_free_tier_requests, limit: 500, model: gemini-3.5-flash-lite\\nPlease retry in 24.412567469s.\",\"status\":\"RESOURCE_EXHAUSTED\",\"details\":[{\"@type\":\"type.googleapis.com/google.rpc.Help\",\"links\":[{\"description\":\"Learn more about Gemini API quotas\",\"url\":\"https://ai.google.dev/gemini-api/docs/rate-limits\"}]},{\"@type\":\"type.googleapis.com/google.rpc.QuotaFailure\",\"violations\":[{\"quotaMetric\":\"generativelanguage.googleapis.com/generate_content_free_tier_requests\",\"quotaId\":\"GenerateRequestsPerDayPerProjectPerModel-FreeTier\",\"quotaDimensions\":{\"location\":\"global\",\"model\":\"gemini-3.5-flash-lite\"},\"quotaValue\":\"500\"}]},{\"@type\":\"type.googleapis.com/google.rpc.RetryInfo\",\"retryDelay\":\"24s\"}]}}, Secondary: NVIDIA API Error: Status 410: {\"type\":\"about:blank\",\"title\":\"Gone\",\"status\":410,\"detail\":\"The model \u0027meta/llama-3.1-70b-instruct\u0027 has reached its end of life on 2026-08-26T09:00:00Z and is no longer available.\"}\n"}]},"publish":{"success":true,"requested":3,"processed":0,"failed":1,"results":[{"contentId":"cmtmr2dpw004kjlzrv672oykd","error":"Facebook API Error: Error validating access token: Session has expired on Friday, 04-Sep-26 05:00:00 PDT. The current time is Friday, 04-Sep-26 05:24:38 PDT."}]}}
2026-09-04 15:31:51 [INFO] Requesting: http://localhost:3000/api/cron/sync-news?secret=test_secret
2026-09-04 15:33:20 [SUCCESS] {"success":true,"collection":{"success":true,"sourcesProcessed":7,"itemsFetched":1151,"newItems":1,"duplicates":411,"errors":1},"analysis":{"requested":10,"processed":0,"failed":10},"generation":{"requested":5,"processed":0,"failed":5},"qualityCheck":{"success":true,"requested":5,"processed":0,"approved":0,"rejected":0,"failed":1,"results":[{"contentId":"cmtmx5ir1003nvdxbogpbig8a","error":"[AIRouter] All providers failed. Primary: Provider currently RATE_LIMITED, Secondary: NVIDIA API Error: Status 410: {\"type\":\"about:blank\",\"title\":\"Gone\",\"status\":410,\"detail\":\"The model \u0027meta/llama-3.1-70b-instruct\u0027 has reached its end of life on 2026-08-26T09:00:00Z and is no longer available.\"}\n"}]},"publish":{"success":true,"requested":3,"processed":0,"failed":0,"results":[]}}
2026-09-04 15:41:51 [INFO] Requesting: http://localhost:3000/api/cron/sync-news?secret=test_secret
2026-09-04 15:43:17 [SUCCESS] {"success":true,"collection":{"success":true,"sourcesProcessed":7,"itemsFetched":1151,"newItems":0,"duplicates":411,"errors":1},"analysis":{"requested":10,"processed":0,"failed":10},"generation":{"requested":5,"processed":0,"failed":5},"qualityCheck":{"success":true,"requested":5,"processed":0,"approved":0,"rejected":0,"failed":0,"results":[]},"publish":{"success":true,"requested":3,"processed":0,"failed":0,"results":[]}}
2026-09-04 15:51:51 [INFO] Requesting: http://localhost:3000/api/cron/sync-news?secret=test_secret
2026-09-04 15:53:15 [SUCCESS] {"success":true,"collection":{"success":true,"sourcesProcessed":7,"itemsFetched":1151,"newItems":2,"duplicates":409,"errors":1},"analysis":{"requested":10,"processed":0,"failed":10},"generation":{"requested":5,"processed":0,"failed":5},"qualityCheck":{"success":true,"requested":5,"processed":0,"approved":0,"rejected":0,"failed":0,"results":[]},"publish":{"success":true,"requested":3,"processed":0,"failed":0,"results":[]}}
2026-09-04 16:01:51 [INFO] Requesting: http://localhost:3000/api/cron/sync-news?secret=test_secret
2026-09-04 16:03:14 [SUCCESS] {"success":true,"collection":{"success":true,"sourcesProcessed":7,"itemsFetched":1151,"newItems":2,"duplicates":407,"errors":1},"analysis":{"requested":10,"processed":0,"failed":10},"generation":{"requested":5,"processed":0,"failed":5},"qualityCheck":{"success":true,"requested":5,"processed":0,"approved":0,"rejected":0,"failed":0,"results":[]},"publish":{"success":true,"requested":3,"processed":0,"failed":0,"results":[]}}
2026-09-04 16:11:51 [INFO] Requesting: http://localhost:3000/api/cron/sync-news?secret=test_secret
2026-09-04 16:13:14 [SUCCESS] {"success":true,"collection":{"success":true,"sourcesProcessed":7,"itemsFetched":1151,"newItems":1,"duplicates":407,"errors":1},"analysis":{"requested":10,"processed":0,"failed":10},"generation":{"requested":5,"processed":0,"failed":5},"qualityCheck":{"success":true,"requested":5,"processed":0,"approved":0,"rejected":0,"failed":0,"results":[]},"publish":{"success":true,"requested":3,"processed":0,"failed":0,"results":[]}}
2026-09-04 16:21:51 [INFO] Requesting: http://localhost:3000/api/cron/sync-news?secret=test_secret
2026-09-04 16:23:16 [SUCCESS] {"success":true,"collection":{"success":true,"sourcesProcessed":7,"itemsFetched":1151,"newItems":2,"duplicates":406,"errors":1},"analysis":{"requested":10,"processed":0,"failed":10},"generation":{"requested":5,"processed":0,"failed":5},"qualityCheck":{"success":true,"requested":5,"processed":0,"approved":0,"rejected":0,"failed":0,"results":[]},"publish":{"success":true,"requested":3,"processed":0,"failed":0,"results":[]}}
2026-09-04 16:31:51 [INFO] Requesting: http://localhost:3000/api/cron/sync-news?secret=test_secret
2026-09-04 16:33:17 [SUCCESS] {"success":true,"collection":{"success":true,"sourcesProcessed":7,"itemsFetched":1151,"newItems":4,"duplicates":406,"errors":1},"analysis":{"requested":10,"processed":0,"failed":10},"generation":{"requested":5,"processed":0,"failed":5},"qualityCheck":{"success":true,"requested":5,"processed":0,"approved":0,"rejected":0,"failed":0,"results":[]},"publish":{"success":true,"requested":3,"processed":0,"failed":0,"results":[]}}
2026-09-04 16:41:51 [INFO] Requesting: http://localhost:3000/api/cron/sync-news?secret=test_secret
2026-09-04 16:43:14 [SUCCESS] {"success":true,"collection":{"success":true,"sourcesProcessed":7,"itemsFetched":1151,"newItems":1,"duplicates":408,"errors":1},"analysis":{"requested":10,"processed":0,"failed":10},"generation":{"requested":5,"processed":0,"failed":5},"qualityCheck":{"success":true,"requested":5,"processed":0,"approved":0,"rejected":0,"failed":0,"results":[]},"publish":{"success":true,"requested":3,"processed":0,"failed":0,"results":[]}}
2026-09-04 16:51:52 [INFO] Requesting: http://localhost:3000/api/cron/sync-news?secret=test_secret
2026-09-04 16:55:07 [SUCCESS] {"success":true,"collection":{"success":true,"sourcesProcessed":7,"itemsFetched":1151,"newItems":0,"duplicates":409,"errors":1},"analysis":{"requested":10,"processed":0,"failed":10},"generation":{"requested":5,"processed":0,"failed":5},"qualityCheck":{"success":true,"requested":5,"processed":0,"approved":0,"rejected":0,"failed":0,"results":[]},"publish":{"success":true,"requested":3,"processed":0,"failed":0,"results":[]}}
2026-09-04 17:01:51 [INFO] Requesting: http://localhost:3000/api/cron/sync-news?secret=test_secret
2026-09-04 17:01:55 [ERROR] Uzak sunucuya baðlanýlamýyor
2026-09-04 17:11:51 [INFO] Requesting: http://localhost:3000/api/cron/sync-news?secret=test_secret
2026-09-04 17:13:18 [SUCCESS] {"success":true,"collection":{"success":true,"sourcesProcessed":7,"itemsFetched":1151,"newItems":5,"duplicates":406,"errors":1},"analysis":{"requested":10,"processed":0,"failed":10},"generation":{"requested":5,"processed":0,"failed":5},"qualityCheck":{"success":true,"requested":5,"processed":0,"approved":0,"rejected":0,"failed":0,"results":[]},"publish":{"success":true,"requested":3,"processed":0,"failed":0,"results":[]}}
2026-09-04 17:21:51 [INFO] Requesting: http://localhost:3000/api/cron/sync-news?secret=test_secret
2026-09-04 17:24:08 [SUCCESS] {"success":true,"collection":{"success":true,"sourcesProcessed":7,"itemsFetched":131,"newItems":2,"duplicates":52,"errors":3},"analysis":{"requested":10,"processed":0,"failed":10},"generation":{"requested":5,"processed":0,"failed":5},"qualityCheck":{"success":true,"requested":5,"processed":0,"approved":0,"rejected":0,"failed":0,"results":[]},"publish":{"success":true,"requested":3,"processed":0,"failed":0,"results":[]}}
2026-09-04 17:31:51 [INFO] Requesting: http://localhost:3000/api/cron/sync-news?secret=test_secret
2026-09-04 17:41:51 [WARN] Another instance is already running. Exiting.
2026-09-04 17:51:51 [WARN] Another instance is already running. Exiting.
2026-09-04 18:01:51 [WARN] Another instance is already running. Exiting.
2026-09-04 18:11:51 [WARN] Another instance is already running. Exiting.
2026-09-04 18:21:51 [WARN] Another instance is already running. Exiting.
2026-09-04 18:31:51 [WARN] Another instance is already running. Exiting.
2026-09-04 18:41:51 [WARN] Another instance is already running. Exiting.
2026-09-04 18:51:51 [WARN] Another instance is already running. Exiting.
2026-09-04 19:01:51 [WARN] Another instance is already running. Exiting.
2026-09-04 19:11:51 [WARN] Another instance is already running. Exiting.
2026-09-04 19:21:51 [WARN] Another instance is already running. Exiting.
2026-09-04 19:31:51 [WARN] Another instance is already running. Exiting.
2026-09-04 19:41:51 [WARN] Another instance is already running. Exiting.
2026-09-04 19:51:51 [WARN] Another instance is already running. Exiting.
2026-09-04 20:01:51 [WARN] Another instance is already running. Exiting.
2026-09-04 20:11:50 [WARN] Another instance is already running. Exiting.
2026-09-04 20:21:50 [WARN] Another instance is already running. Exiting.
2026-09-04 20:31:50 [WARN] Another instance is already running. Exiting.
2026-09-04 20:41:50 [WARN] Another instance is already running. Exiting.
2026-09-04 20:51:50 [WARN] Another instance is already running. Exiting.
2026-09-04 21:01:50 [WARN] Another instance is already running. Exiting.
2026-09-04 21:11:50 [WARN] Another instance is already running. Exiting.
2026-09-04 21:21:50 [WARN] Another instance is already running. Exiting.
2026-09-04 21:31:50 [WARN] Another instance is already running. Exiting.
2026-09-04 21:41:50 [WARN] Another instance is already running. Exiting.
2026-09-04 21:51:50 [WARN] Another instance is already running. Exiting.
2026-09-04 22:01:50 [WARN] Another instance is already running. Exiting.
2026-09-04 22:11:51 [WARN] Another instance is already running. Exiting.
2026-09-04 22:21:50 [WARN] Another instance is already running. Exiting.
2026-09-04 22:31:50 [WARN] Another instance is already running. Exiting.
2026-09-04 22:41:50 [WARN] Another instance is already running. Exiting.
2026-09-04 22:51:51 [WARN] Another instance is already running. Exiting.
2026-09-04 23:01:50 [WARN] Another instance is already running. Exiting.
2026-09-04 23:11:50 [WARN] Another instance is already running. Exiting.
2026-09-04 23:21:50 [WARN] Another instance is already running. Exiting.
2026-09-04 23:31:50 [WARN] Another instance is already running. Exiting.
2026-09-04 23:41:50 [WARN] Another instance is already running. Exiting.
2026-09-04 23:51:51 [WARN] Another instance is already running. Exiting.
2026-09-05 00:01:50 [WARN] Another instance is already running. Exiting.
2026-09-05 00:11:50 [WARN] Another instance is already running. Exiting.
2026-09-05 00:21:51 [WARN] Another instance is already running. Exiting.
2026-09-05 00:31:50 [WARN] Another instance is already running. Exiting.
2026-09-05 00:41:50 [WARN] Another instance is already running. Exiting.
2026-09-05 00:51:50 [WARN] Another instance is already running. Exiting.
2026-09-05 01:01:50 [WARN] Another instance is already running. Exiting.
2026-09-05 01:11:50 [WARN] Another instance is already running. Exiting.
2026-09-05 01:21:51 [WARN] Another instance is already running. Exiting.
2026-09-05 01:31:50 [WARN] Another instance is already running. Exiting.
2026-09-05 01:41:50 [WARN] Another instance is already running. Exiting.
2026-09-05 01:51:50 [WARN] Another instance is already running. Exiting.
2026-09-05 02:01:50 [WARN] Another instance is already running. Exiting.
2026-09-05 02:11:51 [WARN] Another instance is already running. Exiting.
2026-09-05 02:21:51 [WARN] Another instance is already running. Exiting.
2026-09-05 02:31:50 [WARN] Another instance is already running. Exiting.
2026-09-05 02:41:50 [WARN] Another instance is already running. Exiting.
2026-09-05 02:51:50 [WARN] Another instance is already running. Exiting.
2026-09-05 03:01:50 [WARN] Another instance is already running. Exiting.
2026-09-05 03:11:51 [WARN] Another instance is already running. Exiting.
2026-09-05 03:21:51 [WARN] Another instance is already running. Exiting.
2026-09-05 03:31:51 [WARN] Another instance is already running. Exiting.
2026-09-05 03:41:51 [WARN] Another instance is already running. Exiting.
2026-09-05 03:51:51 [WARN] Another instance is already running. Exiting.
2026-09-05 04:01:51 [WARN] Another instance is already running. Exiting.
2026-09-05 04:11:51 [WARN] Another instance is already running. Exiting.
2026-09-05 04:21:51 [WARN] Another instance is already running. Exiting.
2026-09-05 04:31:50 [WARN] Another instance is already running. Exiting.
2026-09-05 04:41:50 [WARN] Another instance is already running. Exiting.
2026-09-05 04:51:50 [WARN] Another instance is already running. Exiting.
2026-09-05 05:01:50 [WARN] Another instance is already running. Exiting.
2026-09-05 05:11:51 [WARN] Another instance is already running. Exiting.
2026-09-05 05:21:51 [WARN] Another instance is already running. Exiting.
2026-09-05 05:31:51 [WARN] Another instance is already running. Exiting.
2026-09-05 05:41:51 [WARN] Another instance is already running. Exiting.
2026-09-05 05:51:51 [WARN] Another instance is already running. Exiting.
2026-09-05 06:01:51 [WARN] Another instance is already running. Exiting.
2026-09-05 06:11:51 [WARN] Another instance is already running. Exiting.
2026-09-05 06:21:51 [WARN] Another instance is already running. Exiting.
2026-09-05 06:31:50 [WARN] Another instance is already running. Exiting.
2026-09-05 06:41:51 [WARN] Another instance is already running. Exiting.
2026-09-05 06:51:51 [WARN] Another instance is already running. Exiting.
2026-09-05 07:01:50 [WARN] Another instance is already running. Exiting.
2026-09-05 07:11:51 [WARN] Another instance is already running. Exiting.
2026-09-05 07:21:51 [WARN] Another instance is already running. Exiting.
2026-09-05 07:31:51 [WARN] Another instance is already running. Exiting.
2026-09-05 07:41:51 [WARN] Another instance is already running. Exiting.
2026-09-05 07:51:51 [WARN] Another instance is already running. Exiting.
2026-09-05 08:01:51 [WARN] Another instance is already running. Exiting.
2026-09-05 08:11:51 [WARN] Another instance is already running. Exiting.
2026-09-05 08:21:51 [WARN] Another instance is already running. Exiting.
2026-09-05 08:31:51 [WARN] Another instance is already running. Exiting.
2026-09-05 08:41:51 [WARN] Another instance is already running. Exiting.
2026-09-05 08:51:51 [WARN] Another instance is already running. Exiting.
2026-09-05 09:01:51 [WARN] Another instance is already running. Exiting.
2026-09-05 09:11:51 [WARN] Another instance is already running. Exiting.
2026-09-05 09:21:51 [WARN] Another instance is already running. Exiting.
2026-09-05 09:31:51 [WARN] Another instance is already running. Exiting.
2026-09-05 09:41:51 [WARN] Another instance is already running. Exiting.
2026-09-05 09:51:51 [WARN] Another instance is already running. Exiting.
2026-09-05 10:01:51 [WARN] Another instance is already running. Exiting.
2026-09-05 10:11:51 [WARN] Another instance is already running. Exiting.
2026-09-05 10:21:51 [WARN] Another instance is already running. Exiting.
2026-09-05 10:31:51 [WARN] Another instance is already running. Exiting.
2026-09-05 10:41:51 [WARN] Another instance is already running. Exiting.
2026-09-05 10:51:51 [WARN] Another instance is already running. Exiting.
2026-09-05 11:01:51 [WARN] Another instance is already running. Exiting.
2026-09-05 11:11:51 [WARN] Another instance is already running. Exiting.
2026-09-05 11:21:52 [WARN] Another instance is already running. Exiting.
2026-09-05 11:31:51 [WARN] Another instance is already running. Exiting.
2026-09-05 11:41:51 [WARN] Another instance is already running. Exiting.
2026-09-05 11:51:51 [WARN] Another instance is already running. Exiting.
2026-09-05 12:01:51 [WARN] Another instance is already running. Exiting.
2026-09-05 12:11:51 [WARN] Another instance is already running. Exiting.
2026-09-05 12:21:51 [WARN] Another instance is already running. Exiting.
2026-09-05 12:31:51 [WARN] Another instance is already running. Exiting.
2026-09-05 12:41:51 [WARN] Another instance is already running. Exiting.
2026-09-05 12:51:51 [WARN] Another instance is already running. Exiting.
2026-09-05 13:01:51 [WARN] Another instance is already running. Exiting.
2026-09-05 13:11:51 [WARN] Another instance is already running. Exiting.
2026-09-05 13:21:51 [WARN] Another instance is already running. Exiting.
2026-09-05 13:31:51 [WARN] Another instance is already running. Exiting.
2026-09-05 13:41:51 [WARN] Another instance is already running. Exiting.
2026-09-05 13:51:51 [WARN] Another instance is already running. Exiting.
2026-09-05 14:01:51 [WARN] Another instance is already running. Exiting.
2026-09-05 14:11:51 [WARN] Another instance is already running. Exiting.
2026-09-05 14:21:51 [WARN] Another instance is already running. Exiting.
2026-09-05 14:31:51 [WARN] Another instance is already running. Exiting.
2026-09-05 14:41:51 [WARN] Another instance is already running. Exiting.
2026-09-05 14:51:51 [WARN] Another instance is already running. Exiting.
2026-09-05 15:01:51 [WARN] Another instance is already running. Exiting.
2026-09-05 15:11:51 [WARN] Another instance is already running. Exiting.
2026-09-05 15:21:51 [WARN] Another instance is already running. Exiting.
2026-09-05 15:31:51 [WARN] Another instance is already running. Exiting.
2026-09-05 15:41:51 [WARN] Another instance is already running. Exiting.
2026-09-05 15:51:51 [WARN] Another instance is already running. Exiting.
2026-09-05 16:01:50 [WARN] Another instance is already running. Exiting.
2026-09-05 16:11:50 [WARN] Another instance is already running. Exiting.
2026-09-05 16:21:50 [WARN] Another instance is already running. Exiting.
2026-09-05 16:31:50 [WARN] Another instance is already running. Exiting.
2026-09-05 16:41:50 [WARN] Another instance is already running. Exiting.
2026-09-05 16:51:50 [WARN] Another instance is already running. Exiting.
2026-09-05 17:01:50 [WARN] Another instance is already running. Exiting.
2026-09-05 17:11:50 [WARN] Another instance is already running. Exiting.
2026-09-05 17:21:50 [WARN] Another instance is already running. Exiting.
2026-09-05 17:31:50 [WARN] Another instance is already running. Exiting.
2026-09-05 17:41:50 [WARN] Another instance is already running. Exiting.
2026-09-05 17:51:50 [WARN] Another instance is already running. Exiting.
2026-09-05 18:01:50 [WARN] Another instance is already running. Exiting.
2026-09-05 18:11:50 [WARN] Another instance is already running. Exiting.
2026-09-05 18:21:50 [WARN] Another instance is already running. Exiting.
2026-09-05 18:31:50 [WARN] Another instance is already running. Exiting.
2026-09-05 18:41:51 [WARN] Another instance is already running. Exiting.
2026-09-05 18:51:50 [WARN] Another instance is already running. Exiting.
2026-09-05 19:01:50 [WARN] Another instance is already running. Exiting.
2026-09-05 19:11:51 [WARN] Another instance is already running. Exiting.
2026-09-05 19:21:51 [WARN] Another instance is already running. Exiting.
2026-09-05 19:31:50 [WARN] Another instance is already running. Exiting.
2026-09-05 19:41:50 [WARN] Another instance is already running. Exiting.
2026-09-05 19:51:50 [WARN] Another instance is already running. Exiting.
2026-09-05 20:01:50 [WARN] Another instance is already running. Exiting.
2026-09-05 20:11:50 [WARN] Another instance is already running. Exiting.
2026-09-05 20:21:51 [WARN] Another instance is already running. Exiting.
2026-09-05 20:31:50 [WARN] Another instance is already running. Exiting.
2026-09-05 20:41:50 [WARN] Another instance is already running. Exiting.
2026-09-05 20:51:50 [WARN] Another instance is already running. Exiting.
2026-09-05 21:01:50 [WARN] Another instance is already running. Exiting.
2026-09-05 21:11:51 [WARN] Another instance is already running. Exiting.
2026-09-05 21:21:51 [WARN] Another instance is already running. Exiting.
2026-09-05 21:31:50 [WARN] Another instance is already running. Exiting.
2026-09-05 21:41:51 [WARN] Another instance is already running. Exiting.
2026-09-05 21:51:51 [WARN] Another instance is already running. Exiting.
2026-09-05 22:01:50 [WARN] Another instance is already running. Exiting.
2026-09-05 22:11:51 [WARN] Another instance is already running. Exiting.
2026-09-05 22:21:51 [WARN] Another instance is already running. Exiting.
2026-09-05 22:31:50 [WARN] Another instance is already running. Exiting.
2026-09-05 22:41:51 [WARN] Another instance is already running. Exiting.
2026-09-05 22:51:51 [WARN] Another instance is already running. Exiting.
2026-09-05 23:01:50 [WARN] Another instance is already running. Exiting.
2026-09-05 23:11:51 [WARN] Another instance is already running. Exiting.
2026-09-05 23:21:51 [WARN] Another instance is already running. Exiting.
2026-09-05 23:31:50 [WARN] Another instance is already running. Exiting.
2026-09-05 23:41:50 [WARN] Another instance is already running. Exiting.
2026-09-05 23:51:50 [WARN] Another instance is already running. Exiting.
2026-09-06 00:01:50 [WARN] Another instance is already running. Exiting.
2026-09-06 00:11:50 [WARN] Another instance is already running. Exiting.
2026-09-06 00:21:51 [WARN] Another instance is already running. Exiting.
2026-09-06 00:31:51 [WARN] Another instance is already running. Exiting.
2026-09-06 00:41:50 [WARN] Another instance is already running. Exiting.
2026-09-06 00:51:50 [WARN] Another instance is already running. Exiting.
2026-09-06 01:01:51 [WARN] Another instance is already running. Exiting.
2026-09-06 01:11:50 [WARN] Another instance is already running. Exiting.
2026-09-06 01:21:50 [WARN] Another instance is already running. Exiting.
2026-09-06 01:31:51 [WARN] Another instance is already running. Exiting.
2026-09-06 01:41:50 [WARN] Another instance is already running. Exiting.
2026-09-06 01:51:50 [WARN] Another instance is already running. Exiting.
2026-09-06 02:01:51 [WARN] Another instance is already running. Exiting.
2026-09-06 02:11:50 [WARN] Another instance is already running. Exiting.
2026-09-06 02:21:50 [WARN] Another instance is already running. Exiting.
2026-09-06 02:31:50 [WARN] Another instance is already running. Exiting.
2026-09-06 02:41:51 [WARN] Another instance is already running. Exiting.
2026-09-06 02:51:51 [WARN] Another instance is already running. Exiting.
2026-09-06 03:01:51 [WARN] Another instance is already running. Exiting.
2026-09-06 03:11:51 [WARN] Another instance is already running. Exiting.
2026-09-06 03:21:51 [WARN] Another instance is already running. Exiting.
2026-09-06 03:31:51 [WARN] Another instance is already running. Exiting.
2026-09-06 03:41:51 [WARN] Another instance is already running. Exiting.
2026-09-06 03:51:51 [WARN] Another instance is already running. Exiting.
2026-09-06 04:01:51 [WARN] Another instance is already running. Exiting.
2026-09-06 04:11:51 [WARN] Another instance is already running. Exiting.
2026-09-06 04:21:51 [WARN] Another instance is already running. Exiting.
2026-09-06 04:31:51 [WARN] Another instance is already running. Exiting.
2026-09-06 04:41:51 [WARN] Another instance is already running. Exiting.
2026-09-06 04:51:51 [WARN] Another instance is already running. Exiting.
2026-09-06 05:01:51 [WARN] Another instance is already running. Exiting.
2026-09-06 05:11:51 [WARN] Another instance is already running. Exiting.
2026-09-06 05:21:51 [WARN] Another instance is already running. Exiting.
2026-09-06 05:31:51 [WARN] Another instance is already running. Exiting.
2026-09-06 05:41:51 [WARN] Another instance is already running. Exiting.
2026-09-06 05:51:51 [WARN] Another instance is already running. Exiting.
2026-09-06 06:01:51 [WARN] Another instance is already running. Exiting.
2026-09-06 06:11:51 [WARN] Another instance is already running. Exiting.
2026-09-06 06:21:51 [WARN] Another instance is already running. Exiting.
2026-09-06 06:31:51 [WARN] Another instance is already running. Exiting.
2026-09-06 06:41:51 [WARN] Another instance is already running. Exiting.
2026-09-06 06:51:51 [WARN] Another instance is already running. Exiting.
2026-09-06 07:01:51 [WARN] Another instance is already running. Exiting.
2026-09-06 07:11:51 [WARN] Another instance is already running. Exiting.
2026-09-06 07:21:51 [WARN] Another instance is already running. Exiting.
2026-09-06 07:31:51 [WARN] Another instance is already running. Exiting.
2026-09-06 07:41:51 [WARN] Another instance is already running. Exiting.
2026-09-06 07:51:51 [WARN] Another instance is already running. Exiting.
2026-09-06 08:01:51 [WARN] Another instance is already running. Exiting.
2026-09-06 08:11:51 [WARN] Another instance is already running. Exiting.
2026-09-06 08:21:51 [WARN] Another instance is already running. Exiting.
2026-09-06 08:31:51 [WARN] Another instance is already running. Exiting.
2026-09-06 08:41:51 [WARN] Another instance is already running. Exiting.
2026-09-06 08:51:51 [WARN] Another instance is already running. Exiting.
2026-09-06 09:01:51 [WARN] Another instance is already running. Exiting.
2026-09-06 09:11:51 [WARN] Another instance is already running. Exiting.
2026-09-06 09:21:52 [WARN] Another instance is already running. Exiting.
2026-09-06 09:31:51 [WARN] Another instance is already running. Exiting.
2026-09-06 09:41:51 [WARN] Another instance is already running. Exiting.
2026-09-06 09:51:51 [WARN] Another instance is already running. Exiting.
2026-09-06 10:01:51 [WARN] Another instance is already running. Exiting.
2026-09-06 10:11:51 [WARN] Another instance is already running. Exiting.
2026-09-06 10:21:51 [WARN] Another instance is already running. Exiting.
2026-09-06 10:31:51 [WARN] Another instance is already running. Exiting.
2026-09-06 10:41:51 [WARN] Another instance is already running. Exiting.
2026-09-06 10:51:51 [WARN] Another instance is already running. Exiting.
2026-09-06 11:01:51 [WARN] Another instance is already running. Exiting.
2026-09-06 11:11:51 [WARN] Another instance is already running. Exiting.
2026-09-06 11:21:51 [WARN] Another instance is already running. Exiting.
2026-09-06 11:31:51 [WARN] Another instance is already running. Exiting.
2026-09-06 11:41:51 [WARN] Another instance is already running. Exiting.
2026-09-06 11:51:50 [WARN] Another instance is already running. Exiting.
2026-09-06 12:01:50 [WARN] Another instance is already running. Exiting.
2026-09-06 12:11:50 [WARN] Another instance is already running. Exiting.
2026-09-06 12:21:50 [WARN] Another instance is already running. Exiting.
2026-09-06 12:31:50 [WARN] Another instance is already running. Exiting.
2026-09-06 12:41:50 [WARN] Another instance is already running. Exiting.
2026-09-06 12:51:50 [WARN] Another instance is already running. Exiting.
2026-09-06 13:01:50 [WARN] Another instance is already running. Exiting.
2026-09-06 13:11:50 [WARN] Another instance is already running. Exiting.
2026-09-06 13:21:50 [WARN] Another instance is already running. Exiting.
2026-09-06 13:31:50 [WARN] Another instance is already running. Exiting.
2026-09-06 13:41:50 [WARN] Another instance is already running. Exiting.
2026-09-06 13:51:50 [WARN] Another instance is already running. Exiting.
2026-09-06 14:01:50 [WARN] Another instance is already running. Exiting.
2026-09-06 14:11:50 [WARN] Another instance is already running. Exiting.
2026-09-06 14:21:50 [WARN] Another instance is already running. Exiting.
2026-09-06 14:31:50 [WARN] Another instance is already running. Exiting.
2026-09-06 14:41:50 [WARN] Another instance is already running. Exiting.
2026-09-06 14:51:50 [WARN] Another instance is already running. Exiting.
2026-09-06 15:01:50 [WARN] Another instance is already running. Exiting.
2026-09-06 15:11:50 [WARN] Another instance is already running. Exiting.
2026-09-06 15:21:50 [WARN] Another instance is already running. Exiting.
2026-09-06 15:31:50 [WARN] Another instance is already running. Exiting.
2026-09-06 15:41:50 [WARN] Another instance is already running. Exiting.
2026-09-06 15:51:50 [WARN] Another instance is already running. Exiting.
2026-09-06 16:01:50 [WARN] Another instance is already running. Exiting.
2026-09-06 16:11:50 [WARN] Another instance is already running. Exiting.
2026-09-06 16:21:50 [WARN] Another instance is already running. Exiting.
2026-09-06 16:31:50 [WARN] Another instance is already running. Exiting.
2026-09-06 16:41:51 [WARN] Another instance is already running. Exiting.
2026-09-06 16:51:51 [WARN] Another instance is already running. Exiting.
2026-09-06 17:01:50 [WARN] Another instance is already running. Exiting.
2026-09-06 17:11:50 [WARN] Another instance is already running. Exiting.
2026-09-06 17:21:51 [WARN] Another instance is already running. Exiting.
2026-09-06 17:31:50 [WARN] Another instance is already running. Exiting.
2026-09-06 17:41:50 [WARN] Another instance is already running. Exiting.
2026-09-06 17:51:50 [WARN] Another instance is already running. Exiting.
2026-09-06 18:01:50 [WARN] Another instance is already running. Exiting.
2026-09-06 18:11:50 [WARN] Another instance is already running. Exiting.
2026-09-06 18:21:50 [WARN] Another instance is already running. Exiting.
2026-09-06 18:31:51 [WARN] Another instance is already running. Exiting.
2026-09-06 18:41:50 [WARN] Another instance is already running. Exiting.
2026-09-06 18:51:50 [WARN] Another instance is already running. Exiting.
2026-09-06 19:01:50 [WARN] Another instance is already running. Exiting.
2026-09-06 19:11:51 [WARN] Another instance is already running. Exiting.
2026-09-06 19:21:51 [WARN] Another instance is already running. Exiting.
2026-09-06 19:31:51 [WARN] Another instance is already running. Exiting.
2026-09-06 19:41:51 [WARN] Another instance is already running. Exiting.
2026-09-06 19:51:51 [WARN] Another instance is already running. Exiting.
2026-09-06 20:01:51 [WARN] Another instance is already running. Exiting.
2026-09-06 20:11:51 [WARN] Another instance is already running. Exiting.
2026-09-06 20:21:51 [WARN] Another instance is already running. Exiting.
2026-09-06 20:31:51 [WARN] Another instance is already running. Exiting.
2026-09-06 20:41:51 [WARN] Another instance is already running. Exiting.
2026-09-06 20:51:51 [WARN] Another instance is already running. Exiting.
2026-09-06 21:01:51 [WARN] Another instance is already running. Exiting.
2026-09-06 21:11:51 [WARN] Another instance is already running. Exiting.
2026-09-06 21:21:51 [WARN] Another instance is already running. Exiting.
2026-09-06 21:31:51 [WARN] Another instance is already running. Exiting.
2026-09-06 21:41:51 [WARN] Another instance is already running. Exiting.
2026-09-06 21:51:51 [WARN] Another instance is already running. Exiting.
2026-09-06 22:01:51 [WARN] Another instance is already running. Exiting.
2026-09-06 22:11:51 [WARN] Another instance is already running. Exiting.
2026-09-06 22:21:51 [WARN] Another instance is already running. Exiting.
2026-09-06 22:31:51 [WARN] Another instance is already running. Exiting.
2026-09-06 22:41:51 [WARN] Another instance is already running. Exiting.
2026-09-06 22:51:51 [WARN] Another instance is already running. Exiting.
2026-09-06 23:01:51 [WARN] Another instance is already running. Exiting.
2026-09-06 23:11:51 [WARN] Another instance is already running. Exiting.
2026-09-06 23:21:51 [WARN] Another instance is already running. Exiting.
2026-09-06 23:31:51 [WARN] Another instance is already running. Exiting.
2026-09-06 23:41:51 [WARN] Another instance is already running. Exiting.
2026-09-06 23:51:51 [WARN] Another instance is already running. Exiting.
2026-09-07 00:01:51 [WARN] Another instance is already running. Exiting.
2026-09-07 00:11:51 [WARN] Another instance is already running. Exiting.
2026-09-07 00:21:51 [WARN] Another instance is already running. Exiting.
2026-09-07 00:31:51 [WARN] Another instance is already running. Exiting.
2026-09-07 00:41:51 [WARN] Another instance is already running. Exiting.
2026-09-07 00:51:51 [WARN] Another instance is already running. Exiting.
2026-09-07 01:01:51 [WARN] Another instance is already running. Exiting.
2026-09-07 01:11:51 [WARN] Another instance is already running. Exiting.
2026-09-07 01:21:51 [WARN] Another instance is already running. Exiting.
2026-09-07 01:31:51 [WARN] Another instance is already running. Exiting.
2026-09-07 01:41:51 [WARN] Another instance is already running. Exiting.
2026-09-07 01:51:51 [WARN] Another instance is already running. Exiting.
2026-09-07 02:01:51 [WARN] Another instance is already running. Exiting.
2026-09-07 02:11:51 [WARN] Another instance is already running. Exiting.
2026-09-07 02:21:51 [WARN] Another instance is already running. Exiting.
2026-09-07 02:31:51 [WARN] Another instance is already running. Exiting.
2026-09-07 02:41:51 [WARN] Another instance is already running. Exiting.
2026-09-07 02:51:51 [WARN] Another instance is already running. Exiting.
2026-09-07 03:01:51 [WARN] Another instance is already running. Exiting.
2026-09-07 03:11:51 [WARN] Another instance is already running. Exiting.
2026-09-07 03:21:51 [WARN] Another instance is already running. Exiting.
2026-09-07 03:31:51 [WARN] Another instance is already running. Exiting.
2026-09-07 03:41:51 [WARN] Another instance is already running. Exiting.
2026-09-07 03:51:51 [WARN] Another instance is already running. Exiting.
2026-09-07 04:01:51 [WARN] Another instance is already running. Exiting.
2026-09-07 04:11:51 [WARN] Another instance is already running. Exiting.
2026-09-07 04:21:51 [WARN] Another instance is already running. Exiting.
2026-09-07 04:31:51 [WARN] Another instance is already running. Exiting.
2026-09-07 04:41:51 [WARN] Another instance is already running. Exiting.
2026-09-07 04:51:51 [WARN] Another instance is already running. Exiting.
2026-09-07 05:01:51 [WARN] Another instance is already running. Exiting.
2026-09-07 05:11:51 [WARN] Another instance is already running. Exiting.
2026-09-07 05:21:51 [WARN] Another instance is already running. Exiting.
2026-09-07 05:31:51 [WARN] Another instance is already running. Exiting.
2026-09-07 05:41:50 [WARN] Another instance is already running. Exiting.
2026-09-07 05:51:50 [WARN] Another instance is already running. Exiting.
2026-09-07 06:01:50 [WARN] Another instance is already running. Exiting.
2026-09-07 06:11:50 [WARN] Another instance is already running. Exiting.
2026-09-07 06:21:50 [WARN] Another instance is already running. Exiting.
2026-09-07 06:31:50 [WARN] Another instance is already running. Exiting.
2026-09-07 06:41:50 [WARN] Another instance is already running. Exiting.
2026-09-07 06:51:50 [WARN] Another instance is already running. Exiting.
2026-09-07 07:01:50 [WARN] Another instance is already running. Exiting.
2026-09-07 07:11:50 [WARN] Another instance is already running. Exiting.
2026-09-07 07:21:50 [WARN] Another instance is already running. Exiting.
2026-09-07 07:31:50 [WARN] Another instance is already running. Exiting.
2026-09-07 07:41:50 [WARN] Another instance is already running. Exiting.
2026-09-07 07:51:50 [WARN] Another instance is already running. Exiting.
2026-09-07 08:01:50 [WARN] Another instance is already running. Exiting.
2026-09-07 08:11:50 [WARN] Another instance is already running. Exiting.
2026-09-07 08:21:50 [WARN] Another instance is already running. Exiting.
2026-09-07 08:31:50 [WARN] Another instance is already running. Exiting.
2026-09-07 08:41:50 [WARN] Another instance is already running. Exiting.
2026-09-07 08:51:50 [WARN] Another instance is already running. Exiting.
2026-09-07 09:01:50 [WARN] Another instance is already running. Exiting.
2026-09-07 09:11:51 [WARN] Another instance is already running. Exiting.
2026-09-07 09:21:51 [WARN] Another instance is already running. Exiting.
2026-09-07 09:31:50 [WARN] Another instance is already running. Exiting.
2026-09-07 09:41:50 [WARN] Another instance is already running. Exiting.
2026-09-07 09:51:50 [WARN] Another instance is already running. Exiting.
2026-09-07 10:01:50 [WARN] Another instance is already running. Exiting.
2026-09-07 10:11:51 [WARN] Another instance is already running. Exiting.
2026-09-07 10:21:51 [WARN] Another instance is already running. Exiting.
2026-09-07 10:31:50 [WARN] Another instance is already running. Exiting.
2026-09-07 10:41:51 [WARN] Another instance is already running. Exiting.
2026-09-07 10:51:51 [WARN] Another instance is already running. Exiting.
2026-09-07 11:01:50 [WARN] Another instance is already running. Exiting.
2026-09-07 11:11:51 [WARN] Another instance is already running. Exiting.
2026-09-07 11:21:50 [WARN] Another instance is already running. Exiting.
2026-09-07 11:31:50 [WARN] Another instance is already running. Exiting.
2026-09-07 11:41:51 [WARN] Another instance is already running. Exiting.
2026-09-07 11:51:51 [WARN] Another instance is already running. Exiting.
2026-09-07 12:01:51 [WARN] Another instance is already running. Exiting.
2026-09-07 12:11:51 [WARN] Another instance is already running. Exiting.
2026-09-07 12:21:51 [WARN] Another instance is already running. Exiting.
2026-09-07 12:31:50 [WARN] Another instance is already running. Exiting.
2026-09-07 12:41:51 [WARN] Another instance is already running. Exiting.
2026-09-07 12:51:51 [WARN] Another instance is already running. Exiting.
2026-09-07 13:01:50 [WARN] Another instance is already running. Exiting.
2026-09-07 13:11:51 [WARN] Another instance is already running. Exiting.
2026-09-07 13:21:51 [WARN] Another instance is already running. Exiting.
2026-09-07 13:31:50 [WARN] Another instance is already running. Exiting.
2026-09-07 13:41:51 [WARN] Another instance is already running. Exiting.
2026-09-07 13:51:51 [WARN] Another instance is already running. Exiting.
2026-09-07 14:01:51 [WARN] Another instance is already running. Exiting.
2026-09-07 14:11:51 [WARN] Another instance is already running. Exiting.
2026-09-07 14:21:51 [WARN] Another instance is already running. Exiting.
2026-09-07 14:31:51 [WARN] Another instance is already running. Exiting.
2026-09-07 14:41:51 [WARN] Another instance is already running. Exiting.
2026-09-07 14:51:51 [WARN] Another instance is already running. Exiting.
2026-09-07 15:01:51 [WARN] Another instance is already running. Exiting.
2026-09-07 15:11:51 [WARN] Another instance is already running. Exiting.
2026-09-07 15:21:52 [WARN] Another instance is already running. Exiting.
2026-09-07 15:31:51 [WARN] Another instance is already running. Exiting.
2026-09-07 15:41:50 [WARN] Another instance is already running. Exiting.
2026-09-07 15:51:51 [WARN] Another instance is already running. Exiting.
2026-09-07 16:01:51 [WARN] Another instance is already running. Exiting.
2026-09-07 16:11:51 [WARN] Another instance is already running. Exiting.
2026-09-07 16:21:51 [WARN] Another instance is already running. Exiting.
2026-09-07 16:31:51 [WARN] Another instance is already running. Exiting.
2026-09-07 16:41:51 [WARN] Another instance is already running. Exiting.
2026-09-07 16:51:51 [WARN] Another instance is already running. Exiting.
2026-09-07 17:01:51 [WARN] Another instance is already running. Exiting.
2026-09-07 17:11:51 [WARN] Another instance is already running. Exiting.
2026-09-07 17:21:51 [WARN] Another instance is already running. Exiting.
2026-09-07 17:31:51 [WARN] Another instance is already running. Exiting.
2026-09-07 17:41:51 [WARN] Another instance is already running. Exiting.
2026-09-07 17:51:51 [WARN] Another instance is already running. Exiting.
2026-09-07 18:01:51 [WARN] Another instance is already running. Exiting.
2026-09-07 18:11:51 [WARN] Another instance is already running. Exiting.
2026-09-07 18:21:51 [WARN] Another instance is already running. Exiting.
2026-09-07 18:31:51 [WARN] Another instance is already running. Exiting.
2026-09-07 18:41:51 [WARN] Another instance is already running. Exiting.
2026-09-07 18:51:51 [WARN] Another instance is already running. Exiting.
2026-09-07 19:01:51 [WARN] Another instance is already running. Exiting.
2026-09-07 19:11:51 [WARN] Another instance is already running. Exiting.
2026-09-07 19:21:51 [WARN] Another instance is already running. Exiting.
2026-09-07 19:31:51 [WARN] Another instance is already running. Exiting.
2026-09-07 19:41:51 [WARN] Another instance is already running. Exiting.
2026-09-07 19:51:51 [WARN] Another instance is already running. Exiting.
2026-09-07 20:01:51 [WARN] Another instance is already running. Exiting.
2026-09-07 20:11:51 [WARN] Another instance is already running. Exiting.
2026-09-07 20:21:51 [WARN] Another instance is already running. Exiting.
2026-09-07 20:31:51 [WARN] Another instance is already running. Exiting.
2026-09-07 20:41:51 [WARN] Another instance is already running. Exiting.
2026-09-07 20:51:51 [WARN] Another instance is already running. Exiting.
2026-09-07 21:01:51 [WARN] Another instance is already running. Exiting.
2026-09-07 21:11:51 [WARN] Another instance is already running. Exiting.
2026-09-07 21:21:51 [WARN] Another instance is already running. Exiting.
2026-09-07 21:31:51 [WARN] Another instance is already running. Exiting.
2026-09-07 21:41:51 [WARN] Another instance is already running. Exiting.
2026-09-07 21:51:51 [WARN] Another instance is already running. Exiting.
2026-09-07 22:01:51 [WARN] Another instance is already running. Exiting.
2026-09-07 22:11:51 [WARN] Another instance is already running. Exiting.
2026-09-07 22:21:51 [WARN] Another instance is already running. Exiting.
2026-09-07 22:31:51 [WARN] Another instance is already running. Exiting.
2026-09-07 22:41:51 [WARN] Another instance is already running. Exiting.
2026-09-07 22:51:51 [WARN] Another instance is already running. Exiting.
2026-09-07 23:01:51 [WARN] Another instance is already running. Exiting.
2026-09-07 23:11:52 [WARN] Another instance is already running. Exiting.
2026-09-07 23:21:51 [WARN] Another instance is already running. Exiting.
2026-09-07 23:31:51 [WARN] Another instance is already running. Exiting.
2026-09-07 23:41:51 [WARN] Another instance is already running. Exiting.
2026-09-07 23:51:51 [WARN] Another instance is already running. Exiting.
2026-09-08 00:01:51 [WARN] Another instance is already running. Exiting.
2026-09-08 00:11:51 [WARN] Another instance is already running. Exiting.
2026-09-08 00:21:52 [WARN] Another instance is already running. Exiting.
2026-09-08 00:31:50 [WARN] Another instance is already running. Exiting.
2026-09-08 00:41:50 [WARN] Another instance is already running. Exiting.
2026-09-08 00:51:51 [WARN] Another instance is already running. Exiting.
2026-09-08 01:01:50 [WARN] Another instance is already running. Exiting.
2026-09-08 01:11:50 [WARN] Another instance is already running. Exiting.
2026-09-08 01:21:50 [WARN] Another instance is already running. Exiting.
2026-09-08 01:31:50 [WARN] Another instance is already running. Exiting.
2026-09-08 01:41:50 [WARN] Another instance is already running. Exiting.
2026-09-08 01:51:51 [WARN] Another instance is already running. Exiting.
2026-09-08 02:01:50 [WARN] Another instance is already running. Exiting.
2026-09-08 02:11:50 [WARN] Another instance is already running. Exiting.
2026-09-08 02:21:50 [WARN] Another instance is already running. Exiting.
2026-09-08 02:31:50 [WARN] Another instance is already running. Exiting.
2026-09-08 02:41:50 [WARN] Another instance is already running. Exiting.
2026-09-08 02:51:51 [WARN] Another instance is already running. Exiting.
2026-09-08 03:01:50 [WARN] Another instance is already running. Exiting.
2026-09-08 03:11:50 [WARN] Another instance is already running. Exiting.
2026-09-08 03:21:50 [WARN] Another instance is already running. Exiting.
2026-09-08 03:31:50 [WARN] Another instance is already running. Exiting.
2026-09-08 03:41:50 [WARN] Another instance is already running. Exiting.
2026-09-08 03:51:50 [WARN] Another instance is already running. Exiting.
2026-09-08 04:01:50 [WARN] Another instance is already running. Exiting.
2026-09-08 04:11:51 [WARN] Another instance is already running. Exiting.
2026-09-08 04:21:51 [WARN] Another instance is already running. Exiting.
2026-09-08 04:31:51 [WARN] Another instance is already running. Exiting.
2026-09-08 04:41:50 [WARN] Another instance is already running. Exiting.
2026-09-08 04:51:51 [WARN] Another instance is already running. Exiting.
2026-09-08 05:01:51 [WARN] Another instance is already running. Exiting.
2026-09-08 05:11:51 [WARN] Another instance is already running. Exiting.
2026-09-08 05:21:50 [WARN] Another instance is already running. Exiting.
2026-09-08 05:31:51 [WARN] Another instance is already running. Exiting.
2026-09-08 05:41:51 [WARN] Another instance is already running. Exiting.
2026-09-08 05:51:51 [WARN] Another instance is already running. Exiting.
2026-09-08 06:01:51 [WARN] Another instance is already running. Exiting.
2026-09-08 06:11:51 [WARN] Another instance is already running. Exiting.
2026-09-08 06:21:51 [WARN] Another instance is already running. Exiting.
2026-09-08 06:31:50 [WARN] Another instance is already running. Exiting.
2026-09-08 06:41:51 [WARN] Another instance is already running. Exiting.
2026-09-08 06:51:51 [WARN] Another instance is already running. Exiting.
2026-09-08 07:01:50 [WARN] Another instance is already running. Exiting.
2026-09-08 07:11:51 [WARN] Another instance is already running. Exiting.
2026-09-08 07:21:51 [WARN] Another instance is already running. Exiting.
2026-09-08 07:31:50 [WARN] Another instance is already running. Exiting.
2026-09-08 07:41:50 [WARN] Another instance is already running. Exiting.
2026-09-08 07:51:51 [WARN] Another instance is already running. Exiting.
2026-09-08 08:01:51 [WARN] Another instance is already running. Exiting.
2026-09-08 08:11:51 [WARN] Another instance is already running. Exiting.
2026-09-08 08:21:51 [WARN] Another instance is already running. Exiting.
2026-09-08 08:31:51 [WARN] Another instance is already running. Exiting.
2026-09-08 08:41:51 [WARN] Another instance is already running. Exiting.
2026-09-08 08:51:51 [WARN] Another instance is already running. Exiting.
2026-09-08 09:01:51 [WARN] Another instance is already running. Exiting.
2026-09-08 09:11:51 [WARN] Another instance is already running. Exiting.
2026-09-08 09:21:51 [WARN] Another instance is already running. Exiting.
2026-09-08 09:31:51 [WARN] Another instance is already running. Exiting.
2026-09-08 09:41:51 [WARN] Another instance is already running. Exiting.
2026-09-08 09:51:51 [WARN] Another instance is already running. Exiting.
2026-09-08 10:01:51 [WARN] Another instance is already running. Exiting.
2026-09-08 10:11:51 [WARN] Another instance is already running. Exiting.
2026-09-08 10:21:51 [WARN] Another instance is already running. Exiting.
2026-09-08 10:31:51 [WARN] Another instance is already running. Exiting.
2026-09-08 10:41:51 [WARN] Another instance is already running. Exiting.
2026-09-08 10:51:51 [WARN] Another instance is already running. Exiting.
2026-09-08 11:01:51 [WARN] Another instance is already running. Exiting.
2026-09-08 11:11:51 [WARN] Another instance is already running. Exiting.
2026-09-08 11:21:51 [WARN] Another instance is already running. Exiting.
2026-09-08 11:31:51 [WARN] Another instance is already running. Exiting.
2026-09-08 11:41:51 [WARN] Another instance is already running. Exiting.
2026-09-08 11:51:51 [WARN] Another instance is already running. Exiting.
2026-09-08 12:01:51 [WARN] Another instance is already running. Exiting.
2026-09-08 12:11:51 [WARN] Another instance is already running. Exiting.
2026-09-08 12:21:51 [WARN] Another instance is already running. Exiting.
2026-09-08 12:31:51 [WARN] Another instance is already running. Exiting.
2026-09-08 12:41:51 [WARN] Another instance is already running. Exiting.
2026-09-08 12:51:51 [WARN] Another instance is already running. Exiting.
2026-09-08 13:01:51 [WARN] Another instance is already running. Exiting.
2026-09-08 13:11:51 [WARN] Another instance is already running. Exiting.
2026-09-08 13:21:51 [WARN] Another instance is already running. Exiting.
2026-09-08 13:31:51 [WARN] Another instance is already running. Exiting.
2026-09-08 13:41:51 [WARN] Another instance is already running. Exiting.
2026-09-08 13:51:51 [WARN] Another instance is already running. Exiting.
2026-09-08 14:01:51 [WARN] Another instance is already running. Exiting.
2026-09-08 14:11:51 [WARN] Another instance is already running. Exiting.
2026-09-08 14:21:51 [WARN] Another instance is already running. Exiting.
2026-09-08 14:31:51 [WARN] Another instance is already running. Exiting.
2026-09-08 14:41:51 [WARN] Another instance is already running. Exiting.
2026-09-08 14:51:51 [WARN] Another instance is already running. Exiting.
2026-09-08 15:01:51 [WARN] Another instance is already running. Exiting.
2026-09-08 15:11:51 [WARN] Another instance is already running. Exiting.
2026-09-08 15:21:51 [WARN] Another instance is already running. Exiting.
2026-09-08 15:31:51 [WARN] Another instance is already running. Exiting.
2026-09-08 15:41:51 [WARN] Another instance is already running. Exiting.
2026-09-08 15:51:51 [WARN] Another instance is already running. Exiting.
2026-09-08 16:01:51 [WARN] Another instance is already running. Exiting.
2026-09-08 16:11:51 [WARN] Another instance is already running. Exiting.
2026-09-08 16:21:51 [WARN] Another instance is already running. Exiting.
2026-09-08 16:31:51 [WARN] Another instance is already running. Exiting.
2026-09-08 16:41:51 [WARN] Another instance is already running. Exiting.
2026-09-08 16:51:51 [WARN] Another instance is already running. Exiting.
2026-09-08 17:01:51 [WARN] Another instance is already running. Exiting.
2026-09-08 17:11:51 [WARN] Another instance is already running. Exiting.
2026-09-08 17:21:51 [WARN] Another instance is already running. Exiting.
2026-09-08 17:31:51 [WARN] Another instance is already running. Exiting.
2026-09-08 17:41:51 [WARN] Another instance is already running. Exiting.
2026-09-08 17:51:51 [WARN] Another instance is already running. Exiting.
2026-09-08 18:01:51 [WARN] Another instance is already running. Exiting.
2026-09-08 18:11:51 [WARN] Another instance is already running. Exiting.
2026-09-08 18:21:51 [WARN] Another instance is already running. Exiting.
2026-09-08 18:31:51 [WARN] Another instance is already running. Exiting.
2026-09-08 18:41:51 [WARN] Another instance is already running. Exiting.
2026-09-08 18:51:51 [WARN] Another instance is already running. Exiting.
2026-09-08 19:01:51 [WARN] Another instance is already running. Exiting.
2026-09-08 19:11:52 [WARN] Another instance is already running. Exiting.
2026-09-08 19:21:51 [WARN] Another instance is already running. Exiting.
2026-09-08 19:31:51 [WARN] Another instance is already running. Exiting.
2026-09-08 19:41:51 [WARN] Another instance is already running. Exiting.
2026-09-08 19:51:51 [WARN] Another instance is already running. Exiting.
2026-09-08 20:01:51 [WARN] Another instance is already running. Exiting.
2026-09-08 20:11:50 [WARN] Another instance is already running. Exiting.
2026-09-08 20:21:50 [WARN] Another instance is already running. Exiting.
2026-09-08 20:31:50 [WARN] Another instance is already running. Exiting.
2026-09-08 20:41:50 [WARN] Another instance is already running. Exiting.
2026-09-08 20:51:50 [WARN] Another instance is already running. Exiting.
2026-09-08 21:01:50 [WARN] Another instance is already running. Exiting.
2026-09-08 21:11:50 [WARN] Another instance is already running. Exiting.
2026-09-08 21:21:50 [WARN] Another instance is already running. Exiting.
2026-09-08 21:31:50 [WARN] Another instance is already running. Exiting.
2026-09-08 21:41:51 [WARN] Another instance is already running. Exiting.
2026-09-08 21:51:51 [WARN] Another instance is already running. Exiting.
2026-09-08 22:01:50 [WARN] Another instance is already running. Exiting.
2026-09-08 22:11:51 [WARN] Another instance is already running. Exiting.
2026-09-08 22:21:51 [WARN] Another instance is already running. Exiting.
2026-09-08 22:31:50 [WARN] Another instance is already running. Exiting.
2026-09-08 22:41:51 [WARN] Another instance is already running. Exiting.
2026-09-08 22:51:51 [WARN] Another instance is already running. Exiting.
2026-09-08 23:01:50 [WARN] Another instance is already running. Exiting.
2026-09-08 23:11:51 [WARN] Another instance is already running. Exiting.
2026-09-08 23:21:51 [WARN] Another instance is already running. Exiting.
2026-09-08 23:31:50 [WARN] Another instance is already running. Exiting.
2026-09-08 23:41:51 [WARN] Another instance is already running. Exiting.
2026-09-08 23:51:51 [WARN] Another instance is already running. Exiting.
2026-09-09 00:01:50 [WARN] Another instance is already running. Exiting.
2026-09-09 00:11:51 [WARN] Another instance is already running. Exiting.
2026-09-09 00:21:51 [WARN] Another instance is already running. Exiting.
2026-09-09 00:31:50 [WARN] Another instance is already running. Exiting.
2026-09-09 00:41:51 [WARN] Another instance is already running. Exiting.
2026-09-09 00:51:51 [WARN] Another instance is already running. Exiting.
2026-09-09 01:01:50 [WARN] Another instance is already running. Exiting.
2026-09-09 01:11:51 [WARN] Another instance is already running. Exiting.
2026-09-09 01:21:51 [WARN] Another instance is already running. Exiting.
2026-09-09 01:31:51 [WARN] Another instance is already running. Exiting.
2026-09-09 01:41:51 [WARN] Another instance is already running. Exiting.
2026-09-09 01:51:51 [WARN] Another instance is already running. Exiting.
2026-09-09 02:01:50 [WARN] Another instance is already running. Exiting.
2026-09-09 02:11:51 [WARN] Another instance is already running. Exiting.
2026-09-09 02:21:51 [WARN] Another instance is already running. Exiting.
2026-09-09 02:31:51 [WARN] Another instance is already running. Exiting.
2026-09-09 02:41:51 [WARN] Another instance is already running. Exiting.
2026-09-09 02:51:51 [WARN] Another instance is already running. Exiting.
2026-09-09 03:01:51 [WARN] Another instance is already running. Exiting.
2026-09-09 03:11:51 [WARN] Another instance is already running. Exiting.
2026-09-09 03:22:12 [WARN] Another instance is already running. Exiting.
2026-09-09 03:32:00 [WARN] Another instance is already running. Exiting.
2026-09-09 03:41:53 [WARN] Another instance is already running. Exiting.
2026-09-09 03:51:52 [WARN] Another instance is already running. Exiting.
2026-09-09 04:01:52 [WARN] Another instance is already running. Exiting.
2026-09-09 04:11:51 [WARN] Another instance is already running. Exiting.
2026-09-09 04:21:52 [WARN] Another instance is already running. Exiting.
2026-09-09 04:31:51 [WARN] Another instance is already running. Exiting.
2026-09-09 04:41:51 [WARN] Another instance is already running. Exiting.
2026-09-09 04:51:51 [WARN] Another instance is already running. Exiting.
2026-09-09 05:01:51 [WARN] Another instance is already running. Exiting.
2026-09-09 05:11:52 [WARN] Another instance is already running. Exiting.
2026-09-09 05:21:51 [WARN] Another instance is already running. Exiting.
2026-09-09 05:31:51 [WARN] Another instance is already running. Exiting.
2026-09-09 05:41:51 [WARN] Another instance is already running. Exiting.
2026-09-09 05:51:52 [WARN] Another instance is already running. Exiting.
2026-09-09 06:01:51 [WARN] Another instance is already running. Exiting.
2026-09-09 06:11:52 [WARN] Another instance is already running. Exiting.
2026-09-09 06:21:51 [WARN] Another instance is already running. Exiting.
2026-09-09 06:31:51 [WARN] Another instance is already running. Exiting.
2026-09-09 06:41:52 [WARN] Another instance is already running. Exiting.
2026-09-09 06:51:52 [WARN] Another instance is already running. Exiting.
2026-09-09 07:01:51 [WARN] Another instance is already running. Exiting.
2026-09-09 07:11:52 [WARN] Another instance is already running. Exiting.
2026-09-09 07:21:52 [WARN] Another instance is already running. Exiting.
2026-09-09 07:31:51 [WARN] Another instance is already running. Exiting.
2026-09-09 07:41:51 [WARN] Another instance is already running. Exiting.
2026-09-09 07:51:52 [WARN] Another instance is already running. Exiting.
2026-09-09 08:01:52 [WARN] Another instance is already running. Exiting.
2026-09-09 08:11:52 [WARN] Another instance is already running. Exiting.
2026-09-09 08:21:52 [WARN] Another instance is already running. Exiting.
2026-09-09 08:31:52 [WARN] Another instance is already running. Exiting.
2026-09-09 08:41:51 [WARN] Another instance is already running. Exiting.
2026-09-09 08:51:51 [WARN] Another instance is already running. Exiting.
2026-09-09 09:01:52 [WARN] Another instance is already running. Exiting.
2026-09-09 09:11:52 [WARN] Another instance is already running. Exiting.
2026-09-09 09:21:52 [WARN] Another instance is already running. Exiting.
2026-09-09 09:31:52 [WARN] Another instance is already running. Exiting.
2026-09-09 09:41:52 [WARN] Another instance is already running. Exiting.
2026-09-09 09:51:52 [WARN] Another instance is already running. Exiting.
2026-09-09 10:01:52 [WARN] Another instance is already running. Exiting.
2026-09-09 10:11:52 [WARN] Another instance is already running. Exiting.
2026-09-09 10:21:52 [WARN] Another instance is already running. Exiting.
2026-09-09 10:31:52 [WARN] Another instance is already running. Exiting.
2026-09-09 10:41:52 [WARN] Another instance is already running. Exiting.
2026-09-09 10:51:52 [WARN] Another instance is already running. Exiting.
2026-09-09 11:01:51 [WARN] Another instance is already running. Exiting.
2026-09-09 11:11:51 [WARN] Another instance is already running. Exiting.
2026-09-09 11:21:51 [WARN] Another instance is already running. Exiting.
2026-09-09 11:31:50 [WARN] Another instance is already running. Exiting.
2026-09-09 11:41:51 [WARN] Another instance is already running. Exiting.
2026-09-09 11:51:51 [WARN] Another instance is already running. Exiting.
2026-09-09 12:01:51 [WARN] Another instance is already running. Exiting.
2026-09-09 12:11:51 [WARN] Another instance is already running. Exiting.
2026-09-09 12:21:51 [WARN] Another instance is already running. Exiting.
2026-09-09 12:31:51 [WARN] Another instance is already running. Exiting.
2026-09-09 12:41:51 [WARN] Another instance is already running. Exiting.
2026-09-09 12:51:51 [WARN] Another instance is already running. Exiting.
2026-09-09 13:01:51 [WARN] Another instance is already running. Exiting.
2026-09-09 13:11:51 [WARN] Another instance is already running. Exiting.
2026-09-09 13:21:51 [WARN] Another instance is already running. Exiting.
2026-09-09 13:31:51 [WARN] Another instance is already running. Exiting.
2026-09-09 13:41:51 [WARN] Another instance is already running. Exiting.
2026-09-09 13:51:51 [WARN] Another instance is already running. Exiting.
2026-09-09 14:01:51 [WARN] Another instance is already running. Exiting.
2026-09-09 14:11:51 [WARN] Another instance is already running. Exiting.
2026-09-09 14:21:51 [WARN] Another instance is already running. Exiting.
2026-09-09 14:31:51 [WARN] Another instance is already running. Exiting.
2026-09-09 14:41:51 [WARN] Another instance is already running. Exiting.
2026-09-09 14:51:51 [WARN] Another instance is already running. Exiting.
2026-09-09 15:01:51 [WARN] Another instance is already running. Exiting.
2026-09-09 15:11:51 [WARN] Another instance is already running. Exiting.
2026-09-09 15:21:51 [WARN] Another instance is already running. Exiting.
2026-09-09 15:31:51 [WARN] Another instance is already running. Exiting.
2026-09-09 15:41:51 [WARN] Another instance is already running. Exiting.
2026-09-09 15:51:51 [WARN] Another instance is already running. Exiting.
2026-09-09 16:01:51 [WARN] Another instance is already running. Exiting.
2026-09-09 16:11:51 [WARN] Another instance is already running. Exiting.
2026-09-09 16:21:51 [WARN] Another instance is already running. Exiting.
2026-09-09 16:31:51 [WARN] Another instance is already running. Exiting.
2026-09-09 16:41:51 [WARN] Another instance is already running. Exiting.
2026-09-09 16:51:51 [WARN] Another instance is already running. Exiting.
2026-09-09 17:01:51 [WARN] Another instance is already running. Exiting.
2026-09-09 17:11:51 [WARN] Another instance is already running. Exiting.
2026-09-09 17:21:51 [WARN] Another instance is already running. Exiting.
2026-09-09 17:31:51 [WARN] Another instance is already running. Exiting.
2026-09-09 17:41:51 [WARN] Another instance is already running. Exiting.
2026-09-09 17:51:51 [WARN] Another instance is already running. Exiting.
2026-09-09 18:01:51 [WARN] Another instance is already running. Exiting.
2026-09-09 18:11:51 [WARN] Another instance is already running. Exiting.
2026-09-09 18:21:50 [WARN] Another instance is already running. Exiting.
2026-09-09 18:31:51 [WARN] Another instance is already running. Exiting.
2026-09-09 18:41:51 [WARN] Another instance is already running. Exiting.
2026-09-09 18:51:50 [WARN] Another instance is already running. Exiting.
2026-09-09 19:01:51 [WARN] Another instance is already running. Exiting.
2026-09-09 19:11:50 [WARN] Another instance is already running. Exiting.
2026-09-09 19:21:50 [WARN] Another instance is already running. Exiting.
2026-09-09 19:31:51 [WARN] Another instance is already running. Exiting.
2026-09-09 19:41:50 [WARN] Another instance is already running. Exiting.
2026-09-09 19:51:50 [WARN] Another instance is already running. Exiting.
2026-09-09 20:01:50 [WARN] Another instance is already running. Exiting.
2026-09-09 20:11:50 [WARN] Another instance is already running. Exiting.
2026-09-09 20:21:50 [WARN] Another instance is already running. Exiting.
2026-09-09 20:31:50 [WARN] Another instance is already running. Exiting.
2026-09-09 20:41:51 [WARN] Another instance is already running. Exiting.
2026-09-09 20:51:50 [WARN] Another instance is already running. Exiting.
2026-09-09 21:01:51 [WARN] Another instance is already running. Exiting.
2026-09-09 21:11:51 [WARN] Another instance is already running. Exiting.
2026-09-09 21:21:51 [WARN] Another instance is already running. Exiting.
2026-09-09 21:31:51 [WARN] Another instance is already running. Exiting.
2026-09-09 21:41:51 [WARN] Another instance is already running. Exiting.
2026-09-09 21:51:51 [WARN] Another instance is already running. Exiting.
2026-09-09 22:01:51 [WARN] Another instance is already running. Exiting.
2026-09-09 22:11:51 [WARN] Another instance is already running. Exiting.
2026-09-09 22:21:51 [WARN] Another instance is already running. Exiting.
2026-09-09 22:31:51 [WARN] Another instance is already running. Exiting.
2026-09-09 22:41:51 [WARN] Another instance is already running. Exiting.
2026-09-09 22:51:51 [WARN] Another instance is already running. Exiting.
2026-09-09 23:01:51 [WARN] Another instance is already running. Exiting.
2026-09-09 23:11:51 [WARN] Another instance is already running. Exiting.
2026-09-09 23:21:51 [WARN] Another instance is already running. Exiting.
2026-09-09 23:31:51 [WARN] Another instance is already running. Exiting.
2026-09-09 23:41:51 [WARN] Another instance is already running. Exiting.
2026-09-09 23:51:51 [WARN] Another instance is already running. Exiting.
2026-09-10 00:01:51 [WARN] Another instance is already running. Exiting.
2026-09-10 00:11:51 [WARN] Another instance is already running. Exiting.
2026-09-10 00:21:51 [WARN] Another instance is already running. Exiting.
2026-09-10 00:31:52 [WARN] Another instance is already running. Exiting.
2026-09-10 00:41:51 [WARN] Another instance is already running. Exiting.
2026-09-10 00:51:51 [WARN] Another instance is already running. Exiting.
2026-09-10 01:01:52 [WARN] Another instance is already running. Exiting.
2026-09-10 01:11:51 [WARN] Another instance is already running. Exiting.
2026-09-10 01:21:51 [WARN] Another instance is already running. Exiting.
2026-09-10 01:31:51 [WARN] Another instance is already running. Exiting.
2026-09-10 01:41:51 [WARN] Another instance is already running. Exiting.
2026-09-10 01:51:51 [WARN] Another instance is already running. Exiting.
2026-09-10 02:01:52 [WARN] Another instance is already running. Exiting.
2026-09-10 02:11:51 [WARN] Another instance is already running. Exiting.
2026-09-10 02:21:51 [WARN] Another instance is already running. Exiting.
2026-09-10 02:31:51 [WARN] Another instance is already running. Exiting.
2026-09-10 02:41:51 [WARN] Another instance is already running. Exiting.
2026-09-10 02:51:51 [WARN] Another instance is already running. Exiting.
2026-09-10 03:01:52 [WARN] Another instance is already running. Exiting.
2026-09-10 03:11:51 [WARN] Another instance is already running. Exiting.
2026-09-10 03:21:51 [WARN] Another instance is already running. Exiting.
2026-09-10 03:31:52 [WARN] Another instance is already running. Exiting.
2026-09-10 03:41:51 [WARN] Another instance is already running. Exiting.
2026-09-10 03:51:51 [WARN] Another instance is already running. Exiting.
2026-09-10 04:01:52 [WARN] Another instance is already running. Exiting.
2026-09-10 04:11:51 [WARN] Another instance is already running. Exiting.
2026-09-10 04:21:51 [WARN] Another instance is already running. Exiting.
2026-09-10 04:31:52 [WARN] Another instance is already running. Exiting.
2026-09-10 04:41:51 [WARN] Another instance is already running. Exiting.
2026-09-10 04:51:51 [WARN] Another instance is already running. Exiting.
2026-09-10 05:01:52 [WARN] Another instance is already running. Exiting.
2026-09-10 05:11:51 [WARN] Another instance is already running. Exiting.
2026-09-10 05:21:51 [WARN] Another instance is already running. Exiting.
2026-09-10 05:31:53 [WARN] Another instance is already running. Exiting.
2026-09-10 05:41:51 [WARN] Another instance is already running. Exiting.
2026-09-10 05:51:51 [WARN] Another instance is already running. Exiting.
2026-09-10 06:01:52 [WARN] Another instance is already running. Exiting.
2026-09-10 06:11:51 [WARN] Another instance is already running. Exiting.
2026-09-10 06:21:51 [WARN] Another instance is already running. Exiting.
2026-09-10 06:31:52 [WARN] Another instance is already running. Exiting.
2026-09-10 06:41:51 [WARN] Another instance is already running. Exiting.
2026-09-10 06:51:51 [WARN] Another instance is already running. Exiting.
2026-09-10 07:01:53 [WARN] Another instance is already running. Exiting.
2026-09-10 07:11:51 [WARN] Another instance is already running. Exiting.
2026-09-10 07:21:51 [WARN] Another instance is already running. Exiting.
2026-09-10 07:31:53 [WARN] Another instance is already running. Exiting.
2026-09-10 07:41:51 [WARN] Another instance is already running. Exiting.
2026-09-10 07:51:51 [WARN] Another instance is already running. Exiting.
2026-09-10 08:01:53 [WARN] Another instance is already running. Exiting.
2026-09-10 08:11:51 [WARN] Another instance is already running. Exiting.
2026-09-10 08:21:51 [WARN] Another instance is already running. Exiting.
2026-09-10 08:31:53 [WARN] Another instance is already running. Exiting.
2026-09-10 08:41:52 [WARN] Another instance is already running. Exiting.
2026-09-10 08:51:51 [WARN] Another instance is already running. Exiting.
2026-09-10 09:01:53 [WARN] Another instance is already running. Exiting.
2026-09-10 09:11:51 [WARN] Another instance is already running. Exiting.
2026-09-10 09:21:51 [WARN] Another instance is already running. Exiting.
2026-09-10 09:31:53 [WARN] Another instance is already running. Exiting.
2026-09-10 09:41:51 [WARN] Another instance is already running. Exiting.
2026-09-10 09:51:50 [WARN] Another instance is already running. Exiting.
2026-09-10 10:01:56 [WARN] Another instance is already running. Exiting.
2026-09-10 10:11:51 [WARN] Another instance is already running. Exiting.
2026-09-10 10:21:50 [WARN] Another instance is already running. Exiting.
2026-09-10 10:31:55 [WARN] Another instance is already running. Exiting.
2026-09-10 10:41:51 [WARN] Another instance is already running. Exiting.
2026-09-10 10:51:50 [WARN] Another instance is already running. Exiting.
2026-09-10 11:01:57 [WARN] Another instance is already running. Exiting.
2026-09-10 11:11:51 [WARN] Another instance is already running. Exiting.
2026-09-10 11:21:50 [WARN] Another instance is already running. Exiting.
2026-09-10 11:31:50 [WARN] Another instance is already running. Exiting.
2026-09-10 11:41:50 [WARN] Another instance is already running. Exiting.
2026-09-10 11:51:50 [WARN] Another instance is already running. Exiting.
2026-09-10 12:01:50 [WARN] Another instance is already running. Exiting.
2026-09-10 12:11:50 [WARN] Another instance is already running. Exiting.
2026-09-10 12:21:50 [WARN] Another instance is already running. Exiting.
2026-09-10 12:31:50 [WARN] Another instance is already running. Exiting.
2026-09-10 12:41:50 [WARN] Another instance is already running. Exiting.
2026-09-10 12:51:50 [WARN] Another instance is already running. Exiting.
2026-09-10 13:01:51 [WARN] Another instance is already running. Exiting.
2026-09-10 13:11:51 [WARN] Another instance is already running. Exiting.
2026-09-10 13:21:50 [WARN] Another instance is already running. Exiting.
2026-09-10 13:31:50 [WARN] Another instance is already running. Exiting.
2026-09-10 13:41:50 [WARN] Another instance is already running. Exiting.
2026-09-10 13:51:50 [WARN] Another instance is already running. Exiting.
2026-09-10 14:01:50 [WARN] Another instance is already running. Exiting.
2026-09-10 14:11:50 [WARN] Another instance is already running. Exiting.
2026-09-10 14:21:50 [WARN] Another instance is already running. Exiting.
2026-09-10 14:31:50 [WARN] Another instance is already running. Exiting.
2026-09-10 14:41:51 [WARN] Another instance is already running. Exiting.
2026-09-10 14:51:50 [WARN] Another instance is already running. Exiting.
2026-09-10 15:01:50 [WARN] Another instance is already running. Exiting.
2026-09-10 15:11:50 [WARN] Another instance is already running. Exiting.
2026-09-10 15:21:50 [WARN] Another instance is already running. Exiting.
2026-09-10 15:31:50 [WARN] Another instance is already running. Exiting.
2026-09-10 15:41:50 [WARN] Another instance is already running. Exiting.
2026-09-10 15:51:50 [WARN] Another instance is already running. Exiting.
2026-09-10 16:01:50 [WARN] Another instance is already running. Exiting.
2026-09-10 16:11:50 [WARN] Another instance is already running. Exiting.
2026-09-10 16:21:50 [WARN] Another instance is already running. Exiting.
2026-09-10 16:31:50 [WARN] Another instance is already running. Exiting.
2026-09-10 16:41:50 [WARN] Another instance is already running. Exiting.
2026-09-10 16:51:50 [WARN] Another instance is already running. Exiting.
2026-09-10 17:01:50 [WARN] Another instance is already running. Exiting.
2026-09-10 17:11:50 [WARN] Another instance is already running. Exiting.
2026-09-10 17:21:50 [WARN] Another instance is already running. Exiting.
2026-09-10 17:31:50 [WARN] Another instance is already running. Exiting.
2026-09-10 17:41:50 [WARN] Another instance is already running. Exiting.
2026-09-10 17:51:50 [WARN] Another instance is already running. Exiting.
2026-09-10 18:01:50 [WARN] Another instance is already running. Exiting.
2026-09-10 18:11:50 [WARN] Another instance is already running. Exiting.
2026-09-10 18:21:50 [WARN] Another instance is already running. Exiting.
2026-09-10 18:31:50 [WARN] Another instance is already running. Exiting.
2026-09-10 18:41:50 [WARN] Another instance is already running. Exiting.
2026-09-10 18:51:50 [WARN] Another instance is already running. Exiting.
2026-09-10 19:01:50 [WARN] Another instance is already running. Exiting.
2026-09-10 19:11:51 [WARN] Another instance is already running. Exiting.
2026-09-10 19:21:51 [WARN] Another instance is already running. Exiting.
2026-09-10 19:31:50 [WARN] Another instance is already running. Exiting.
2026-09-10 19:41:50 [WARN] Another instance is already running. Exiting.
2026-09-10 19:51:51 [WARN] Another instance is already running. Exiting.
2026-09-10 20:01:51 [WARN] Another instance is already running. Exiting.
2026-09-10 20:11:51 [WARN] Another instance is already running. Exiting.
2026-09-10 20:21:51 [WARN] Another instance is already running. Exiting.
2026-09-10 20:31:51 [WARN] Another instance is already running. Exiting.
2026-09-10 20:41:51 [WARN] Another instance is already running. Exiting.
2026-09-10 20:51:51 [WARN] Another instance is already running. Exiting.
2026-09-10 21:01:51 [WARN] Another instance is already running. Exiting.
2026-09-10 21:11:51 [WARN] Another instance is already running. Exiting.
2026-09-10 21:21:51 [WARN] Another instance is already running. Exiting.
2026-09-10 21:31:51 [WARN] Another instance is already running. Exiting.
2026-09-10 21:41:51 [WARN] Another instance is already running. Exiting.
2026-09-10 21:51:51 [WARN] Another instance is already running. Exiting.
2026-09-10 22:01:51 [WARN] Another instance is already running. Exiting.
2026-09-10 22:11:51 [WARN] Another instance is already running. Exiting.
2026-09-10 22:21:51 [WARN] Another instance is already running. Exiting.
2026-09-10 22:31:51 [WARN] Another instance is already running. Exiting.
2026-09-10 22:41:51 [WARN] Another instance is already running. Exiting.
2026-09-10 22:51:51 [WARN] Another instance is already running. Exiting.
2026-09-10 23:01:51 [WARN] Another instance is already running. Exiting.
2026-09-10 23:11:51 [WARN] Another instance is already running. Exiting.
2026-09-10 23:21:51 [WARN] Another instance is already running. Exiting.
2026-09-10 23:31:51 [WARN] Another instance is already running. Exiting.
2026-09-10 23:41:51 [WARN] Another instance is already running. Exiting.
2026-09-10 23:51:51 [WARN] Another instance is already running. Exiting.
2026-09-11 00:01:51 [WARN] Another instance is already running. Exiting.
2026-09-11 00:11:51 [WARN] Another instance is already running. Exiting.
2026-09-11 00:21:51 [WARN] Another instance is already running. Exiting.
2026-09-11 00:31:51 [WARN] Another instance is already running. Exiting.
2026-09-11 00:41:51 [WARN] Another instance is already running. Exiting.
2026-09-11 00:51:51 [WARN] Another instance is already running. Exiting.
2026-09-11 01:01:51 [WARN] Another instance is already running. Exiting.
2026-09-11 01:11:51 [WARN] Another instance is already running. Exiting.
2026-09-11 01:21:51 [WARN] Another instance is already running. Exiting.
2026-09-11 01:31:51 [WARN] Another instance is already running. Exiting.
2026-09-11 01:41:51 [WARN] Another instance is already running. Exiting.
2026-09-11 01:51:51 [WARN] Another instance is already running. Exiting.
2026-09-11 02:01:51 [WARN] Another instance is already running. Exiting.
2026-09-11 02:11:51 [WARN] Another instance is already running. Exiting.
2026-09-11 02:21:51 [WARN] Another instance is already running. Exiting.
2026-09-11 02:31:51 [WARN] Another instance is already running. Exiting.
2026-09-11 02:41:51 [WARN] Another instance is already running. Exiting.
2026-09-11 02:51:51 [WARN] Another instance is already running. Exiting.
2026-09-11 03:01:51 [WARN] Another instance is already running. Exiting.
2026-09-11 03:11:51 [WARN] Another instance is already running. Exiting.
2026-09-11 03:21:51 [WARN] Another instance is already running. Exiting.
2026-09-11 03:31:51 [WARN] Another instance is already running. Exiting.
2026-09-11 03:41:52 [WARN] Another instance is already running. Exiting.
2026-09-11 03:51:51 [WARN] Another instance is already running. Exiting.
2026-09-11 04:01:51 [WARN] Another instance is already running. Exiting.
2026-09-11 04:11:51 [WARN] Another instance is already running. Exiting.
2026-09-11 04:21:51 [WARN] Another instance is already running. Exiting.
2026-09-11 04:31:51 [WARN] Another instance is already running. Exiting.
2026-09-11 04:41:51 [WARN] Another instance is already running. Exiting.
2026-09-11 04:51:51 [WARN] Another instance is already running. Exiting.
2026-09-11 05:01:51 [WARN] Another instance is already running. Exiting.
2026-09-11 05:11:51 [WARN] Another instance is already running. Exiting.
2026-09-11 05:21:51 [WARN] Another instance is already running. Exiting.
2026-09-11 05:31:51 [WARN] Another instance is already running. Exiting.
2026-09-11 05:41:51 [WARN] Another instance is already running. Exiting.
2026-09-11 05:51:51 [WARN] Another instance is already running. Exiting.
2026-09-11 06:01:50 [WARN] Another instance is already running. Exiting.
2026-09-11 06:11:50 [WARN] Another instance is already running. Exiting.
2026-09-11 06:21:50 [WARN] Another instance is already running. Exiting.
2026-09-11 06:31:50 [WARN] Another instance is already running. Exiting.
2026-09-11 06:41:50 [WARN] Another instance is already running. Exiting.
2026-09-11 06:51:50 [WARN] Another instance is already running. Exiting.
2026-09-11 07:01:50 [WARN] Another instance is already running. Exiting.
2026-09-11 07:11:50 [WARN] Another instance is already running. Exiting.
2026-09-11 07:21:50 [WARN] Another instance is already running. Exiting.
2026-09-11 07:31:50 [WARN] Another instance is already running. Exiting.
2026-09-11 07:41:50 [WARN] Another instance is already running. Exiting.
2026-09-11 07:51:50 [WARN] Another instance is already running. Exiting.
2026-09-11 08:01:50 [WARN] Another instance is already running. Exiting.
2026-09-11 08:11:50 [WARN] Another instance is already running. Exiting.
2026-09-11 08:21:50 [WARN] Another instance is already running. Exiting.
2026-09-11 08:31:50 [WARN] Another instance is already running. Exiting.
2026-09-11 08:41:50 [WARN] Another instance is already running. Exiting.
2026-09-11 08:51:50 [WARN] Another instance is already running. Exiting.
2026-09-11 09:01:50 [WARN] Another instance is already running. Exiting.
2026-09-11 09:11:50 [WARN] Another instance is already running. Exiting.
2026-09-11 09:21:50 [WARN] Another instance is already running. Exiting.
2026-09-11 09:31:50 [WARN] Another instance is already running. Exiting.
2026-09-11 09:41:50 [WARN] Another instance is already running. Exiting.
2026-09-11 09:51:50 [WARN] Another instance is already running. Exiting.
2026-09-11 10:01:50 [WARN] Another instance is already running. Exiting.
2026-09-11 10:11:50 [WARN] Another instance is already running. Exiting.
2026-09-11 10:21:50 [WARN] Another instance is already running. Exiting.
2026-09-11 10:31:50 [WARN] Another instance is already running. Exiting.
2026-09-11 10:41:50 [WARN] Another instance is already running. Exiting.
2026-09-11 10:51:50 [WARN] Another instance is already running. Exiting.
2026-09-11 11:01:50 [WARN] Another instance is already running. Exiting.
2026-09-11 11:11:50 [WARN] Another instance is already running. Exiting.
2026-09-11 11:21:50 [WARN] Another instance is already running. Exiting.
2026-09-11 11:31:50 [WARN] Another instance is already running. Exiting.
2026-09-11 11:41:50 [WARN] Another instance is already running. Exiting.
2026-09-11 11:51:50 [WARN] Another instance is already running. Exiting.
2026-09-11 12:01:50 [WARN] Another instance is already running. Exiting.
2026-09-11 12:11:50 [WARN] Another instance is already running. Exiting.
2026-09-11 12:21:50 [WARN] Another instance is already running. Exiting.
2026-09-11 12:31:50 [WARN] Another instance is already running. Exiting.
2026-09-11 12:41:50 [WARN] Another instance is already running. Exiting.
2026-09-11 12:51:50 [WARN] Another instance is already running. Exiting.
2026-09-11 13:01:50 [WARN] Another instance is already running. Exiting.
2026-09-11 13:11:50 [WARN] Another instance is already running. Exiting.
2026-09-11 13:21:50 [WARN] Another instance is already running. Exiting.
2026-09-11 13:31:50 [WARN] Another instance is already running. Exiting.
2026-09-11 13:41:51 [WARN] Another instance is already running. Exiting.
2026-09-11 13:51:50 [WARN] Another instance is already running. Exiting.
2026-09-11 14:01:50 [WARN] Another instance is already running. Exiting.
2026-09-11 14:11:50 [WARN] Another instance is already running. Exiting.
2026-09-11 14:21:51 [WARN] Another instance is already running. Exiting.
2026-09-11 14:31:50 [WARN] Another instance is already running. Exiting.
2026-09-11 14:41:51 [WARN] Another instance is already running. Exiting.
2026-09-11 14:51:50 [WARN] Another instance is already running. Exiting.
2026-09-11 15:01:50 [WARN] Another instance is already running. Exiting.
2026-09-11 15:11:50 [WARN] Another instance is already running. Exiting.
2026-09-11 15:21:51 [WARN] Another instance is already running. Exiting.
2026-09-11 15:31:50 [WARN] Another instance is already running. Exiting.
2026-09-11 15:41:50 [WARN] Another instance is already running. Exiting.
2026-09-11 15:51:50 [WARN] Another instance is already running. Exiting.
2026-09-11 16:01:50 [WARN] Another instance is already running. Exiting.
2026-09-11 16:11:50 [WARN] Another instance is already running. Exiting.
2026-09-11 16:21:51 [WARN] Another instance is already running. Exiting.
2026-09-11 16:31:51 [WARN] Another instance is already running. Exiting.
2026-09-11 16:41:51 [WARN] Another instance is already running. Exiting.
2026-09-11 16:51:50 [WARN] Another instance is already running. Exiting.
2026-09-11 17:01:50 [WARN] Another instance is already running. Exiting.
2026-09-11 17:11:50 [WARN] Another instance is already running. Exiting.
2026-09-11 17:21:50 [WARN] Another instance is already running. Exiting.
2026-09-11 17:31:50 [WARN] Another instance is already running. Exiting.
2026-09-11 17:41:50 [WARN] Another instance is already running. Exiting.
2026-09-11 17:51:51 [WARN] Another instance is already running. Exiting.
2026-09-11 18:01:51 [WARN] Another instance is already running. Exiting.
2026-09-11 18:11:51 [WARN] Another instance is already running. Exiting.
2026-09-11 18:21:51 [WARN] Another instance is already running. Exiting.
2026-09-11 18:31:51 [WARN] Another instance is already running. Exiting.
2026-09-11 18:41:51 [WARN] Another instance is already running. Exiting.
2026-09-11 18:51:51 [WARN] Another instance is already running. Exiting.
2026-09-11 19:01:51 [WARN] Another instance is already running. Exiting.
2026-09-11 19:11:51 [WARN] Another instance is already running. Exiting.
2026-09-11 19:21:51 [WARN] Another instance is already running. Exiting.
2026-09-11 19:31:51 [WARN] Another instance is already running. Exiting.
2026-09-11 19:41:51 [WARN] Another instance is already running. Exiting.
2026-09-11 19:51:51 [WARN] Another instance is already running. Exiting.
2026-09-11 20:01:51 [WARN] Another instance is already running. Exiting.
2026-09-11 20:11:51 [WARN] Another instance is already running. Exiting.
2026-09-11 20:21:51 [WARN] Another instance is already running. Exiting.
2026-09-11 20:31:51 [WARN] Another instance is already running. Exiting.
2026-09-11 20:41:51 [WARN] Another instance is already running. Exiting.
2026-09-11 20:51:51 [WARN] Another instance is already running. Exiting.
2026-09-11 21:01:51 [WARN] Another instance is already running. Exiting.
2026-09-11 21:11:51 [WARN] Another instance is already running. Exiting.
2026-09-11 21:21:51 [WARN] Another instance is already running. Exiting.
2026-09-11 21:31:51 [WARN] Another instance is already running. Exiting.
2026-09-11 21:41:51 [WARN] Another instance is already running. Exiting.
2026-09-11 21:51:51 [WARN] Another instance is already running. Exiting.
2026-09-11 22:01:51 [WARN] Another instance is already running. Exiting.
2026-09-11 22:11:51 [WARN] Another instance is already running. Exiting.
2026-09-11 22:21:51 [WARN] Another instance is already running. Exiting.
2026-09-11 22:31:51 [WARN] Another instance is already running. Exiting.
2026-09-11 22:41:51 [WARN] Another instance is already running. Exiting.
2026-09-11 22:51:51 [WARN] Another instance is already running. Exiting.
2026-09-11 23:01:51 [WARN] Another instance is already running. Exiting.
2026-09-11 23:11:51 [WARN] Another instance is already running. Exiting.
2026-09-11 23:21:51 [WARN] Another instance is already running. Exiting.
2026-09-11 23:31:51 [WARN] Another instance is already running. Exiting.
2026-09-11 23:41:51 [WARN] Another instance is already running. Exiting.
2026-09-11 23:51:51 [WARN] Another instance is already running. Exiting.
2026-09-12 00:01:51 [WARN] Another instance is already running. Exiting.
2026-09-12 00:11:51 [WARN] Another instance is already running. Exiting.
2026-09-12 00:21:51 [WARN] Another instance is already running. Exiting.
2026-09-12 00:31:51 [WARN] Another instance is already running. Exiting.
2026-09-12 00:41:51 [WARN] Another instance is already running. Exiting.
2026-09-12 00:51:51 [WARN] Another instance is already running. Exiting.
2026-09-12 01:01:51 [WARN] Another instance is already running. Exiting.
2026-09-12 01:11:51 [WARN] Another instance is already running. Exiting.
2026-09-12 01:21:51 [WARN] Another instance is already running. Exiting.
2026-09-12 01:31:51 [WARN] Another instance is already running. Exiting.
2026-09-12 01:41:51 [WARN] Another instance is already running. Exiting.
2026-09-12 01:51:51 [WARN] Another instance is already running. Exiting.
2026-09-12 02:01:51 [WARN] Another instance is already running. Exiting.
2026-09-12 02:11:51 [WARN] Another instance is already running. Exiting.
2026-09-12 02:21:51 [WARN] Another instance is already running. Exiting.
2026-09-12 02:31:51 [WARN] Another instance is already running. Exiting.
2026-09-12 02:41:51 [WARN] Another instance is already running. Exiting.
2026-09-12 02:51:51 [WARN] Another instance is already running. Exiting.
2026-09-12 03:01:51 [WARN] Another instance is already running. Exiting.
2026-09-12 03:11:51 [WARN] Another instance is already running. Exiting.
2026-09-12 03:21:51 [WARN] Another instance is already running. Exiting.
2026-09-12 03:31:51 [WARN] Another instance is already running. Exiting.
2026-09-12 03:41:51 [WARN] Another instance is already running. Exiting.
2026-09-12 03:51:51 [WARN] Another instance is already running. Exiting.
2026-09-12 04:01:51 [WARN] Another instance is already running. Exiting.
2026-09-12 04:11:52 [WARN] Another instance is already running. Exiting.
2026-09-12 04:21:51 [WARN] Another instance is already running. Exiting.
2026-09-12 04:31:51 [WARN] Another instance is already running. Exiting.
2026-09-12 04:41:51 [WARN] Another instance is already running. Exiting.
2026-09-12 04:51:51 [WARN] Another instance is already running. Exiting.
2026-09-12 05:01:50 [WARN] Another instance is already running. Exiting.
2026-09-12 05:11:50 [WARN] Another instance is already running. Exiting.
2026-09-12 05:21:50 [WARN] Another instance is already running. Exiting.
2026-09-12 05:31:50 [WARN] Another instance is already running. Exiting.
2026-09-12 05:41:50 [WARN] Another instance is already running. Exiting.
2026-09-12 05:51:50 [WARN] Another instance is already running. Exiting.
2026-09-12 06:01:50 [WARN] Another instance is already running. Exiting.
2026-09-12 06:11:50 [WARN] Another instance is already running. Exiting.
2026-09-12 06:21:50 [WARN] Another instance is already running. Exiting.
2026-09-12 06:31:50 [WARN] Another instance is already running. Exiting.
2026-09-12 06:41:50 [WARN] Another instance is already running. Exiting.
2026-09-12 06:51:50 [WARN] Another instance is already running. Exiting.
2026-09-12 07:01:50 [WARN] Another instance is already running. Exiting.
2026-09-12 07:11:50 [WARN] Another instance is already running. Exiting.
2026-09-12 07:21:50 [WARN] Another instance is already running. Exiting.
2026-09-12 07:31:50 [WARN] Another instance is already running. Exiting.
2026-09-12 07:41:50 [WARN] Another instance is already running. Exiting.
2026-09-12 07:51:50 [WARN] Another instance is already running. Exiting.
2026-09-12 08:01:50 [WARN] Another instance is already running. Exiting.
2026-09-12 08:11:51 [WARN] Another instance is already running. Exiting.
2026-09-12 08:21:50 [WARN] Another instance is already running. Exiting.
2026-09-12 08:31:50 [WARN] Another instance is already running. Exiting.
2026-09-12 08:41:50 [WARN] Another instance is already running. Exiting.
2026-09-12 08:51:50 [WARN] Another instance is already running. Exiting.
2026-09-12 09:01:50 [WARN] Another instance is already running. Exiting.
2026-09-12 09:11:50 [WARN] Another instance is already running. Exiting.
2026-09-12 09:21:50 [WARN] Another instance is already running. Exiting.
2026-09-12 09:31:50 [WARN] Another instance is already running. Exiting.
2026-09-12 09:41:50 [WARN] Another instance is already running. Exiting.
2026-09-12 09:51:51 [WARN] Another instance is already running. Exiting.
2026-09-12 10:01:50 [WARN] Another instance is already running. Exiting.
2026-09-12 10:11:50 [WARN] Another instance is already running. Exiting.
2026-09-12 10:21:50 [WARN] Another instance is already running. Exiting.
2026-09-12 10:31:50 [WARN] Another instance is already running. Exiting.
2026-09-12 10:41:50 [WARN] Another instance is already running. Exiting.
2026-09-12 10:51:50 [WARN] Another instance is already running. Exiting.
2026-09-12 11:01:50 [WARN] Another instance is already running. Exiting.
2026-09-12 11:11:50 [WARN] Another instance is already running. Exiting.
2026-09-12 11:21:50 [WARN] Another instance is already running. Exiting.
2026-09-12 11:31:50 [WARN] Another instance is already running. Exiting.
2026-09-12 11:41:50 [WARN] Another instance is already running. Exiting.
2026-09-12 11:51:50 [WARN] Another instance is already running. Exiting.
2026-09-12 12:01:50 [WARN] Another instance is already running. Exiting.
2026-09-12 12:11:50 [WARN] Another instance is already running. Exiting.
2026-09-12 12:21:50 [WARN] Another instance is already running. Exiting.
2026-09-12 12:31:50 [WARN] Another instance is already running. Exiting.
2026-09-12 12:41:50 [WARN] Another instance is already running. Exiting.
2026-09-12 12:51:50 [WARN] Another instance is already running. Exiting.
2026-09-12 13:01:50 [WARN] Another instance is already running. Exiting.
2026-09-12 13:11:50 [WARN] Another instance is already running. Exiting.
2026-09-12 13:21:50 [WARN] Another instance is already running. Exiting.
2026-09-12 13:31:50 [WARN] Another instance is already running. Exiting.
2026-09-12 13:41:50 [WARN] Another instance is already running. Exiting.
2026-09-12 13:51:50 [WARN] Another instance is already running. Exiting.
2026-09-12 14:01:50 [WARN] Another instance is already running. Exiting.
2026-09-12 14:11:50 [WARN] Another instance is already running. Exiting.
2026-09-12 14:21:51 [WARN] Another instance is already running. Exiting.
2026-09-12 14:31:50 [WARN] Another instance is already running. Exiting.
2026-09-12 14:41:50 [WARN] Another instance is already running. Exiting.
2026-09-12 14:51:50 [WARN] Another instance is already running. Exiting.
2026-09-12 15:01:50 [WARN] Another instance is already running. Exiting.
2026-09-12 15:11:50 [WARN] Another instance is already running. Exiting.
2026-09-12 15:21:50 [WARN] Another instance is already running. Exiting.
2026-09-12 15:31:50 [WARN] Another instance is already running. Exiting.
2026-09-12 15:41:51 [WARN] Another instance is already running. Exiting.
2026-09-12 15:51:51 [WARN] Another instance is already running. Exiting.
2026-09-12 16:01:51 [WARN] Another instance is already running. Exiting.
2026-09-12 16:11:50 [WARN] Another instance is already running. Exiting.
2026-09-12 16:21:50 [WARN] Another instance is already running. Exiting.
2026-09-12 16:31:50 [WARN] Another instance is already running. Exiting.
2026-09-12 16:41:51 [WARN] Another instance is already running. Exiting.
2026-09-12 16:51:51 [WARN] Another instance is already running. Exiting.
2026-09-12 17:01:51 [WARN] Another instance is already running. Exiting.
2026-09-12 17:11:51 [WARN] Another instance is already running. Exiting.
2026-09-12 17:21:51 [WARN] Another instance is already running. Exiting.
2026-09-12 17:31:51 [WARN] Another instance is already running. Exiting.
2026-09-12 17:41:51 [WARN] Another instance is already running. Exiting.
2026-09-12 17:51:51 [WARN] Another instance is already running. Exiting.
2026-09-12 18:01:51 [WARN] Another instance is already running. Exiting.
2026-09-12 18:11:51 [WARN] Another instance is already running. Exiting.
2026-09-12 18:21:51 [WARN] Another instance is already running. Exiting.
2026-09-12 18:31:51 [WARN] Another instance is already running. Exiting.
2026-09-12 18:41:51 [WARN] Another instance is already running. Exiting.
2026-09-12 18:51:51 [WARN] Another instance is already running. Exiting.
2026-09-12 19:01:51 [WARN] Another instance is already running. Exiting.
2026-09-12 19:11:51 [WARN] Another instance is already running. Exiting.
2026-09-12 19:21:51 [WARN] Another instance is already running. Exiting.
2026-09-12 19:31:51 [WARN] Another instance is already running. Exiting.
2026-09-12 19:41:51 [WARN] Another instance is already running. Exiting.
2026-09-12 19:51:51 [WARN] Another instance is already running. Exiting.
2026-09-12 20:01:51 [WARN] Another instance is already running. Exiting.
2026-09-12 20:11:51 [WARN] Another instance is already running. Exiting.
2026-09-12 20:21:51 [WARN] Another instance is already running. Exiting.
2026-09-12 20:31:51 [WARN] Another instance is already running. Exiting.
2026-09-12 20:41:51 [WARN] Another instance is already running. Exiting.
2026-09-12 20:51:51 [WARN] Another instance is already running. Exiting.
2026-09-12 21:01:51 [WARN] Another instance is already running. Exiting.
2026-09-12 21:11:51 [WARN] Another instance is already running. Exiting.
2026-09-12 21:21:51 [WARN] Another instance is already running. Exiting.
2026-09-12 21:31:51 [WARN] Another instance is already running. Exiting.
2026-09-12 21:41:51 [WARN] Another instance is already running. Exiting.
2026-09-12 21:51:51 [WARN] Another instance is already running. Exiting.
2026-09-12 22:01:51 [WARN] Another instance is already running. Exiting.
2026-09-12 22:11:51 [WARN] Another instance is already running. Exiting.
2026-09-12 22:21:51 [WARN] Another instance is already running. Exiting.
2026-09-12 22:31:51 [WARN] Another instance is already running. Exiting.
2026-09-12 22:41:51 [WARN] Another instance is already running. Exiting.
2026-09-12 22:51:51 [WARN] Another instance is already running. Exiting.
2026-09-12 23:01:51 [WARN] Another instance is already running. Exiting.
2026-09-12 23:11:51 [WARN] Another instance is already running. Exiting.
2026-09-12 23:21:51 [WARN] Another instance is already running. Exiting.
2026-09-12 23:31:51 [WARN] Another instance is already running. Exiting.
2026-09-12 23:41:51 [WARN] Another instance is already running. Exiting.
2026-09-12 23:51:51 [WARN] Another instance is already running. Exiting.
2026-09-13 00:01:51 [WARN] Another instance is already running. Exiting.
2026-09-13 00:11:51 [WARN] Another instance is already running. Exiting.
2026-09-13 00:21:51 [WARN] Another instance is already running. Exiting.
2026-09-13 00:31:51 [WARN] Another instance is already running. Exiting.
2026-09-13 00:41:51 [WARN] Another instance is already running. Exiting.
2026-09-13 00:51:51 [WARN] Another instance is already running. Exiting.
2026-09-13 01:01:51 [WARN] Another instance is already running. Exiting.
2026-09-13 01:11:51 [WARN] Another instance is already running. Exiting.
2026-09-13 01:21:51 [WARN] Another instance is already running. Exiting.
2026-09-13 01:31:51 [WARN] Another instance is already running. Exiting.
2026-09-13 01:41:51 [WARN] Another instance is already running. Exiting.
2026-09-13 01:51:51 [WARN] Another instance is already running. Exiting.
2026-09-13 02:01:51 [WARN] Another instance is already running. Exiting.
2026-09-13 02:11:51 [WARN] Another instance is already running. Exiting.
2026-09-13 02:21:51 [WARN] Another instance is already running. Exiting.
2026-09-13 02:31:51 [WARN] Another instance is already running. Exiting.
2026-09-13 02:41:51 [WARN] Another instance is already running. Exiting.
2026-09-13 02:51:51 [WARN] Another instance is already running. Exiting.
2026-09-13 03:01:51 [WARN] Another instance is already running. Exiting.
2026-09-13 03:11:51 [WARN] Another instance is already running. Exiting.
2026-09-13 03:21:51 [WARN] Another instance is already running. Exiting.
2026-09-13 03:31:51 [WARN] Another instance is already running. Exiting.
2026-09-13 03:41:51 [WARN] Another instance is already running. Exiting.
2026-09-13 03:51:50 [WARN] Another instance is already running. Exiting.
2026-09-13 04:01:50 [WARN] Another instance is already running. Exiting.
2026-09-13 04:11:50 [WARN] Another instance is already running. Exiting.
2026-09-13 04:21:50 [WARN] Another instance is already running. Exiting.
2026-09-13 04:31:50 [WARN] Another instance is already running. Exiting.
2026-09-13 04:41:50 [WARN] Another instance is already running. Exiting.
2026-09-13 04:51:50 [WARN] Another instance is already running. Exiting.
2026-09-13 05:01:50 [WARN] Another instance is already running. Exiting.
2026-09-13 05:11:50 [WARN] Another instance is already running. Exiting.
2026-09-13 05:21:50 [WARN] Another instance is already running. Exiting.
2026-09-13 05:31:50 [WARN] Another instance is already running. Exiting.
2026-09-13 05:41:50 [WARN] Another instance is already running. Exiting.
2026-09-13 05:51:50 [WARN] Another instance is already running. Exiting.
2026-09-13 06:01:50 [WARN] Another instance is already running. Exiting.
2026-09-13 06:11:50 [WARN] Another instance is already running. Exiting.
2026-09-13 06:21:50 [WARN] Another instance is already running. Exiting.
2026-09-13 06:31:50 [WARN] Another instance is already running. Exiting.
2026-09-13 06:41:51 [WARN] Another instance is already running. Exiting.
2026-09-13 06:51:50 [WARN] Another instance is already running. Exiting.
2026-09-13 07:01:50 [WARN] Another instance is already running. Exiting.
2026-09-13 07:11:50 [WARN] Another instance is already running. Exiting.
2026-09-13 07:21:50 [WARN] Another instance is already running. Exiting.
2026-09-13 07:31:50 [WARN] Another instance is already running. Exiting.
2026-09-13 07:41:50 [WARN] Another instance is already running. Exiting.
2026-09-13 07:51:50 [WARN] Another instance is already running. Exiting.
2026-09-13 08:01:50 [WARN] Another instance is already running. Exiting.
2026-09-13 08:11:50 [WARN] Another instance is already running. Exiting.
2026-09-13 08:21:50 [WARN] Another instance is already running. Exiting.
2026-09-13 08:31:50 [WARN] Another instance is already running. Exiting.
2026-09-13 08:41:50 [WARN] Another instance is already running. Exiting.
2026-09-13 08:51:50 [WARN] Another instance is already running. Exiting.
2026-09-13 09:01:50 [WARN] Another instance is already running. Exiting.
2026-09-13 09:11:50 [WARN] Another instance is already running. Exiting.
2026-09-13 09:21:50 [WARN] Another instance is already running. Exiting.
2026-09-13 09:31:50 [WARN] Another instance is already running. Exiting.
2026-09-13 09:41:50 [WARN] Another instance is already running. Exiting.
2026-09-13 09:51:50 [WARN] Another instance is already running. Exiting.
2026-09-13 10:01:50 [WARN] Another instance is already running. Exiting.
2026-09-13 10:11:50 [WARN] Another instance is already running. Exiting.
2026-09-13 10:21:50 [WARN] Another instance is already running. Exiting.
2026-09-13 10:31:50 [WARN] Another instance is already running. Exiting.
2026-09-13 10:41:50 [WARN] Another instance is already running. Exiting.
2026-09-13 10:51:50 [WARN] Another instance is already running. Exiting.
2026-09-13 11:01:50 [WARN] Another instance is already running. Exiting.
2026-09-13 11:11:51 [WARN] Another instance is already running. Exiting.
2026-09-13 11:21:50 [WARN] Another instance is already running. Exiting.
2026-09-13 11:31:50 [WARN] Another instance is already running. Exiting.
2026-09-13 11:41:50 [WARN] Another instance is already running. Exiting.
2026-09-13 11:51:50 [WARN] Another instance is already running. Exiting.
2026-09-13 12:01:50 [WARN] Another instance is already running. Exiting.
2026-09-13 12:11:50 [WARN] Another instance is already running. Exiting.
2026-09-13 12:21:50 [WARN] Another instance is already running. Exiting.
2026-09-13 12:31:50 [WARN] Another instance is already running. Exiting.
2026-09-13 12:41:50 [WARN] Another instance is already running. Exiting.
2026-09-13 12:51:50 [WARN] Another instance is already running. Exiting.
2026-09-13 13:01:50 [WARN] Another instance is already running. Exiting.
2026-09-13 13:11:50 [WARN] Another instance is already running. Exiting.
2026-09-13 13:21:50 [WARN] Another instance is already running. Exiting.
2026-09-13 13:31:50 [WARN] Another instance is already running. Exiting.
2026-09-13 13:41:50 [WARN] Another instance is already running. Exiting.
2026-09-13 13:51:50 [WARN] Another instance is already running. Exiting.
2026-09-13 14:01:50 [WARN] Another instance is already running. Exiting.
2026-09-13 14:11:51 [WARN] Another instance is already running. Exiting.
2026-09-13 14:21:51 [WARN] Another instance is already running. Exiting.
2026-09-13 14:31:51 [WARN] Another instance is already running. Exiting.
2026-09-13 14:41:51 [WARN] Another instance is already running. Exiting.
2026-09-13 14:51:51 [WARN] Another instance is already running. Exiting.
2026-09-13 15:01:51 [WARN] Another instance is already running. Exiting.
2026-09-13 15:11:51 [WARN] Another instance is already running. Exiting.
2026-09-13 15:21:51 [WARN] Another instance is already running. Exiting.
2026-09-13 15:31:51 [WARN] Another instance is already running. Exiting.
2026-09-13 15:41:51 [WARN] Another instance is already running. Exiting.
2026-09-13 15:51:51 [WARN] Another instance is already running. Exiting.
2026-09-13 16:01:51 [WARN] Another instance is already running. Exiting.
2026-09-13 16:11:51 [WARN] Another instance is already running. Exiting.
2026-09-13 16:21:51 [WARN] Another instance is already running. Exiting.
2026-09-13 16:31:51 [WARN] Another instance is already running. Exiting.
2026-09-13 16:41:51 [WARN] Another instance is already running. Exiting.
2026-09-13 16:51:51 [WARN] Another instance is already running. Exiting.
2026-09-13 17:01:51 [WARN] Another instance is already running. Exiting.
2026-09-13 17:11:51 [WARN] Another instance is already running. Exiting.
2026-09-13 17:21:51 [WARN] Another instance is already running. Exiting.
2026-09-13 17:31:51 [WARN] Another instance is already running. Exiting.
2026-09-13 17:41:51 [WARN] Another instance is already running. Exiting.
2026-09-13 17:51:51 [WARN] Another instance is already running. Exiting.
2026-09-13 18:01:51 [WARN] Another instance is already running. Exiting.
2026-09-13 18:11:51 [WARN] Another instance is already running. Exiting.
2026-09-13 18:21:51 [WARN] Another instance is already running. Exiting.
2026-09-13 18:31:51 [WARN] Another instance is already running. Exiting.
2026-09-13 18:41:51 [WARN] Another instance is already running. Exiting.
2026-09-13 18:51:51 [WARN] Another instance is already running. Exiting.
2026-09-13 19:01:51 [WARN] Another instance is already running. Exiting.
2026-09-13 19:11:51 [WARN] Another instance is already running. Exiting.
2026-09-13 19:21:51 [WARN] Another instance is already running. Exiting.
2026-09-13 19:31:51 [WARN] Another instance is already running. Exiting.
2026-09-13 19:41:51 [WARN] Another instance is already running. Exiting.
2026-09-13 19:51:51 [WARN] Another instance is already running. Exiting.
2026-09-13 20:01:51 [WARN] Another instance is already running. Exiting.
2026-09-13 20:11:51 [WARN] Another instance is already running. Exiting.
2026-09-13 20:21:51 [WARN] Another instance is already running. Exiting.
2026-09-13 20:31:51 [WARN] Another instance is already running. Exiting.
2026-09-13 20:41:51 [WARN] Another instance is already running. Exiting.
2026-09-13 20:51:51 [WARN] Another instance is already running. Exiting.
2026-09-13 21:01:51 [WARN] Another instance is already running. Exiting.
2026-09-13 21:11:51 [WARN] Another instance is already running. Exiting.
2026-09-13 21:21:51 [WARN] Another instance is already running. Exiting.
2026-09-13 21:31:51 [WARN] Another instance is already running. Exiting.
2026-09-13 21:41:51 [WARN] Another instance is already running. Exiting.
2026-09-13 21:51:51 [WARN] Another instance is already running. Exiting.
2026-09-13 22:01:51 [WARN] Another instance is already running. Exiting.
2026-09-13 22:11:51 [WARN] Another instance is already running. Exiting.
2026-09-13 22:21:51 [WARN] Another instance is already running. Exiting.
2026-09-13 22:31:51 [WARN] Another instance is already running. Exiting.
2026-09-13 22:41:51 [WARN] Another instance is already running. Exiting.
2026-09-13 22:51:51 [WARN] Another instance is already running. Exiting.
2026-09-13 23:01:51 [WARN] Another instance is already running. Exiting.
2026-09-13 23:11:51 [WARN] Another instance is already running. Exiting.
2026-09-13 23:21:51 [WARN] Another instance is already running. Exiting.
2026-09-13 23:31:51 [WARN] Another instance is already running. Exiting.
2026-09-13 23:41:51 [WARN] Another instance is already running. Exiting.
2026-09-13 23:51:51 [WARN] Another instance is already running. Exiting.
2026-09-14 00:01:51 [WARN] Another instance is already running. Exiting.
2026-09-14 00:11:51 [WARN] Another instance is already running. Exiting.
2026-09-14 00:21:51 [WARN] Another instance is already running. Exiting.
2026-09-14 00:31:51 [WARN] Another instance is already running. Exiting.
2026-09-14 00:41:51 [WARN] Another instance is already running. Exiting.
2026-09-14 00:51:51 [WARN] Another instance is already running. Exiting.
2026-09-14 01:01:51 [WARN] Another instance is already running. Exiting.
2026-09-14 01:11:50 [WARN] Another instance is already running. Exiting.
2026-09-14 01:21:50 [WARN] Another instance is already running. Exiting.
2026-09-14 01:31:50 [WARN] Another instance is already running. Exiting.
2026-09-14 01:41:50 [WARN] Another instance is already running. Exiting.
2026-09-14 01:51:50 [WARN] Another instance is already running. Exiting.
2026-09-14 02:01:50 [WARN] Another instance is already running. Exiting.
2026-09-14 02:11:50 [WARN] Another instance is already running. Exiting.
2026-09-14 02:21:50 [WARN] Another instance is already running. Exiting.
2026-09-14 02:31:50 [WARN] Another instance is already running. Exiting.
2026-09-14 02:41:50 [WARN] Another instance is already running. Exiting.
2026-09-14 02:51:50 [WARN] Another instance is already running. Exiting.
2026-09-14 03:01:50 [WARN] Another instance is already running. Exiting.
2026-09-14 03:11:50 [WARN] Another instance is already running. Exiting.
2026-09-14 03:21:50 [WARN] Another instance is already running. Exiting.
2026-09-14 03:31:50 [WARN] Another instance is already running. Exiting.
2026-09-14 03:41:50 [WARN] Another instance is already running. Exiting.
2026-09-14 03:51:50 [WARN] Another instance is already running. Exiting.
2026-09-14 04:01:50 [WARN] Another instance is already running. Exiting.
2026-09-14 04:11:51 [WARN] Another instance is already running. Exiting.
2026-09-14 04:21:50 [WARN] Another instance is already running. Exiting.
2026-09-14 04:31:50 [WARN] Another instance is already running. Exiting.
2026-09-14 04:41:50 [WARN] Another instance is already running. Exiting.
2026-09-14 04:51:50 [WARN] Another instance is already running. Exiting.
2026-09-14 05:01:50 [WARN] Another instance is already running. Exiting.
2026-09-14 05:11:50 [WARN] Another instance is already running. Exiting.
2026-09-14 05:21:50 [WARN] Another instance is already running. Exiting.
2026-09-14 05:31:50 [WARN] Another instance is already running. Exiting.
2026-09-14 05:41:50 [WARN] Another instance is already running. Exiting.
2026-09-14 05:51:50 [WARN] Another instance is already running. Exiting.
2026-09-14 06:01:50 [WARN] Another instance is already running. Exiting.
2026-09-14 06:11:50 [WARN] Another instance is already running. Exiting.
2026-09-14 06:21:50 [WARN] Another instance is already running. Exiting.
2026-09-14 06:31:50 [WARN] Another instance is already running. Exiting.
2026-09-14 06:41:50 [WARN] Another instance is already running. Exiting.
2026-09-14 06:51:51 [WARN] Another instance is already running. Exiting.
2026-09-14 07:01:50 [WARN] Another instance is already running. Exiting.
2026-09-14 07:11:50 [WARN] Another instance is already running. Exiting.
2026-09-14 07:21:50 [WARN] Another instance is already running. Exiting.
2026-09-14 07:31:50 [WARN] Another instance is already running. Exiting.
2026-09-14 07:41:50 [WARN] Another instance is already running. Exiting.
2026-09-14 07:51:50 [WARN] Another instance is already running. Exiting.
2026-09-14 08:01:50 [WARN] Another instance is already running. Exiting.
2026-09-14 08:11:50 [WARN] Another instance is already running. Exiting.
2026-09-14 08:21:50 [WARN] Another instance is already running. Exiting.
2026-09-14 08:31:50 [WARN] Another instance is already running. Exiting.
2026-09-14 08:41:50 [WARN] Another instance is already running. Exiting.
2026-09-14 08:51:51 [WARN] Another instance is already running. Exiting.
2026-09-14 09:01:50 [WARN] Another instance is already running. Exiting.
2026-09-14 09:11:51 [WARN] Another instance is already running. Exiting.
2026-09-14 09:21:51 [WARN] Another instance is already running. Exiting.
2026-09-14 09:31:50 [WARN] Another instance is already running. Exiting.
2026-09-14 09:41:51 [WARN] Another instance is already running. Exiting.
2026-09-14 09:51:51 [WARN] Another instance is already running. Exiting.
2026-09-14 10:01:51 [WARN] Another instance is already running. Exiting.
2026-09-14 10:11:51 [WARN] Another instance is already running. Exiting.
2026-09-14 10:21:51 [WARN] Another instance is already running. Exiting.
2026-09-14 10:31:51 [WARN] Another instance is already running. Exiting.
2026-09-14 10:41:51 [WARN] Another instance is already running. Exiting.
2026-09-14 10:51:51 [WARN] Another instance is already running. Exiting.
2026-09-14 11:01:51 [WARN] Another instance is already running. Exiting.
2026-09-14 11:11:51 [WARN] Another instance is already running. Exiting.
2026-09-14 11:21:51 [WARN] Another instance is already running. Exiting.
2026-09-14 11:31:51 [WARN] Another instance is already running. Exiting.
2026-09-14 11:41:51 [WARN] Another instance is already running. Exiting.
2026-09-14 11:51:51 [WARN] Another instance is already running. Exiting.
2026-09-14 12:01:51 [WARN] Another instance is already running. Exiting.
2026-09-14 12:11:51 [WARN] Another instance is already running. Exiting.
2026-09-14 12:21:51 [WARN] Another instance is already running. Exiting.
2026-09-14 12:31:51 [WARN] Another instance is already running. Exiting.
2026-09-14 12:41:51 [WARN] Another instance is already running. Exiting.
2026-09-14 12:51:51 [WARN] Another instance is already running. Exiting.
2026-09-14 13:01:51 [WARN] Another instance is already running. Exiting.
2026-09-14 13:11:51 [WARN] Another instance is already running. Exiting.
2026-09-14 13:21:51 [WARN] Another instance is already running. Exiting.
2026-09-14 13:31:51 [WARN] Another instance is already running. Exiting.
2026-09-14 13:41:51 [WARN] Another instance is already running. Exiting.
2026-09-14 13:51:51 [WARN] Another instance is already running. Exiting.
2026-09-14 14:01:51 [WARN] Another instance is already running. Exiting.
2026-09-14 14:11:51 [WARN] Another instance is already running. Exiting.
2026-09-14 14:21:51 [WARN] Another instance is already running. Exiting.
2026-09-14 14:31:51 [WARN] Another instance is already running. Exiting.
2026-09-14 14:41:51 [WARN] Another instance is already running. Exiting.
2026-09-14 14:51:51 [WARN] Another instance is already running. Exiting.
2026-09-14 15:01:51 [WARN] Another instance is already running. Exiting.
2026-09-14 15:11:51 [WARN] Another instance is already running. Exiting.
2026-09-14 15:21:51 [WARN] Another instance is already running. Exiting.
2026-09-14 15:31:51 [WARN] Another instance is already running. Exiting.
2026-09-14 15:41:51 [WARN] Another instance is already running. Exiting.
2026-09-14 15:51:51 [WARN] Another instance is already running. Exiting.
2026-09-14 16:01:51 [WARN] Another instance is already running. Exiting.
2026-09-14 16:11:51 [WARN] Another instance is already running. Exiting.
2026-09-14 16:21:51 [WARN] Another instance is already running. Exiting.
2026-09-14 16:31:51 [WARN] Another instance is already running. Exiting.
2026-09-14 16:41:51 [WARN] Another instance is already running. Exiting.
2026-09-14 16:51:51 [WARN] Another instance is already running. Exiting.
2026-09-14 17:01:51 [WARN] Another instance is already running. Exiting.
2026-09-14 17:11:51 [WARN] Another instance is already running. Exiting.
2026-09-14 17:21:52 [WARN] Another instance is already running. Exiting.
2026-09-14 17:31:51 [WARN] Another instance is already running. Exiting.
2026-09-14 17:41:51 [WARN] Another instance is already running. Exiting.
2026-09-14 17:51:51 [WARN] Another instance is already running. Exiting.
2026-09-14 18:01:51 [WARN] Another instance is already running. Exiting.
2026-09-14 18:11:51 [WARN] Another instance is already running. Exiting.
2026-09-14 18:21:51 [WARN] Another instance is already running. Exiting.
2026-09-14 18:31:51 [WARN] Another instance is already running. Exiting.
2026-09-14 18:41:51 [WARN] Another instance is already running. Exiting.
2026-09-14 18:51:51 [WARN] Another instance is already running. Exiting.
2026-09-14 19:01:51 [WARN] Another instance is already running. Exiting.
2026-09-14 19:11:51 [WARN] Another instance is already running. Exiting.
2026-09-14 19:21:52 [WARN] Another instance is already running. Exiting.
2026-09-14 19:31:51 [WARN] Another instance is already running. Exiting.
2026-09-14 19:41:51 [WARN] Another instance is already running. Exiting.
2026-09-14 19:51:51 [WARN] Another instance is already running. Exiting.
2026-09-14 20:01:51 [WARN] Another instance is already running. Exiting.
2026-09-14 20:11:51 [WARN] Another instance is already running. Exiting.
2026-09-14 20:21:51 [WARN] Another instance is already running. Exiting.
2026-09-14 20:31:50 [WARN] Another instance is already running. Exiting.
2026-09-14 20:41:50 [WARN] Another instance is already running. Exiting.
2026-09-14 20:51:50 [WARN] Another instance is already running. Exiting.
2026-09-14 21:01:50 [WARN] Another instance is already running. Exiting.
2026-09-14 21:11:50 [WARN] Another instance is already running. Exiting.
2026-09-14 21:21:50 [WARN] Another instance is already running. Exiting.
2026-09-14 21:31:50 [WARN] Another instance is already running. Exiting.
2026-09-14 21:41:50 [WARN] Another instance is already running. Exiting.
2026-09-14 21:51:50 [WARN] Another instance is already running. Exiting.
2026-09-14 22:01:50 [WARN] Another instance is already running. Exiting.
2026-09-14 22:11:50 [WARN] Another instance is already running. Exiting.
2026-09-14 22:21:50 [WARN] Another instance is already running. Exiting.
2026-09-14 22:31:50 [WARN] Another instance is already running. Exiting.
2026-09-14 22:41:50 [WARN] Another instance is already running. Exiting.
2026-09-14 22:51:50 [WARN] Another instance is already running. Exiting.
2026-09-14 23:01:50 [WARN] Another instance is already running. Exiting.
2026-09-14 23:11:50 [WARN] Another instance is already running. Exiting.
2026-09-14 23:21:50 [WARN] Another instance is already running. Exiting.
2026-09-14 23:31:50 [WARN] Another instance is already running. Exiting.
2026-09-14 23:41:50 [WARN] Another instance is already running. Exiting.
2026-09-14 23:51:50 [WARN] Another instance is already running. Exiting.
2026-09-15 00:01:50 [WARN] Another instance is already running. Exiting.
2026-09-15 00:11:50 [WARN] Another instance is already running. Exiting.
2026-09-15 00:21:50 [WARN] Another instance is already running. Exiting.
2026-09-15 00:31:50 [WARN] Another instance is already running. Exiting.
2026-09-15 00:41:50 [WARN] Another instance is already running. Exiting.
2026-09-15 00:51:50 [WARN] Another instance is already running. Exiting.
2026-09-15 01:01:50 [WARN] Another instance is already running. Exiting.
2026-09-15 01:11:51 [WARN] Another instance is already running. Exiting.
2026-09-15 01:21:50 [WARN] Another instance is already running. Exiting.
2026-09-15 01:31:50 [WARN] Another instance is already running. Exiting.
2026-09-15 01:41:51 [WARN] Another instance is already running. Exiting.
2026-09-15 01:51:51 [WARN] Another instance is already running. Exiting.
2026-09-15 02:01:51 [WARN] Another instance is already running. Exiting.
2026-09-15 02:11:51 [WARN] Another instance is already running. Exiting.
2026-09-15 02:21:50 [WARN] Another instance is already running. Exiting.
2026-09-15 02:31:50 [WARN] Another instance is already running. Exiting.
2026-09-15 02:41:51 [WARN] Another instance is already running. Exiting.
2026-09-15 02:51:51 [WARN] Another instance is already running. Exiting.
2026-09-15 03:01:51 [WARN] Another instance is already running. Exiting.
2026-09-15 03:11:51 [WARN] Another instance is already running. Exiting.
2026-09-15 03:21:51 [WARN] Another instance is already running. Exiting.
2026-09-15 03:31:50 [WARN] Another instance is already running. Exiting.
2026-09-15 03:41:51 [WARN] Another instance is already running. Exiting.
2026-09-15 03:51:51 [WARN] Another instance is already running. Exiting.
2026-09-15 04:01:51 [WARN] Another instance is already running. Exiting.
2026-09-15 04:11:51 [WARN] Another instance is already running. Exiting.
2026-09-15 04:21:51 [WARN] Another instance is already running. Exiting.
2026-09-15 04:31:50 [WARN] Another instance is already running. Exiting.
2026-09-15 04:41:51 [WARN] Another instance is already running. Exiting.
2026-09-15 04:51:51 [WARN] Another instance is already running. Exiting.
2026-09-15 05:01:51 [WARN] Another instance is already running. Exiting.
2026-09-15 05:11:51 [WARN] Another instance is already running. Exiting.
2026-09-15 05:21:51 [WARN] Another instance is already running. Exiting.
2026-09-15 05:31:51 [WARN] Another instance is already running. Exiting.
2026-09-15 05:41:51 [WARN] Another instance is already running. Exiting.
2026-09-15 05:51:51 [WARN] Another instance is already running. Exiting.
2026-09-15 06:01:51 [WARN] Another instance is already running. Exiting.
2026-09-15 06:11:51 [WARN] Another instance is already running. Exiting.
2026-09-15 06:21:51 [WARN] Another instance is already running. Exiting.
2026-09-15 06:31:51 [WARN] Another instance is already running. Exiting.
2026-09-15 06:41:51 [WARN] Another instance is already running. Exiting.
2026-09-15 06:51:51 [WARN] Another instance is already running. Exiting.
2026-09-15 07:01:51 [WARN] Another instance is already running. Exiting.
2026-09-15 07:11:51 [WARN] Another instance is already running. Exiting.
2026-09-15 07:21:53 [WARN] Another instance is already running. Exiting.
2026-09-15 07:31:51 [WARN] Another instance is already running. Exiting.
2026-09-15 07:41:51 [WARN] Another instance is already running. Exiting.
2026-09-15 07:51:51 [WARN] Another instance is already running. Exiting.
2026-09-15 08:01:51 [WARN] Another instance is already running. Exiting.
2026-09-15 08:11:51 [WARN] Another instance is already running. Exiting.
2026-09-15 08:21:51 [WARN] Another instance is already running. Exiting.
2026-09-15 08:31:51 [WARN] Another instance is already running. Exiting.
2026-09-15 09:11:51 [WARN] Another instance is already running. Exiting.
2026-09-15 09:21:51 [WARN] Another instance is already running. Exiting.
2026-09-15 09:31:51 [WARN] Another instance is already running. Exiting.
2026-09-15 09:41:51 [WARN] Another instance is already running. Exiting.
2026-09-15 09:51:51 [WARN] Another instance is already running. Exiting.
2026-09-15 10:01:51 [WARN] Another instance is already running. Exiting.
2026-09-15 10:11:51 [WARN] Another instance is already running. Exiting.
2026-09-15 10:21:51 [WARN] Another instance is already running. Exiting.
2026-09-15 10:31:51 [WARN] Another instance is already running. Exiting.
2026-09-15 10:41:51 [WARN] Another instance is already running. Exiting.
2026-09-15 10:51:51 [WARN] Another instance is already running. Exiting.
2026-09-15 11:01:51 [WARN] Another instance is already running. Exiting.
2026-09-15 11:11:51 [WARN] Another instance is already running. Exiting.
2026-09-15 11:21:51 [WARN] Another instance is already running. Exiting.
2026-09-15 11:31:51 [WARN] Another instance is already running. Exiting.
2026-09-15 11:41:51 [WARN] Another instance is already running. Exiting.
2026-09-15 11:51:51 [WARN] Another instance is already running. Exiting.
2026-09-15 12:01:51 [WARN] Another instance is already running. Exiting.
2026-09-15 12:11:51 [WARN] Another instance is already running. Exiting.
2026-09-15 12:21:51 [WARN] Another instance is already running. Exiting.
2026-09-15 12:31:51 [WARN] Another instance is already running. Exiting.
2026-09-15 12:41:51 [WARN] Another instance is already running. Exiting.
2026-09-15 13:31:51 [WARN] Another instance is already running. Exiting.
2026-09-15 13:41:51 [WARN] Another instance is already running. Exiting.
2026-09-15 13:51:51 [WARN] Another instance is already running. Exiting.
2026-09-15 14:01:51 [WARN] Another instance is already running. Exiting.
2026-09-15 14:11:51 [WARN] Another instance is already running. Exiting.
2026-09-15 14:21:51 [WARN] Another instance is already running. Exiting.
2026-09-15 14:31:50 [WARN] Another instance is already running. Exiting.
2026-09-15 14:41:50 [WARN] Another instance is already running. Exiting.
2026-09-15 14:51:50 [WARN] Another instance is already running. Exiting.
2026-09-15 15:01:50 [WARN] Another instance is already running. Exiting.
2026-09-17 11:21:51 [WARN] Another instance is already running. Exiting.
2026-09-17 11:31:51 [WARN] Another instance is already running. Exiting.
2026-09-17 11:41:51 [WARN] Another instance is already running. Exiting.
2026-09-17 11:51:52 [WARN] Another instance is already running. Exiting.
2026-09-17 12:01:51 [WARN] Another instance is already running. Exiting.
2026-09-17 12:11:51 [WARN] Another instance is already running. Exiting.
2026-09-17 12:21:51 [WARN] Another instance is already running. Exiting.
2026-09-17 12:31:51 [WARN] Another instance is already running. Exiting.
2026-09-17 12:40:22 [INFO] Requesting: https://bordomavi-ai.vercel.app/api/cron/sync-news?secret=test_secret
2026-09-17 12:40:57 [SUCCESS] {"success":true,"collection":{"success":true,"sourcesProcessed":21,"itemsFetched":2323,"newItems":0,"duplicates":894,"errors":10},"analysis":{"requested":15,"processed":15,"failed":0},"generation":{"requested":3,"processed":0,"failed":2},"qualityCheck":{"success":true,"requested":3,"processed":0,"approved":0,"rejected":0,"failed":0,"results":[]},"publish":{"success":true,"requested":1,"processed":0,"failed":0,"results":[]}}
2026-09-17 12:41:51 [INFO] Requesting: https://bordomavi-ai.vercel.app/api/cron/sync-news?secret=test_secret
2026-09-17 12:42:38 [SUCCESS] {"success":true,"collection":{"success":true,"sourcesProcessed":21,"itemsFetched":2303,"newItems":0,"duplicates":885,"errors":11},"analysis":{"requested":15,"processed":15,"failed":0},"generation":{"requested":3,"processed":1,"failed":1},"qualityCheck":{"success":true,"requested":3,"processed":0,"approved":0,"rejected":0,"failed":0,"results":[]},"publish":{"success":true,"requested":1,"processed":1,"failed":0,"results":[{"contentId":"cmu5ccird0001z48p7qiixvkq","status":"PUBLISHED","facebookPostId":"1415192102080896_1787614342771919","mockMode":false}]}}
2026-09-17 12:51:51 [INFO] Requesting: https://bordomavi-ai.vercel.app/api/cron/sync-news?secret=test_secret
2026-09-17 12:52:42 [SUCCESS] {"success":true,"collection":{"success":true,"sourcesProcessed":21,"itemsFetched":2323,"newItems":2,"duplicates":890,"errors":10},"analysis":{"requested":15,"processed":14,"failed":1},"generation":{"requested":3,"processed":1,"failed":0},"qualityCheck":{"success":true,"requested":3,"processed":0,"approved":0,"rejected":0,"failed":0,"results":[]},"publish":{"success":true,"requested":1,"processed":1,"failed":0,"results":[{"contentId":"cmu5cphz200031014kzqmg76a","status":"PUBLISHED","facebookPostId":"1415192102080896_1787621249437895","mockMode":false}]}}
2026-09-17 13:01:51 [INFO] Requesting: https://bordomavi-ai.vercel.app/api/cron/sync-news?secret=test_secret
2026-09-17 13:02:26 [SUCCESS] {"success":true,"collection":{"success":true,"sourcesProcessed":21,"itemsFetched":2323,"newItems":0,"duplicates":891,"errors":10},"analysis":{"requested":15,"processed":15,"failed":0},"generation":{"requested":3,"processed":0,"failed":0},"qualityCheck":{"success":true,"requested":3,"processed":0,"approved":0,"rejected":0,"failed":0,"results":[]},"publish":{"success":true,"requested":1,"processed":0,"failed":0,"results":[]}}
2026-09-18 12:31:50 [INFO] Requesting: https://bordomavi-ai.vercel.app/api/cron/sync-news?secret=test_secret
2026-09-18 12:32:01 [ERROR] Uzak ad çözülemedi: 'bordomavi-ai.vercel.app'
2026-09-18 12:41:50 [INFO] Requesting: https://bordomavi-ai.vercel.app/api/cron/sync-news?secret=test_secret
2026-09-18 12:42:08 [SUCCESS] {"success":true,"collection":{"success":true,"sourcesProcessed":21,"itemsFetched":2322,"newItems":0,"duplicates":873,"errors":10},"analysis":{"requested":15,"processed":1,"failed":0},"generation":{"requested":3,"processed":0,"failed":0},"qualityCheck":{"success":true,"requested":3,"processed":0,"approved":0,"rejected":0,"failed":0,"results":[]},"publish":{"success":true,"requested":2,"processed":0,"failed":0,"results":[]}}
2026-09-18 12:51:50 [INFO] Requesting: https://bordomavi-ai.vercel.app/api/cron/sync-news?secret=test_secret
2026-09-18 12:52:00 [SUCCESS] {"success":true,"collection":{"success":true,"sourcesProcessed":21,"itemsFetched":2322,"newItems":1,"duplicates":872,"errors":10},"analysis":{"requested":15,"processed":1,"failed":0},"generation":{"requested":3,"processed":0,"failed":0},"qualityCheck":{"success":true,"requested":3,"processed":0,"approved":0,"rejected":0,"failed":0,"results":[]},"publish":{"success":true,"requested":2,"processed":0,"failed":0,"results":[]}}
2026-09-18 13:01:50 [INFO] Requesting: https://bordomavi-ai.vercel.app/api/cron/sync-news?secret=test_secret
2026-09-18 13:02:29 [SUCCESS] {"success":true,"collection":{"success":true,"sourcesProcessed":21,"itemsFetched":2322,"newItems":1,"duplicates":873,"errors":10},"analysis":{"requested":15,"processed":1,"failed":0},"generation":{"requested":3,"processed":2,"failed":0},"qualityCheck":{"success":true,"requested":3,"processed":0,"approved":0,"rejected":0,"failed":0,"results":[]},"publish":{"success":true,"requested":2,"processed":2,"failed":0,"results":[{"contentId":"cmu6shrba0004oq34q6vwbzol","status":"PUBLISHED","facebookPostId":"1415192102080896_1788551962678157","mockMode":false},{"contentId":"cmu6shp540003dxgr6i63ppfd","status":"PUBLISHED","facebookPostId":"1415192102080896_1788552309344789","mockMode":false}]}}
2026-09-18 13:11:50 [INFO] Requesting: https://bordomavi-ai.vercel.app/api/cron/sync-news?secret=test_secret
2026-09-18 13:12:27 [SUCCESS] {"success":true,"collection":{"success":true,"sourcesProcessed":21,"itemsFetched":2322,"newItems":1,"duplicates":872,"errors":10},"analysis":{"requested":15,"processed":1,"failed":0},"generation":{"requested":3,"processed":0,"failed":0},"qualityCheck":{"success":true,"requested":3,"processed":0,"approved":0,"rejected":0,"failed":0,"results":[]},"publish":{"success":true,"requested":2,"processed":2,"failed":0,"results":[{"contentId":"cmu6shor40002oq34agw2p27b","status":"PUBLISHED","facebookPostId":"1415192102080896_1788558146010872","mockMode":false},{"contentId":"cmu6shn9a0001dxgr3aupqfx0","status":"PUBLISHED","facebookPostId":"1415192102080896_1788558252677528","mockMode":false}]}}
2026-09-18 13:21:50 [INFO] Requesting: https://bordomavi-ai.vercel.app/api/cron/sync-news?secret=test_secret
2026-09-18 13:21:59 [SUCCESS] {"success":true,"collection":{"success":true,"sourcesProcessed":21,"itemsFetched":2322,"newItems":1,"duplicates":873,"errors":10},"analysis":{"requested":15,"processed":1,"failed":0},"generation":{"requested":3,"processed":0,"failed":0},"qualityCheck":{"success":true,"requested":3,"processed":0,"approved":0,"rejected":0,"failed":0,"results":[]},"publish":{"success":true,"requested":2,"processed":0,"failed":0,"results":[]}}
2026-09-18 13:31:50 [INFO] Requesting: https://bordomavi-ai.vercel.app/api/cron/sync-news?secret=test_secret
2026-09-18 13:32:35 [SUCCESS] {"success":true,"collection":{"success":true,"sourcesProcessed":21,"itemsFetched":2322,"newItems":0,"duplicates":879,"errors":10},"analysis":{"requested":15,"processed":2,"failed":0},"generation":{"requested":3,"processed":3,"failed":0},"qualityCheck":{"success":true,"requested":3,"processed":0,"approved":0,"rejected":0,"failed":0,"results":[]},"publish":{"success":true,"requested":2,"processed":2,"failed":0,"results":[{"contentId":"cmu6tkfcr0005m0rr060th2dv","status":"PUBLISHED","facebookPostId":"1415192102080896_1788571986009488","mockMode":false},{"contentId":"cmu6tkdi40003m0rrwbg77ddc","status":"PUBLISHED","facebookPostId":"1415192102080896_1788572112676142","mockMode":false}]}}
2026-09-18 13:41:50 [INFO] Requesting: https://bordomavi-ai.vercel.app/api/cron/sync-news?secret=test_secret
2026-09-18 13:42:22 [SUCCESS] {"success":true,"collection":{"success":true,"sourcesProcessed":21,"itemsFetched":2322,"newItems":3,"duplicates":873,"errors":10},"analysis":{"requested":15,"processed":3,"failed":0},"generation":{"requested":3,"processed":1,"failed":0},"qualityCheck":{"success":true,"requested":3,"processed":0,"approved":0,"rejected":0,"failed":0,"results":[]},"publish":{"success":true,"requested":2,"processed":2,"failed":0,"results":[{"contentId":"cmu6twy9f0004dok3faijmel0","status":"PUBLISHED","facebookPostId":"1415192102080896_1788578509342169","mockMode":false},{"contentId":"cmu6tk4o60001m0rry0ganlcq","status":"PUBLISHED","facebookPostId":"1415192102080896_1788578622675491","mockMode":false}]}}
2026-09-18 13:51:50 [INFO] Requesting: https://bordomavi-ai.vercel.app/api/cron/sync-news?secret=test_secret
2026-09-18 13:52:15 [SUCCESS] {"success":true,"collection":{"success":true,"sourcesProcessed":21,"itemsFetched":2322,"newItems":0,"duplicates":876,"errors":10},"analysis":{"requested":15,"processed":0,"failed":0},"generation":{"requested":3,"processed":0,"failed":0},"qualityCheck":{"success":true,"requested":3,"processed":0,"approved":0,"rejected":0,"failed":0,"results":[]},"publish":{"success":true,"requested":2,"processed":1,"failed":0,"results":[{"contentId":"cmu6tj2cy0001104e9abj61vc","status":"PUBLISHED","facebookPostId":"1415192102080896_1788584782674875","mockMode":false}]}}
2026-09-18 14:01:50 [INFO] Requesting: https://bordomavi-ai.vercel.app/api/cron/sync-news?secret=test_secret
2026-09-18 14:02:10 [SUCCESS] {"success":true,"collection":{"success":true,"sourcesProcessed":21,"itemsFetched":2322,"newItems":0,"duplicates":874,"errors":10},"analysis":{"requested":15,"processed":0,"failed":0},"generation":{"requested":3,"processed":1,"failed":0},"qualityCheck":{"success":true,"requested":3,"processed":0,"approved":0,"rejected":0,"failed":0,"results":[]},"publish":{"success":true,"requested":1,"processed":1,"failed":0,"results":[{"contentId":"cmu6umqez0001lz54x8xe7yvs","status":"PUBLISHED","facebookPostId":"1415192102080896_1788593012674052","mockMode":false}]}}
2026-09-18 14:11:50 [INFO] Requesting: https://bordomavi-ai.vercel.app/api/cron/sync-news?secret=test_secret
2026-09-18 14:12:06 [SUCCESS] {"success":true,"collection":{"success":true,"sourcesProcessed":21,"itemsFetched":2322,"newItems":0,"duplicates":873,"errors":10},"analysis":{"requested":15,"processed":0,"failed":0},"generation":{"requested":3,"processed":0,"failed":0},"qualityCheck":{"success":true,"requested":3,"processed":0,"approved":0,"rejected":0,"failed":0,"results":[]},"publish":{"success":true,"requested":1,"processed":1,"failed":0,"results":[{"contentId":"cmu6um5uz0001ekuc7wja0tpr","status":"PUBLISHED","facebookPostId":"1415192102080896_1788599689340051","mockMode":false}]}}
2026-09-18 14:21:50 [INFO] Requesting: https://bordomavi-ai.vercel.app/api/cron/sync-news?secret=test_secret
2026-09-18 14:22:03 [SUCCESS] {"success":true,"collection":{"success":true,"sourcesProcessed":21,"itemsFetched":2322,"newItems":0,"duplicates":872,"errors":10},"analysis":{"requested":15,"processed":0,"failed":0},"generation":{"requested":3,"processed":0,"failed":0},"qualityCheck":{"success":true,"requested":3,"processed":0,"approved":0,"rejected":0,"failed":0,"results":[]},"publish":{"success":true,"requested":1,"processed":0,"failed":0,"results":[]}}
2026-09-18 14:31:50 [INFO] Requesting: https://bordomavi-ai.vercel.app/api/cron/sync-news?secret=test_secret
2026-09-18 14:32:10 [SUCCESS] {"success":true,"collection":{"success":true,"sourcesProcessed":21,"itemsFetched":2322,"newItems":1,"duplicates":872,"errors":10},"analysis":{"requested":15,"processed":1,"failed":0},"generation":{"requested":3,"processed":3,"failed":0},"qualityCheck":{"success":true,"requested":3,"processed":0,"approved":0,"rejected":0,"failed":0,"results":[]},"publish":{"success":true,"requested":1,"processed":1,"failed":0,"results":[{"contentId":"cmu6vpaxo0007714tstt5rbam","status":"PUBLISHED","facebookPostId":"1415192102080896_1788613852671968","mockMode":false}]}}
2026-09-18 14:41:50 [INFO] Requesting: https://bordomavi-ai.vercel.app/api/cron/sync-news?secret=test_secret
2026-09-18 14:42:12 [SUCCESS] {"success":true,"collection":{"success":true,"sourcesProcessed":21,"itemsFetched":2322,"newItems":0,"duplicates":873,"errors":10},"analysis":{"requested":15,"processed":0,"failed":0},"generation":{"requested":3,"processed":2,"failed":0},"qualityCheck":{"success":true,"requested":3,"processed":0,"approved":0,"rejected":0,"failed":0,"results":[]},"publish":{"success":true,"requested":1,"processed":1,"failed":0,"results":[{"contentId":"cmu6w26pj0004v4zxabuowi1p","status":"PUBLISHED","facebookPostId":"1415192102080896_1788620922671261","mockMode":false}]}}
2026-09-18 20:11:51 [INFO] Requesting: https://bordomavi-ai.vercel.app/api/cron/sync-news?secret=test_secret
2026-09-18 20:12:51 [ERROR] Uzak sunucu hata döndürdü: (504) Að Geçidi Zaman Aþýmý.
2026-09-18 20:21:51 [INFO] Requesting: https://bordomavi-ai.vercel.app/api/cron/sync-news?secret=test_secret
2026-09-18 20:22:53 [ERROR] Uzak sunucu hata döndürdü: (504) Að Geçidi Zaman Aþýmý.
2026-09-18 20:31:51 [INFO] Requesting: https://bordomavi-ai.vercel.app/api/cron/sync-news?secret=test_secret
2026-09-18 20:32:43 [SUCCESS] {"success":true,"collection":{"success":true,"sourcesProcessed":21,"itemsFetched":2323,"newItems":0,"duplicates":192,"staleSkipped":1829,"errors":10},"analysis":{"requested":15,"processed":0,"failed":0},"generation":{"requested":3,"processed":3,"failed":0},"qualityCheck":{"success":true,"requested":3,"processed":0,"approved":0,"rejected":0,"failed":0,"results":[]},"publish":{"success":true,"requested":3,"processed":3,"failed":0,"results":[{"contentId":"cmu78kg4b0005oa1pht2mt5l8","status":"PUBLISHED","facebookPostId":"1415192102080896_1788900815976605","mockMode":false},{"contentId":"cmu78k9xl0003oa1prtbgu62m","status":"PUBLISHED","facebookPostId":"1415192102080896_1788900919309928","mockMode":false},{"contentId":"cmu78k7980001oa1pi9g8an3c","status":"PUBLISHED","facebookPostId":"1415192102080896_1788901012643252","mockMode":false}]},"statsSync":{"success":true,"processed":5,"failed":0}}
2026-09-18 20:41:51 [INFO] Requesting: https://bordomavi-ai.vercel.app/api/cron/sync-news?secret=test_secret
2026-09-18 20:42:46 [SUCCESS] {"success":true,"collection":{"success":true,"sourcesProcessed":21,"itemsFetched":2323,"newItems":0,"duplicates":192,"staleSkipped":1827,"errors":10},"analysis":{"requested":15,"processed":0,"failed":0},"generation":{"requested":3,"processed":3,"failed":0},"qualityCheck":{"success":true,"requested":3,"processed":0,"approved":0,"rejected":0,"failed":0,"results":[]},"publish":{"success":true,"requested":3,"processed":3,"failed":0,"results":[{"contentId":"cmu78xbsp000550s73oilizd5","status":"PUBLISHED","facebookPostId":"1415192102080896_1788908175975869","mockMode":false},{"contentId":"cmu78x5cf000350s7xc0980co","status":"PUBLISHED","facebookPostId":"1415192102080896_1788908285975858","mockMode":false},{"contentId":"cmu78wvle000150s7d6r2smfl","status":"PUBLISHED","facebookPostId":"1415192102080896_1788908409309179","mockMode":false}]},"statsSync":{"success":true,"processed":5,"failed":0}}
2026-09-18 20:51:51 [INFO] Requesting: https://bordomavi-ai.vercel.app/api/cron/sync-news?secret=test_secret
2026-09-18 20:52:59 [ERROR] Uzak sunucu hata döndürdü: (504) Að Geçidi Zaman Aþýmý.
2026-09-18 21:01:51 [INFO] Requesting: https://bordomavi-ai.vercel.app/api/cron/sync-news?secret=test_secret
2026-09-18 21:02:40 [SUCCESS] {"success":true,"collection":{"success":true,"sourcesProcessed":21,"itemsFetched":2323,"newItems":0,"duplicates":192,"staleSkipped":1823,"errors":10},"analysis":{"requested":15,"processed":0,"failed":0},"generation":{"requested":3,"processed":3,"failed":0},"qualityCheck":{"success":true,"requested":3,"processed":0,"approved":0,"rejected":0,"failed":0,"results":[]},"publish":{"success":true,"requested":3,"processed":3,"failed":0,"results":[{"contentId":"cmu79mwey0005ypz44dvkt2lo","status":"PUBLISHED","facebookPostId":"1415192102080896_1788924202640933","mockMode":false},{"contentId":"cmu79mrnb0003ypz4m02abumm","status":"PUBLISHED","facebookPostId":"1415192102080896_1788924369307583","mockMode":false},{"contentId":"cmu79mmwv0001ypz48g87ygjh","status":"PUBLISHED","facebookPostId":"1415192102080896_1788924545974232","mockMode":false}]},"statsSync":{"success":true,"processed":5,"failed":0}}
2026-09-18 21:11:51 [INFO] Requesting: https://bordomavi-ai.vercel.app/api/cron/sync-news?secret=test_secret
2026-09-18 21:12:48 [SUCCESS] {"success":true,"collection":{"success":true,"sourcesProcessed":21,"itemsFetched":2323,"newItems":1,"duplicates":192,"staleSkipped":1821,"errors":10},"analysis":{"requested":15,"processed":1,"failed":0},"generation":{"requested":3,"processed":3,"failed":0},"qualityCheck":{"success":true,"requested":3,"processed":0,"approved":0,"rejected":0,"failed":0,"results":[]},"publish":{"success":true,"requested":3,"processed":3,"failed":0,"results":[{"contentId":"cmu79zuwa00076k2x6jgjt1f1","status":"PUBLISHED","facebookPostId":"1415192102080896_1788932055973481","mockMode":false},{"contentId":"cmu79zs1n00056k2xvue9hlcx","status":"PUBLISHED","facebookPostId":"1415192102080896_1788932212640132","mockMode":false},{"contentId":"cmu79zpif00036k2xmug8z90k","status":"PUBLISHED","facebookPostId":"1415192102080896_1788932445973442","mockMode":false}]},"statsSync":{"success":true,"processed":5,"failed":0}}
2026-09-18 21:21:51 [INFO] Requesting: https://bordomavi-ai.vercel.app/api/cron/sync-news?secret=test_secret
2026-09-18 21:22:56 [SUCCESS] {"success":true,"collection":{"success":true,"sourcesProcessed":21,"itemsFetched":2323,"newItems":0,"duplicates":190,"staleSkipped":1821,"errors":10},"analysis":{"requested":15,"processed":0,"failed":0},"generation":{"requested":3,"processed":3,"failed":0},"qualityCheck":{"success":true,"requested":3,"processed":0,"approved":0,"rejected":0,"failed":0,"results":[]},"publish":{"success":true,"requested":3,"processed":3,"failed":0,"results":[{"contentId":"cmu7acw9y000512uexx1k313t","status":"PUBLISHED","facebookPostId":"1415192102080896_1788939685972718","mockMode":false},{"contentId":"cmu7act9b000312ueeecadqgu","status":"PUBLISHED","facebookPostId":"1415192102080896_1788939842639369","mockMode":false},{"contentId":"cmu7acrdb000112ueql1bepdi","status":"PUBLISHED","facebookPostId":"1415192102080896_1788940022639351","mockMode":false}]},"statsSync":{"success":true,"processed":5,"failed":0}}
2026-09-18 21:31:51 [INFO] Requesting: https://bordomavi-ai.vercel.app/api/cron/sync-news?secret=test_secret
2026-09-18 21:32:34 [SUCCESS] {"success":true,"collection":{"success":true,"sourcesProcessed":21,"itemsFetched":2323,"newItems":0,"duplicates":190,"staleSkipped":1819,"errors":10},"analysis":{"requested":15,"processed":0,"failed":0},"generation":{"requested":3,"processed":3,"failed":0},"qualityCheck":{"success":true,"requested":3,"processed":0,"approved":0,"rejected":0,"failed":0,"results":[]},"publish":{"success":true,"requested":3,"processed":3,"failed":0,"results":[{"contentId":"cmu7apbap0005u59aem442ovv","status":"PUBLISHED","facebookPostId":"1415192102080896_1788947135971973","mockMode":false},{"contentId":"cmu7ap9j20003u59aghzqu9rx","status":"PUBLISHED","facebookPostId":"1415192102080896_1788947289305291","mockMode":false},{"contentId":"cmu7ap7wb0001u59afzypqm7w","status":"PUBLISHED","facebookPostId":"1415192102080896_1788947412638612","mockMode":false}]},"statsSync":{"success":true,"processed":5,"failed":0}}
2026-09-18 21:41:51 [INFO] Requesting: https://bordomavi-ai.vercel.app/api/cron/sync-news?secret=test_secret
2026-09-18 21:42:51 [SUCCESS] {"success":true,"collection":{"success":true,"sourcesProcessed":21,"itemsFetched":2323,"newItems":2,"duplicates":190,"staleSkipped":1819,"errors":10},"analysis":{"requested":15,"processed":2,"failed":0},"generation":{"requested":3,"processed":3,"failed":0},"qualityCheck":{"success":true,"requested":3,"processed":0,"approved":0,"rejected":0,"failed":0,"results":[]},"publish":{"success":true,"requested":3,"processed":3,"failed":0,"results":[{"contentId":"cmu7b2fen0007a2k4klsj3pjc","status":"PUBLISHED","facebookPostId":"1415192102080896_1788955332637820","mockMode":false},{"contentId":"cmu7b290j0005a2k4xd7q8ek9","status":"PUBLISHED","facebookPostId":"1415192102080896_1788955495971137","mockMode":false},{"contentId":"cmu7b27e30003a2k4deyuxdhm","status":"PUBLISHED","facebookPostId":"1415192102080896_1788955682637785","mockMode":false}]},"statsSync":{"success":true,"processed":5,"failed":0}}
2026-09-18 21:51:51 [INFO] Requesting: https://bordomavi-ai.vercel.app/api/cron/sync-news?secret=test_secret
2026-09-18 21:52:30 [SUCCESS] {"success":true,"collection":{"success":true,"sourcesProcessed":21,"itemsFetched":2323,"newItems":0,"duplicates":191,"staleSkipped":1819,"errors":10},"analysis":{"requested":15,"processed":0,"failed":0},"generation":{"requested":3,"processed":2,"failed":0},"qualityCheck":{"success":true,"requested":3,"processed":0,"approved":0,"rejected":0,"failed":0,"results":[]},"publish":{"success":true,"requested":3,"processed":2,"failed":0,"results":[{"contentId":"cmu7bf0qd0003lotm44s6dny8","status":"PUBLISHED","facebookPostId":"1415192102080896_1788963295970357","mockMode":false},{"contentId":"cmu7bexzn0001lotm1fo4fwzc","status":"PUBLISHED","facebookPostId":"1415192102080896_1788963499303670","mockMode":false}]},"statsSync":{"success":true,"processed":5,"failed":0}}
2026-09-18 22:01:51 [INFO] Requesting: https://bordomavi-ai.vercel.app/api/cron/sync-news?secret=test_secret
2026-09-18 22:02:09 [SUCCESS] {"success":true,"collection":{"success":true,"sourcesProcessed":21,"itemsFetched":2323,"newItems":0,"duplicates":191,"staleSkipped":1817,"errors":10},"analysis":{"requested":15,"processed":0,"failed":0},"generation":{"requested":3,"processed":0,"failed":0},"qualityCheck":{"success":true,"requested":3,"processed":0,"approved":0,"rejected":0,"failed":0,"results":[]},"publish":{"success":true,"requested":3,"processed":1,"failed":0,"results":[{"contentId":"cmu73ksb70006jganx25271x8","status":"PUBLISHED","facebookPostId":"1415192102080896_1788970049303015","mockMode":false}]},"statsSync":{"success":true,"processed":5,"failed":0}}
2026-09-18 22:11:51 [INFO] Requesting: https://bordomavi-ai.vercel.app/api/cron/sync-news?secret=test_secret
2026-09-18 22:12:04 [SUCCESS] {"success":true,"collection":{"success":true,"sourcesProcessed":21,"itemsFetched":2323,"newItems":0,"duplicates":190,"staleSkipped":1817,"errors":10},"analysis":{"requested":15,"processed":0,"failed":0},"generation":{"requested":3,"processed":0,"failed":0},"qualityCheck":{"success":true,"requested":3,"processed":0,"approved":0,"rejected":0,"failed":0,"results":[]},"publish":{"success":true,"requested":3,"processed":0,"failed":0,"results":[]},"statsSync":{"success":true,"processed":5,"failed":0}}
2026-09-18 22:21:51 [INFO] Requesting: https://bordomavi-ai.vercel.app/api/cron/sync-news?secret=test_secret
2026-09-18 22:22:12 [SUCCESS] {"success":true,"collection":{"success":true,"sourcesProcessed":21,"itemsFetched":2323,"newItems":1,"duplicates":189,"staleSkipped":1815,"errors":10},"analysis":{"requested":15,"processed":1,"failed":0},"generation":{"requested":3,"processed":0,"failed":0},"qualityCheck":{"success":true,"requested":3,"processed":0,"approved":0,"rejected":0,"failed":0,"results":[]},"publish":{"success":true,"requested":3,"processed":0,"failed":0,"results":[]},"statsSync":{"success":true,"processed":5,"failed":0}}
2026-09-18 22:31:51 [INFO] Requesting: https://bordomavi-ai.vercel.app/api/cron/sync-news?secret=test_secret
2026-09-18 22:32:16 [SUCCESS] {"success":true,"collection":{"success":true,"sourcesProcessed":21,"itemsFetched":2323,"newItems":0,"duplicates":192,"staleSkipped":1813,"errors":10},"analysis":{"requested":15,"processed":0,"failed":0},"generation":{"requested":3,"processed":1,"failed":0},"qualityCheck":{"success":true,"requested":3,"processed":0,"approved":0,"rejected":0,"failed":0,"results":[]},"publish":{"success":true,"requested":3,"processed":1,"failed":0,"results":[{"contentId":"cmu7cue8e0001i4r5uv919shd","status":"PUBLISHED","facebookPostId":"1415192102080896_1788989465967740","mockMode":false}]},"statsSync":{"success":true,"processed":5,"failed":0}}
2026-09-18 22:41:51 [INFO] Requesting: https://bordomavi-ai.vercel.app/api/cron/sync-news?secret=test_secret
2026-09-18 22:42:00 [SUCCESS] {"success":true,"collection":{"success":true,"sourcesProcessed":21,"itemsFetched":2323,"newItems":0,"duplicates":192,"staleSkipped":1811,"errors":10},"analysis":{"requested":15,"processed":0,"failed":0},"generation":{"requested":3,"processed":0,"failed":0},"qualityCheck":{"success":true,"requested":3,"processed":0,"approved":0,"rejected":0,"failed":0,"results":[]},"publish":{"success":true,"requested":3,"processed":0,"failed":0,"results":[]},"statsSync":{"success":true,"processed":5,"failed":0}}
2026-09-18 22:51:51 [INFO] Requesting: https://bordomavi-ai.vercel.app/api/cron/sync-news?secret=test_secret
2026-09-18 22:52:08 [SUCCESS] {"success":true,"collection":{"success":true,"sourcesProcessed":21,"itemsFetched":2323,"newItems":1,"duplicates":192,"staleSkipped":1811,"errors":10},"analysis":{"requested":15,"processed":1,"failed":0},"generation":{"requested":3,"processed":0,"failed":0},"qualityCheck":{"success":true,"requested":3,"processed":0,"approved":0,"rejected":0,"failed":0,"results":[]},"publish":{"success":true,"requested":3,"processed":0,"failed":0,"results":[]},"statsSync":{"success":true,"processed":5,"failed":0}}
2026-09-18 23:01:51 [INFO] Requesting: https://bordomavi-ai.vercel.app/api/cron/sync-news?secret=test_secret
2026-09-18 23:02:00 [SUCCESS] {"success":true,"collection":{"success":true,"sourcesProcessed":21,"itemsFetched":2323,"newItems":0,"duplicates":192,"staleSkipped":1809,"errors":10},"analysis":{"requested":15,"processed":0,"failed":0},"generation":{"requested":3,"processed":0,"failed":0},"qualityCheck":{"success":true,"requested":3,"processed":0,"approved":0,"rejected":0,"failed":0,"results":[]},"publish":{"success":true,"requested":1,"processed":0,"failed":0,"results":[]},"statsSync":{"success":true,"processed":5,"failed":0}}
2026-09-18 23:11:51 [INFO] Requesting: https://bordomavi-ai.vercel.app/api/cron/sync-news?secret=test_secret
2026-09-18 23:12:02 [SUCCESS] {"success":true,"collection":{"success":true,"sourcesProcessed":21,"itemsFetched":2323,"newItems":0,"duplicates":190,"staleSkipped":1809,"errors":10},"analysis":{"requested":15,"processed":0,"failed":0},"generation":{"requested":3,"processed":0,"failed":0},"qualityCheck":{"success":true,"requested":3,"processed":0,"approved":0,"rejected":0,"failed":0,"results":[]},"publish":{"success":true,"requested":1,"processed":0,"failed":0,"results":[]},"statsSync":{"success":true,"processed":5,"failed":0}}
2026-09-18 23:21:51 [INFO] Requesting: https://bordomavi-ai.vercel.app/api/cron/sync-news?secret=test_secret
2026-09-18 23:22:05 [SUCCESS] {"success":true,"collection":{"success":true,"sourcesProcessed":21,"itemsFetched":2323,"newItems":1,"duplicates":188,"staleSkipped":1807,"errors":10},"analysis":{"requested":15,"processed":1,"failed":0},"generation":{"requested":3,"processed":0,"failed":0},"qualityCheck":{"success":true,"requested":3,"processed":0,"approved":0,"rejected":0,"failed":0,"results":[]},"publish":{"success":true,"requested":1,"processed":0,"failed":0,"results":[]},"statsSync":{"success":true,"processed":5,"failed":0}}
2026-09-18 23:31:51 [INFO] Requesting: https://bordomavi-ai.vercel.app/api/cron/sync-news?secret=test_secret
2026-09-18 23:32:15 [SUCCESS] {"success":true,"collection":{"success":true,"sourcesProcessed":21,"itemsFetched":2323,"newItems":0,"duplicates":188,"staleSkipped":1805,"errors":10},"analysis":{"requested":15,"processed":0,"failed":0},"generation":{"requested":3,"processed":1,"failed":0},"qualityCheck":{"success":true,"requested":3,"processed":0,"approved":0,"rejected":0,"failed":0,"results":[]},"publish":{"success":true,"requested":1,"processed":1,"failed":0,"results":[{"contentId":"cmu7ezlip0001xnlnip6ckmtx","status":"PUBLISHED","facebookPostId":"1415192102080896_1789025572630796","mockMode":false}]},"statsSync":{"success":true,"processed":5,"failed":0}}
2026-09-18 23:41:52 [INFO] Requesting: https://bordomavi-ai.vercel.app/api/cron/sync-news?secret=test_secret
2026-09-18 23:42:10 [SUCCESS] {"success":true,"collection":{"success":true,"sourcesProcessed":21,"itemsFetched":2323,"newItems":0,"duplicates":186,"staleSkipped":1805,"errors":10},"analysis":{"requested":15,"processed":0,"failed":0},"generation":{"requested":3,"processed":0,"failed":0},"qualityCheck":{"success":true,"requested":3,"processed":0,"approved":0,"rejected":0,"failed":0,"results":[]},"publish":{"success":true,"requested":1,"processed":1,"failed":0,"results":[{"contentId":"cmu7eymix0003faosqmchrh8m","status":"PUBLISHED","facebookPostId":"1415192102080896_1789030825963604","mockMode":false}]},"statsSync":{"success":true,"processed":5,"failed":0}}
2026-09-18 23:51:51 [INFO] Requesting: https://bordomavi-ai.vercel.app/api/cron/sync-news?secret=test_secret
2026-09-18 23:52:02 [SUCCESS] {"success":true,"collection":{"success":true,"sourcesProcessed":21,"itemsFetched":2323,"newItems":0,"duplicates":184,"staleSkipped":1805,"errors":10},"analysis":{"requested":15,"processed":0,"failed":0},"generation":{"requested":3,"processed":0,"failed":0},"qualityCheck":{"success":true,"requested":3,"processed":0,"approved":0,"rejected":0,"failed":0,"results":[]},"publish":{"success":true,"requested":1,"processed":0,"failed":0,"results":[]},"statsSync":{"success":true,"processed":5,"failed":0}}
2026-09-19 00:01:51 [INFO] Requesting: https://bordomavi-ai.vercel.app/api/cron/sync-news?secret=test_secret
2026-09-19 00:02:05 [SUCCESS] {"success":true,"collection":{"success":true,"sourcesProcessed":21,"itemsFetched":2323,"newItems":0,"duplicates":181,"staleSkipped":1801,"errors":10},"analysis":{"requested":15,"processed":0,"failed":0},"generation":{"requested":3,"processed":2,"failed":0},"qualityCheck":{"success":true,"requested":3,"processed":0,"approved":0,"rejected":0,"failed":0,"results":[]},"publish":{"success":true,"requested":0,"processed":0,"failed":0,"results":[]},"statsSync":{"success":true,"processed":5,"failed":0}}
2026-09-19 00:11:51 [INFO] Requesting: https://bordomavi-ai.vercel.app/api/cron/sync-news?secret=test_secret
2026-09-19 00:12:01 [SUCCESS] {"success":true,"collection":{"success":true,"sourcesProcessed":21,"itemsFetched":2323,"newItems":0,"duplicates":179,"staleSkipped":1797,"errors":10},"analysis":{"requested":15,"processed":0,"failed":0},"generation":{"requested":3,"processed":0,"failed":0},"qualityCheck":{"success":true,"requested":3,"processed":0,"approved":0,"rejected":0,"failed":0,"results":[]},"publish":{"success":true,"requested":0,"processed":0,"failed":0,"results":[]},"statsSync":{"success":true,"processed":5,"failed":0}}
2026-09-19 00:21:51 [INFO] Requesting: https://bordomavi-ai.vercel.app/api/cron/sync-news?secret=test_secret
2026-09-19 00:22:07 [SUCCESS] {"success":true,"collection":{"success":true,"sourcesProcessed":21,"itemsFetched":2323,"newItems":1,"duplicates":172,"staleSkipped":1800,"errors":10},"analysis":{"requested":15,"processed":1,"failed":0},"generation":{"requested":3,"processed":1,"failed":0},"qualityCheck":{"success":true,"requested":3,"processed":0,"approved":0,"rejected":0,"failed":0,"results":[]},"publish":{"success":true,"requested":0,"processed":0,"failed":0,"results":[]},"statsSync":{"success":true,"processed":5,"failed":0}}
2026-09-19 00:31:51 [INFO] Requesting: https://bordomavi-ai.vercel.app/api/cron/sync-news?secret=test_secret
2026-09-19 00:31:59 [SUCCESS] {"success":true,"collection":{"success":true,"sourcesProcessed":21,"itemsFetched":2323,"newItems":0,"duplicates":173,"staleSkipped":1796,"errors":10},"analysis":{"requested":15,"processed":0,"failed":0},"generation":{"requested":3,"processed":0,"failed":0},"qualityCheck":{"success":true,"requested":3,"processed":0,"approved":0,"rejected":0,"failed":0,"results":[]},"publish":{"success":true,"requested":0,"processed":0,"failed":0,"results":[]},"statsSync":{"success":true,"processed":5,"failed":0}}
2026-09-19 00:41:51 [INFO] Requesting: https://bordomavi-ai.vercel.app/api/cron/sync-news?secret=test_secret
2026-09-19 00:42:01 [SUCCESS] {"success":true,"collection":{"success":true,"sourcesProcessed":21,"itemsFetched":2323,"newItems":0,"duplicates":173,"staleSkipped":1796,"errors":10},"analysis":{"requested":15,"processed":0,"failed":0},"generation":{"requested":3,"processed":0,"failed":0},"qualityCheck":{"success":true,"requested":3,"processed":0,"approved":0,"rejected":0,"failed":0,"results":[]},"publish":{"success":true,"requested":0,"processed":0,"failed":0,"results":[]},"statsSync":{"success":true,"processed":5,"failed":0}}
2026-09-19 00:51:51 [INFO] Requesting: https://bordomavi-ai.vercel.app/api/cron/sync-news?secret=test_secret
2026-09-19 00:52:02 [SUCCESS] {"success":true,"collection":{"success":true,"sourcesProcessed":21,"itemsFetched":2323,"newItems":0,"duplicates":172,"staleSkipped":1794,"errors":10},"analysis":{"requested":15,"processed":0,"failed":0},"generation":{"requested":3,"processed":0,"failed":0},"qualityCheck":{"success":true,"requested":3,"processed":0,"approved":0,"rejected":0,"failed":0,"results":[]},"publish":{"success":true,"requested":0,"processed":0,"failed":0,"results":[]},"statsSync":{"success":true,"processed":5,"failed":0}}
2026-09-19 01:01:51 [INFO] Requesting: https://bordomavi-ai.vercel.app/api/cron/sync-news?secret=test_secret
2026-09-19 01:02:00 [SUCCESS] {"success":true,"collection":{"success":true,"sourcesProcessed":21,"itemsFetched":2323,"newItems":0,"duplicates":172,"staleSkipped":1794,"errors":10},"analysis":{"requested":15,"processed":0,"failed":0},"generation":{"requested":3,"processed":0,"failed":0},"qualityCheck":{"success":true,"requested":3,"processed":0,"approved":0,"rejected":0,"failed":0,"results":[]},"publish":{"success":true,"requested":0,"processed":0,"failed":0,"results":[]},"statsSync":{"success":true,"processed":5,"failed":0}}
2026-09-19 01:11:51 [INFO] Requesting: https://bordomavi-ai.vercel.app/api/cron/sync-news?secret=test_secret
2026-09-19 01:12:01 [SUCCESS] {"success":true,"collection":{"success":true,"sourcesProcessed":21,"itemsFetched":2323,"newItems":0,"duplicates":172,"staleSkipped":1794,"errors":10},"analysis":{"requested":15,"processed":0,"failed":0},"generation":{"requested":3,"processed":0,"failed":0},"qualityCheck":{"success":true,"requested":3,"processed":0,"approved":0,"rejected":0,"failed":0,"results":[]},"publish":{"success":true,"requested":0,"processed":0,"failed":0,"results":[]},"statsSync":{"success":true,"processed":5,"failed":0}}
2026-09-19 01:21:51 [INFO] Requesting: https://bordomavi-ai.vercel.app/api/cron/sync-news?secret=test_secret
2026-09-19 01:22:01 [SUCCESS] {"success":true,"collection":{"success":true,"sourcesProcessed":21,"itemsFetched":2323,"newItems":0,"duplicates":172,"staleSkipped":1794,"errors":10},"analysis":{"requested":15,"processed":0,"failed":0},"generation":{"requested":3,"processed":0,"failed":0},"qualityCheck":{"success":true,"requested":3,"processed":0,"approved":0,"rejected":0,"failed":0,"results":[]},"publish":{"success":true,"requested":0,"processed":0,"failed":0,"results":[]},"statsSync":{"success":true,"processed":5,"failed":0}}
2026-09-19 01:31:51 [INFO] Requesting: https://bordomavi-ai.vercel.app/api/cron/sync-news?secret=test_secret
2026-09-19 01:32:00 [SUCCESS] {"success":true,"collection":{"success":true,"sourcesProcessed":21,"itemsFetched":2323,"newItems":0,"duplicates":172,"staleSkipped":1794,"errors":10},"analysis":{"requested":15,"processed":0,"failed":0},"generation":{"requested":3,"processed":0,"failed":0},"qualityCheck":{"success":true,"requested":3,"processed":0,"approved":0,"rejected":0,"failed":0,"results":[]},"publish":{"success":true,"requested":0,"processed":0,"failed":0,"results":[]},"statsSync":{"success":true,"processed":5,"failed":0}}
2026-09-19 01:41:51 [INFO] Requesting: https://bordomavi-ai.vercel.app/api/cron/sync-news?secret=test_secret
2026-09-19 01:42:01 [SUCCESS] {"success":true,"collection":{"success":true,"sourcesProcessed":21,"itemsFetched":2323,"newItems":0,"duplicates":172,"staleSkipped":1794,"errors":10},"analysis":{"requested":15,"processed":0,"failed":0},"generation":{"requested":3,"processed":0,"failed":0},"qualityCheck":{"success":true,"requested":3,"processed":0,"approved":0,"rejected":0,"failed":0,"results":[]},"publish":{"success":true,"requested":0,"processed":0,"failed":0,"results":[]},"statsSync":{"success":true,"processed":5,"failed":0}}
2026-09-19 01:51:51 [INFO] Requesting: https://bordomavi-ai.vercel.app/api/cron/sync-news?secret=test_secret
2026-09-19 01:52:01 [SUCCESS] {"success":true,"collection":{"success":true,"sourcesProcessed":21,"itemsFetched":2323,"newItems":0,"duplicates":172,"staleSkipped":1794,"errors":10},"analysis":{"requested":15,"processed":0,"failed":0},"generation":{"requested":3,"processed":0,"failed":0},"qualityCheck":{"success":true,"requested":3,"processed":0,"approved":0,"rejected":0,"failed":0,"results":[]},"publish":{"success":true,"requested":0,"processed":0,"failed":0,"results":[]},"statsSync":{"success":true,"processed":5,"failed":0}}
2026-09-19 02:01:51 [INFO] Requesting: https://bordomavi-ai.vercel.app/api/cron/sync-news?secret=test_secret
2026-09-19 02:02:01 [SUCCESS] {"success":true,"collection":{"success":true,"sourcesProcessed":21,"itemsFetched":2323,"newItems":0,"duplicates":172,"staleSkipped":1794,"errors":10},"analysis":{"requested":15,"processed":0,"failed":0},"generation":{"requested":3,"processed":0,"failed":0},"qualityCheck":{"success":true,"requested":3,"processed":0,"approved":0,"rejected":0,"failed":0,"results":[]},"publish":{"success":true,"requested":0,"processed":0,"failed":0,"results":[]},"statsSync":{"success":true,"processed":5,"failed":0}}
2026-09-19 02:11:51 [INFO] Requesting: https://bordomavi-ai.vercel.app/api/cron/sync-news?secret=test_secret
2026-09-19 02:12:02 [SUCCESS] {"success":true,"collection":{"success":true,"sourcesProcessed":21,"itemsFetched":2323,"newItems":0,"duplicates":172,"staleSkipped":1794,"errors":10},"analysis":{"requested":15,"processed":0,"failed":0},"generation":{"requested":3,"processed":0,"failed":0},"qualityCheck":{"success":true,"requested":3,"processed":0,"approved":0,"rejected":0,"failed":0,"results":[]},"publish":{"success":true,"requested":0,"processed":0,"failed":0,"results":[]},"statsSync":{"success":true,"processed":5,"failed":0}}
2026-09-19 02:21:51 [INFO] Requesting: https://bordomavi-ai.vercel.app/api/cron/sync-news?secret=test_secret
2026-09-19 02:22:02 [SUCCESS] {"success":true,"collection":{"success":true,"sourcesProcessed":21,"itemsFetched":2323,"newItems":0,"duplicates":172,"staleSkipped":1794,"errors":10},"analysis":{"requested":15,"processed":0,"failed":0},"generation":{"requested":3,"processed":0,"failed":0},"qualityCheck":{"success":true,"requested":3,"processed":0,"approved":0,"rejected":0,"failed":0,"results":[]},"publish":{"success":true,"requested":0,"processed":0,"failed":0,"results":[]},"statsSync":{"success":true,"processed":5,"failed":0}}
2026-09-19 02:31:51 [INFO] Requesting: https://bordomavi-ai.vercel.app/api/cron/sync-news?secret=test_secret
2026-09-19 02:32:00 [SUCCESS] {"success":true,"collection":{"success":true,"sourcesProcessed":21,"itemsFetched":2323,"newItems":0,"duplicates":172,"staleSkipped":1794,"errors":10},"analysis":{"requested":15,"processed":0,"failed":0},"generation":{"requested":3,"processed":0,"failed":0},"qualityCheck":{"success":true,"requested":3,"processed":0,"approved":0,"rejected":0,"failed":0,"results":[]},"publish":{"success":true,"requested":0,"processed":0,"failed":0,"results":[]},"statsSync":{"success":true,"processed":5,"failed":0}}
2026-09-19 02:41:51 [INFO] Requesting: https://bordomavi-ai.vercel.app/api/cron/sync-news?secret=test_secret
2026-09-19 02:42:02 [SUCCESS] {"success":true,"collection":{"success":true,"sourcesProcessed":21,"itemsFetched":2323,"newItems":0,"duplicates":172,"staleSkipped":1794,"errors":10},"analysis":{"requested":15,"processed":0,"failed":0},"generation":{"requested":3,"processed":0,"failed":0},"qualityCheck":{"success":true,"requested":3,"processed":0,"approved":0,"rejected":0,"failed":0,"results":[]},"publish":{"success":true,"requested":0,"processed":0,"failed":0,"results":[]},"statsSync":{"success":true,"processed":5,"failed":0}}
2026-09-19 02:51:50 [INFO] Requesting: https://bordomavi-ai.vercel.app/api/cron/sync-news?secret=test_secret
2026-09-19 02:51:59 [SUCCESS] {"success":true,"collection":{"success":true,"sourcesProcessed":21,"itemsFetched":2323,"newItems":0,"duplicates":172,"staleSkipped":1794,"errors":10},"analysis":{"requested":15,"processed":0,"failed":0},"generation":{"requested":3,"processed":0,"failed":0},"qualityCheck":{"success":true,"requested":3,"processed":0,"approved":0,"rejected":0,"failed":0,"results":[]},"publish":{"success":true,"requested":0,"processed":0,"failed":0,"results":[]},"statsSync":{"success":true,"processed":5,"failed":0}}
2026-09-19 03:01:50 [INFO] Requesting: https://bordomavi-ai.vercel.app/api/cron/sync-news?secret=test_secret
2026-09-19 03:01:59 [SUCCESS] {"success":true,"collection":{"success":true,"sourcesProcessed":21,"itemsFetched":2323,"newItems":0,"duplicates":108,"staleSkipped":1948,"errors":10},"analysis":{"requested":15,"processed":0,"failed":0},"generation":{"requested":3,"processed":0,"failed":0},"qualityCheck":{"success":true,"requested":3,"processed":0,"approved":0,"rejected":0,"failed":0,"results":[]},"publish":{"success":true,"requested":0,"processed":0,"failed":0,"results":[]},"statsSync":{"success":true,"processed":5,"failed":0}}
2026-09-19 03:11:50 [INFO] Requesting: https://bordomavi-ai.vercel.app/api/cron/sync-news?secret=test_secret
2026-09-19 03:12:00 [SUCCESS] {"success":true,"collection":{"success":true,"sourcesProcessed":21,"itemsFetched":2323,"newItems":0,"duplicates":108,"staleSkipped":1948,"errors":10},"analysis":{"requested":15,"processed":0,"failed":0},"generation":{"requested":3,"processed":0,"failed":0},"qualityCheck":{"success":true,"requested":3,"processed":0,"approved":0,"rejected":0,"failed":0,"results":[]},"publish":{"success":true,"requested":0,"processed":0,"failed":0,"results":[]},"statsSync":{"success":true,"processed":5,"failed":0}}
2026-09-19 03:21:50 [INFO] Requesting: https://bordomavi-ai.vercel.app/api/cron/sync-news?secret=test_secret
2026-09-19 03:22:00 [SUCCESS] {"success":true,"collection":{"success":true,"sourcesProcessed":21,"itemsFetched":2323,"newItems":0,"duplicates":108,"staleSkipped":1948,"errors":10},"analysis":{"requested":15,"processed":0,"failed":0},"generation":{"requested":3,"processed":0,"failed":0},"qualityCheck":{"success":true,"requested":3,"processed":0,"approved":0,"rejected":0,"failed":0,"results":[]},"publish":{"success":true,"requested":0,"processed":0,"failed":0,"results":[]},"statsSync":{"success":true,"processed":5,"failed":0}}
2026-09-19 03:31:51 [INFO] Requesting: https://bordomavi-ai.vercel.app/api/cron/sync-news?secret=test_secret
2026-09-19 03:36:19 [WARN] Another instance is already running. Exiting.
2026-09-19 03:41:51 [WARN] Another instance is already running. Exiting.
2026-09-19 03:51:52 [WARN] Another instance is already running. Exiting.
2026-09-19 04:01:51 [WARN] Another instance is already running. Exiting.
2026-09-19 04:11:51 [WARN] Another instance is already running. Exiting.
2026-09-19 04:21:51 [WARN] Another instance is already running. Exiting.
2026-09-19 04:31:51 [WARN] Another instance is already running. Exiting.
2026-09-19 04:41:51 [WARN] Another instance is already running. Exiting.
2026-09-19 04:51:51 [WARN] Another instance is already running. Exiting.
2026-09-19 05:01:51 [WARN] Another instance is already running. Exiting.
2026-09-19 05:11:51 [WARN] Another instance is already running. Exiting.
2026-09-19 05:21:51 [WARN] Another instance is already running. Exiting.
2026-09-19 05:31:51 [WARN] Another instance is already running. Exiting.
2026-09-19 05:41:51 [WARN] Another instance is already running. Exiting.
2026-09-19 05:51:51 [WARN] Another instance is already running. Exiting.
2026-09-19 06:01:51 [WARN] Another instance is already running. Exiting.
2026-09-19 06:11:51 [WARN] Another instance is already running. Exiting.
2026-09-19 06:21:51 [WARN] Another instance is already running. Exiting.
2026-09-19 06:31:51 [WARN] Another instance is already running. Exiting.
2026-09-19 06:41:51 [WARN] Another instance is already running. Exiting.
2026-09-19 06:51:51 [WARN] Another instance is already running. Exiting.
2026-09-19 07:01:51 [WARN] Another instance is already running. Exiting.
2026-09-19 07:11:50 [WARN] Another instance is already running. Exiting.
2026-09-19 07:21:50 [WARN] Another instance is already running. Exiting.
2026-09-19 07:31:50 [WARN] Another instance is already running. Exiting.
2026-09-19 07:41:50 [WARN] Another instance is already running. Exiting.
2026-09-19 07:51:50 [WARN] Another instance is already running. Exiting.
2026-09-19 08:01:50 [WARN] Another instance is already running. Exiting.
2026-09-19 08:11:50 [WARN] Another instance is already running. Exiting.
2026-09-19 08:21:50 [WARN] Another instance is already running. Exiting.
2026-09-19 08:31:50 [WARN] Another instance is already running. Exiting.
2026-09-19 08:41:50 [WARN] Another instance is already running. Exiting.
2026-09-19 08:51:50 [WARN] Another instance is already running. Exiting.
2026-09-19 09:01:50 [WARN] Another instance is already running. Exiting.
2026-09-19 09:11:50 [WARN] Another instance is already running. Exiting.
2026-09-19 09:21:50 [WARN] Another instance is already running. Exiting.
2026-09-19 09:31:50 [WARN] Another instance is already running. Exiting.
2026-09-19 09:41:50 [WARN] Another instance is already running. Exiting.
2026-09-19 09:51:50 [WARN] Another instance is already running. Exiting.
2026-09-19 10:01:50 [WARN] Another instance is already running. Exiting.
2026-09-19 10:11:51 [WARN] Another instance is already running. Exiting.
2026-09-19 10:21:50 [WARN] Another instance is already running. Exiting.
2026-09-19 10:31:50 [WARN] Another instance is already running. Exiting.
2026-09-19 10:41:51 [WARN] Another instance is already running. Exiting.
2026-09-19 10:51:50 [WARN] Another instance is already running. Exiting.
2026-09-19 11:01:50 [WARN] Another instance is already running. Exiting.
2026-09-19 11:11:51 [WARN] Another instance is already running. Exiting.
2026-09-19 11:21:51 [WARN] Another instance is already running. Exiting.
2026-09-19 11:31:50 [WARN] Another instance is already running. Exiting.
2026-09-19 11:41:51 [WARN] Another instance is already running. Exiting.
2026-09-19 11:51:50 [WARN] Another instance is already running. Exiting.
2026-09-19 12:01:50 [WARN] Another instance is already running. Exiting.
2026-09-19 12:11:50 [WARN] Another instance is already running. Exiting.
2026-09-19 12:21:50 [WARN] Another instance is already running. Exiting.
2026-09-19 12:31:50 [WARN] Another instance is already running. Exiting.
2026-09-19 12:41:50 [WARN] Another instance is already running. Exiting.
2026-09-19 12:51:50 [WARN] Another instance is already running. Exiting.
2026-09-19 13:01:50 [WARN] Another instance is already running. Exiting.
2026-09-19 13:11:51 [WARN] Another instance is already running. Exiting.
2026-09-19 13:21:51 [WARN] Another instance is already running. Exiting.
2026-09-19 13:31:51 [WARN] Another instance is already running. Exiting.
2026-09-19 13:41:51 [WARN] Another instance is already running. Exiting.
2026-09-19 13:51:50 [WARN] Another instance is already running. Exiting.
2026-09-19 14:01:50 [WARN] Another instance is already running. Exiting.
2026-09-19 14:11:50 [WARN] Another instance is already running. Exiting.
2026-09-19 14:21:50 [WARN] Another instance is already running. Exiting.
2026-09-19 14:31:50 [WARN] Another instance is already running. Exiting.
2026-09-19 14:41:50 [WARN] Another instance is already running. Exiting.
2026-09-19 14:51:50 [WARN] Another instance is already running. Exiting.
2026-09-19 15:01:50 [WARN] Another instance is already running. Exiting.
2026-09-19 15:11:50 [WARN] Another instance is already running. Exiting.
2026-09-19 15:21:50 [WARN] Another instance is already running. Exiting.
2026-09-19 15:31:50 [WARN] Another instance is already running. Exiting.
2026-09-19 15:41:50 [WARN] Another instance is already running. Exiting.
2026-09-19 15:51:50 [WARN] Another instance is already running. Exiting.
2026-09-19 16:01:50 [WARN] Another instance is already running. Exiting.
2026-09-19 16:11:50 [WARN] Another instance is already running. Exiting.
2026-09-19 16:21:50 [WARN] Another instance is already running. Exiting.
2026-09-19 16:31:50 [INFO] Requesting: https://bordomavi-ai.vercel.app/api/cron/sync-news?secret=test_secret
2026-09-19 16:32:02 [ERROR] Uzak ad çözülemedi: 'bordomavi-ai.vercel.app'
2026-09-19 16:41:51 [INFO] Requesting: https://bordomavi-ai.vercel.app/api/cron/sync-news?secret=test_secret
2026-09-19 16:42:52 [ERROR] Uzak sunucu hata döndürdü: (504) Að Geçidi Zaman Aþýmý.
2026-09-19 16:51:50 [INFO] Requesting: https://bordomavi-ai.vercel.app/api/cron/sync-news?secret=test_secret
2026-09-19 16:52:34 [SUCCESS] {"success":true,"collection":{"success":true,"sourcesProcessed":21,"itemsFetched":2323,"newItems":1,"duplicates":156,"staleSkipped":1796,"errors":10},"analysis":{"requested":15,"processed":1,"failed":0},"generation":{"requested":3,"processed":3,"failed":0},"qualityCheck":{"success":true,"requested":3,"processed":0,"approved":0,"rejected":0,"failed":0,"results":[]},"publish":{"success":true,"requested":1,"processed":1,"failed":0,"results":[{"contentId":"cmu8g5ce90007ko9a32iftzwh","status":"PUBLISHED","facebookPostId":"1415192102080896_1789689035897783","mockMode":false}]},"statsSync":{"success":true,"processed":5,"failed":0}}
2026-09-19 17:01:50 [INFO] Requesting: https://bordomavi-ai.vercel.app/api/cron/sync-news?secret=test_secret
2026-09-19 17:02:14 [SUCCESS] {"success":true,"collection":{"success":true,"sourcesProcessed":21,"itemsFetched":2323,"newItems":0,"duplicates":158,"staleSkipped":1789,"errors":10},"analysis":{"requested":15,"processed":0,"failed":0},"generation":{"requested":3,"processed":3,"failed":0},"qualityCheck":{"success":true,"requested":3,"processed":0,"approved":0,"rejected":0,"failed":0,"results":[]},"publish":{"success":true,"requested":1,"processed":1,"failed":0,"results":[{"contentId":"cmu8ghvpo00058ac38kv8ef4v","status":"PUBLISHED","facebookPostId":"1415192102080896_1789696952563658","mockMode":false}]},"statsSync":{"success":true,"processed":5,"failed":0}}
2026-09-19 17:11:50 [INFO] Requesting: https://bordomavi-ai.vercel.app/api/cron/sync-news?secret=test_secret
2026-09-19 17:12:24 [SUCCESS] {"success":true,"collection":{"success":true,"sourcesProcessed":21,"itemsFetched":2323,"newItems":1,"duplicates":158,"staleSkipped":1787,"errors":10},"analysis":{"requested":15,"processed":1,"failed":0},"generation":{"requested":3,"processed":3,"failed":0},"qualityCheck":{"success":true,"requested":3,"processed":0,"approved":0,"rejected":0,"failed":0,"results":[]},"publish":{"success":true,"requested":1,"processed":1,"failed":0,"results":[{"contentId":"cmu8guxo500077zd4hh56dcaz","status":"PUBLISHED","facebookPostId":"1415192102080896_1789704882562865","mockMode":false}]},"statsSync":{"success":true,"processed":5,"failed":0}}
2026-09-19 17:21:50 [INFO] Requesting: https://bordomavi-ai.vercel.app/api/cron/sync-news?secret=test_secret
2026-09-19 17:22:27 [SUCCESS] {"success":true,"collection":{"success":true,"sourcesProcessed":21,"itemsFetched":2323,"newItems":2,"duplicates":160,"staleSkipped":1785,"errors":10},"analysis":{"requested":15,"processed":2,"failed":0},"generation":{"requested":3,"processed":3,"failed":0},"qualityCheck":{"success":true,"requested":3,"processed":0,"approved":0,"rejected":0,"failed":0,"results":[]},"publish":{"success":true,"requested":1,"processed":1,"failed":0,"results":[{"contentId":"cmu8h7uy0000812knstdj2dc9","status":"PUBLISHED","facebookPostId":"1415192102080896_1789713299228690","mockMode":false}]},"statsSync":{"success":true,"processed":5,"failed":0}}
2026-09-19 17:31:50 [INFO] Requesting: https://bordomavi-ai.vercel.app/api/cron/sync-news?secret=test_secret
2026-09-19 17:32:19 [SUCCESS] {"success":true,"collection":{"success":true,"sourcesProcessed":21,"itemsFetched":2323,"newItems":0,"duplicates":160,"staleSkipped":1789,"errors":10},"analysis":{"requested":15,"processed":0,"failed":0},"generation":{"requested":3,"processed":3,"failed":0},"qualityCheck":{"success":true,"requested":3,"processed":0,"approved":0,"rejected":0,"failed":0,"results":[]},"publish":{"success":true,"requested":1,"processed":1,"failed":0,"results":[{"contentId":"cmu8hkk8c0005od3p6g06bevv","status":"PUBLISHED","facebookPostId":"1415192102080896_1789721739227846","mockMode":false}]},"statsSync":{"success":true,"processed":5,"failed":0}}
2026-09-19 17:41:51 [INFO] Requesting: https://bordomavi-ai.vercel.app/api/cron/sync-news?secret=test_secret
2026-09-19 17:42:26 [SUCCESS] {"success":true,"collection":{"success":true,"sourcesProcessed":21,"itemsFetched":2323,"newItems":1,"duplicates":160,"staleSkipped":1789,"errors":10},"analysis":{"requested":15,"processed":1,"failed":0},"generation":{"requested":3,"processed":3,"failed":0},"qualityCheck":{"success":true,"requested":3,"processed":0,"approved":0,"rejected":0,"failed":0,"results":[]},"publish":{"success":true,"requested":1,"processed":1,"failed":0,"results":[{"contentId":"cmu8hxlte0006ggub94kvnz2d","status":"PUBLISHED","facebookPostId":"1415192102080896_1789729275893759","mockMode":false}]},"statsSync":{"success":true,"processed":5,"failed":0}}
2026-09-19 17:51:51 [INFO] Requesting: https://bordomavi-ai.vercel.app/api/cron/sync-news?secret=test_secret
2026-09-19 17:52:22 [SUCCESS] {"success":true,"collection":{"success":true,"sourcesProcessed":21,"itemsFetched":2323,"newItems":3,"duplicates":160,"staleSkipped":1789,"errors":10},"analysis":{"requested":15,"processed":3,"failed":0},"generation":{"requested":3,"processed":3,"failed":0},"qualityCheck":{"success":true,"requested":3,"processed":0,"approved":0,"rejected":0,"failed":0,"results":[]},"publish":{"success":true,"requested":1,"processed":1,"failed":0,"results":[{"contentId":"cmu8iadoq0008ye6zwj729krz","status":"PUBLISHED","facebookPostId":"1415192102080896_1789736922559661","mockMode":false}]},"statsSync":{"success":true,"processed":5,"failed":0}}
2026-09-19 18:01:50 [INFO] Requesting: https://bordomavi-ai.vercel.app/api/cron/sync-news?secret=test_secret
2026-09-19 18:02:16 [SUCCESS] {"success":true,"collection":{"success":true,"sourcesProcessed":21,"itemsFetched":2323,"newItems":0,"duplicates":164,"staleSkipped":1787,"errors":10},"analysis":{"requested":15,"processed":0,"failed":0},"generation":{"requested":3,"processed":3,"failed":0},"qualityCheck":{"success":true,"requested":3,"processed":0,"approved":0,"rejected":0,"failed":0,"results":[]},"publish":{"success":true,"requested":1,"processed":1,"failed":0,"results":[{"contentId":"cmu8in3kb0005vnkrg458x220","status":"PUBLISHED","facebookPostId":"1415192102080896_1789745139225506","mockMode":false}]},"statsSync":{"success":true,"processed":5,"failed":0}}
2026-09-19 18:11:51 [INFO] Requesting: https://bordomavi-ai.vercel.app/api/cron/sync-news?secret=test_secret
2026-09-19 18:12:39 [SUCCESS] {"success":true,"collection":{"success":true,"sourcesProcessed":21,"itemsFetched":2323,"newItems":4,"duplicates":163,"staleSkipped":1785,"errors":10},"analysis":{"requested":15,"processed":4,"failed":0},"generation":{"requested":3,"processed":3,"failed":0},"qualityCheck":{"success":true,"requested":3,"processed":0,"approved":0,"rejected":0,"failed":0,"results":[]},"publish":{"success":true,"requested":1,"processed":1,"failed":0,"results":[{"contentId":"cmu8j0dfg000atelvq9u1kun1","status":"PUBLISHED","facebookPostId":"1415192102080896_1789753572557996","mockMode":false}]},"statsSync":{"success":true,"processed":5,"failed":0}}
2026-09-19 18:21:50 [INFO] Requesting: https://bordomavi-ai.vercel.app/api/cron/sync-news?secret=test_secret
2026-09-19 18:22:24 [SUCCESS] {"success":true,"collection":{"success":true,"sourcesProcessed":21,"itemsFetched":2323,"newItems":1,"duplicates":168,"staleSkipped":1785,"errors":10},"analysis":{"requested":15,"processed":1,"failed":0},"generation":{"requested":3,"processed":3,"failed":0},"qualityCheck":{"success":true,"requested":3,"processed":0,"approved":0,"rejected":0,"failed":0,"results":[]},"publish":{"success":true,"requested":1,"processed":1,"failed":0,"results":[{"contentId":"cmu8jcyfr00066icm4gkhol8x","status":"PUBLISHED","facebookPostId":"1415192102080896_1789760839223936","mockMode":false}]},"statsSync":{"success":true,"processed":5,"failed":0}}
2026-09-19 18:31:51 [INFO] Requesting: https://bordomavi-ai.vercel.app/api/cron/sync-news?secret=test_secret
2026-09-19 18:32:08 [SUCCESS] {"success":true,"collection":{"success":true,"sourcesProcessed":21,"itemsFetched":2323,"newItems":0,"duplicates":171,"staleSkipped":1785,"errors":10},"analysis":{"requested":15,"processed":0,"failed":0},"generation":{"requested":3,"processed":2,"failed":0},"qualityCheck":{"success":true,"requested":3,"processed":0,"approved":0,"rejected":0,"failed":0,"results":[]},"publish":{"success":true,"requested":1,"processed":1,"failed":0,"results":[{"contentId":"cmu8jpkk30003pve4zcvf6mov","status":"PUBLISHED","facebookPostId":"1415192102080896_1789769359223084","mockMode":false}]},"statsSync":{"success":true,"processed":5,"failed":0}}
2026-09-19 18:41:51 [INFO] Requesting: https://bordomavi-ai.vercel.app/api/cron/sync-news?secret=test_secret
2026-09-19 18:42:20 [SUCCESS] {"success":true,"collection":{"success":true,"sourcesProcessed":21,"itemsFetched":2323,"newItems":3,"duplicates":170,"staleSkipped":1785,"errors":10},"analysis":{"requested":15,"processed":3,"failed":0},"generation":{"requested":3,"processed":1,"failed":0},"qualityCheck":{"success":true,"requested":3,"processed":0,"approved":0,"rejected":0,"failed":0,"results":[]},"publish":{"success":true,"requested":1,"processed":1,"failed":0,"results":[{"contentId":"cmu8k2l510004cqr7f41cmchq","status":"PUBLISHED","facebookPostId":"1415192102080896_1789778702555483","mockMode":false}]},"statsSync":{"success":true,"processed":5,"failed":0}}
2026-09-19 18:51:51 [INFO] Requesting: https://bordomavi-ai.vercel.app/api/cron/sync-news?secret=test_secret
2026-09-19 18:52:21 [SUCCESS] {"success":true,"collection":{"success":true,"sourcesProcessed":21,"itemsFetched":2323,"newItems":2,"duplicates":172,"staleSkipped":1783,"errors":10},"analysis":{"requested":15,"processed":2,"failed":0},"generation":{"requested":3,"processed":1,"failed":0},"qualityCheck":{"success":true,"requested":3,"processed":0,"approved":0,"rejected":0,"failed":0,"results":[]},"publish":{"success":true,"requested":1,"processed":1,"failed":0,"results":[{"contentId":"cmu8kfep60004dimr8zy39twq","status":"PUBLISHED","facebookPostId":"1415192102080896_1789787179221302","mockMode":false}]},"statsSync":{"success":true,"processed":5,"failed":0}}
2026-09-19 19:00:17 [INFO] Requesting: https://bordomavi-ai.vercel.app/api/cron/sync-news?secret=test_secret
2026-09-19 19:00:30 [SUCCESS] {"success":true,"collection":{"success":true,"sourcesProcessed":21,"itemsFetched":2303,"newItems":0,"duplicates":169,"staleSkipped":1780,"errors":11},"analysis":{"requested":15,"processed":0,"failed":0},"generation":{"requested":3,"processed":0,"failed":0},"qualityCheck":{"success":true,"requested":3,"processed":0,"approved":0,"rejected":0,"failed":0,"results":[]},"publish":{"success":true,"requested":1,"processed":1,"failed":0,"results":[{"contentId":"cmu8imygh0001vnkrj2nqk2te","status":"PUBLISHED","facebookPostId":"1415192102080896_1789793819220638","mockMode":false}]},"statsSync":{"success":true,"processed":5,"failed":0}}
2026-09-19 19:01:51 [INFO] Requesting: https://bordomavi-ai.vercel.app/api/cron/sync-news?secret=test_secret
2026-09-19 19:02:19 [SUCCESS] {"success":true,"collection":{"success":true,"sourcesProcessed":21,"itemsFetched":2323,"newItems":0,"duplicates":180,"staleSkipped":1779,"errors":10},"analysis":{"requested":15,"processed":2,"failed":0},"generation":{"requested":3,"processed":2,"failed":0},"qualityCheck":{"success":true,"requested":3,"processed":0,"approved":0,"rejected":0,"failed":0,"results":[]},"publish":{"success":true,"requested":1,"processed":1,"failed":0,"results":[{"contentId":"cmu8ksav60003mm3dfbzeygmv","status":"PUBLISHED","facebookPostId":"1415192102080896_1789795365887150","mockMode":false}]},"statsSync":{"success":true,"processed":5,"failed":0}}
2026-09-19 19:11:51 [INFO] Requesting: https://bordomavi-ai.vercel.app/api/cron/sync-news?secret=test_secret
2026-09-19 19:12:47 [SUCCESS] {"success":true,"collection":{"success":true,"sourcesProcessed":21,"itemsFetched":323,"newItems":6,"duplicates":63,"staleSkipped":173,"errors":12},"analysis":{"requested":15,"processed":6,"failed":0},"generation":{"requested":3,"processed":3,"failed":0},"qualityCheck":{"success":true,"requested":3,"processed":0,"approved":0,"rejected":0,"failed":0,"results":[]},"publish":{"success":true,"requested":1,"processed":1,"failed":0,"results":[{"contentId":"cmu8l5qf2000cmdwy0x91ul41","status":"PUBLISHED","facebookPostId":"1415192102080896_1789804772552876","mockMode":false}]},"statsSync":{"success":true,"processed":5,"failed":0}}
2026-09-19 19:21:51 [INFO] Requesting: https://bordomavi-ai.vercel.app/api/cron/sync-news?secret=test_secret
2026-09-19 19:22:53 [ERROR] Uzak sunucu hata döndürdü: (504) Að Geçidi Zaman Aþýmý.
2026-09-19 19:31:51 [INFO] Requesting: https://bordomavi-ai.vercel.app/api/cron/sync-news?secret=test_secret
2026-09-19 19:32:39 [SUCCESS] {"success":true,"collection":{"success":true,"sourcesProcessed":21,"itemsFetched":323,"newItems":0,"duplicates":71,"staleSkipped":173,"errors":12},"analysis":{"requested":15,"processed":0,"failed":0},"generation":{"requested":3,"processed":3,"failed":0},"qualityCheck":{"success":true,"requested":3,"processed":0,"approved":0,"rejected":0,"failed":0,"results":[]},"publish":{"success":true,"requested":3,"processed":3,"failed":0,"results":[{"contentId":"cmu8luxwn0006ykk0j8waz8fk","status":"PUBLISHED","facebookPostId":"1415192102080896_1789821555884531","mockMode":false},{"contentId":"cmu8luw4i0004ykk07526dxjm","status":"PUBLISHED","facebookPostId":"1415192102080896_1789821672551186","mockMode":false},{"contentId":"cmu8lutzi0002ykk0apb2990d","status":"PUBLISHED","facebookPostId":"1415192102080896_1789821849217835","mockMode":false}]},"statsSync":{"success":true,"processed":5,"failed":0}}
2026-09-19 19:41:51 [INFO] Requesting: https://bordomavi-ai.vercel.app/api/cron/sync-news?secret=test_secret
2026-09-19 19:42:52 [ERROR] Uzak sunucu hata döndürdü: (504) Að Geçidi Zaman Aþýmý.
2026-09-19 19:51:51 [INFO] Requesting: https://bordomavi-ai.vercel.app/api/cron/sync-news?secret=test_secret
2026-09-19 19:52:52 [ERROR] Uzak sunucu hata döndürdü: (504) Að Geçidi Zaman Aþýmý.
2026-09-19 20:01:51 [INFO] Requesting: https://bordomavi-ai.vercel.app/api/cron/sync-news?secret=test_secret
2026-09-19 20:02:42 [SUCCESS] {"success":true,"collection":{"success":true,"sourcesProcessed":21,"itemsFetched":2323,"newItems":0,"duplicates":216,"staleSkipped":1763,"errors":10},"analysis":{"requested":15,"processed":3,"failed":0},"generation":{"requested":3,"processed":2,"failed":0},"qualityCheck":{"success":true,"requested":3,"processed":0,"approved":0,"rejected":0,"failed":0,"results":[]},"publish":{"success":true,"requested":3,"processed":3,"failed":0,"results":[{"contentId":"cmu8mxl8b000436iam5tgej27","status":"PUBLISHED","facebookPostId":"1415192102080896_1789845955882091","mockMode":false},{"contentId":"cmu8mxi5q000236ia64r9za6y","status":"PUBLISHED","facebookPostId":"1415192102080896_1789846152548738","mockMode":false},{"contentId":"cmu8m8h3g000cxb4qgtvteiad","status":"PUBLISHED","facebookPostId":"1415192102080896_1789846309215389","mockMode":false}]},"statsSync":{"success":true,"processed":5,"failed":0}}
2026-09-19 20:11:51 [INFO] Requesting: https://bordomavi-ai.vercel.app/api/cron/sync-news?secret=test_secret
2026-09-19 20:12:51 [SUCCESS] {"success":true,"collection":{"success":true,"sourcesProcessed":21,"itemsFetched":2323,"newItems":5,"duplicates":213,"staleSkipped":1759,"errors":10},"analysis":{"requested":15,"processed":5,"failed":0},"generation":{"requested":3,"processed":2,"failed":0},"qualityCheck":{"success":true,"requested":3,"processed":0,"approved":0,"rejected":0,"failed":0,"results":[]},"publish":{"success":true,"requested":3,"processed":3,"failed":0,"results":[{"contentId":"cmu8nakl7000abd19ft8wlls7","status":"PUBLISHED","facebookPostId":"1415192102080896_1789853879214632","mockMode":false},{"contentId":"cmu8naifn0008bd19o5k3eiv2","status":"PUBLISHED","facebookPostId":"1415192102080896_1789854069214613","mockMode":false},{"contentId":"cmu8l5o6m000amdwy3igylcni","status":"PUBLISHED","facebookPostId":"1415192102080896_1789854219214598","mockMode":false}]},"statsSync":{"success":true,"processed":5,"failed":0}}
2026-09-19 20:21:51 [INFO] Requesting: https://bordomavi-ai.vercel.app/api/cron/sync-news?secret=test_secret
2026-09-19 20:22:43 [SUCCESS] {"success":true,"collection":{"success":true,"sourcesProcessed":21,"itemsFetched":2323,"newItems":3,"duplicates":216,"staleSkipped":1761,"errors":10},"analysis":{"requested":15,"processed":3,"failed":0},"generation":{"requested":3,"processed":0,"failed":0},"qualityCheck":{"success":true,"requested":3,"processed":0,"approved":0,"rejected":0,"failed":0,"results":[]},"publish":{"success":true,"requested":3,"processed":3,"failed":0,"results":[{"contentId":"cmu8l5kuj0008mdwy81ifcnaj","status":"PUBLISHED","facebookPostId":"1415192102080896_1789862235880463","mockMode":false},{"contentId":"cmu8ks8xr0001mm3dso05lj8v","status":"PUBLISHED","facebookPostId":"1415192102080896_1789862385880448","mockMode":false},{"contentId":"cmu8hxjtm0004ggubjhulz9tt","status":"PUBLISHED","facebookPostId":"1415192102080896_1789862575880429","mockMode":false}]},"statsSync":{"success":true,"processed":5,"failed":0}}
2026-09-19 20:31:51 [INFO] Requesting: https://bordomavi-ai.vercel.app/api/cron/sync-news?secret=test_secret
2026-09-19 20:32:26 [SUCCESS] {"success":true,"collection":{"success":true,"sourcesProcessed":21,"itemsFetched":2323,"newItems":0,"duplicates":220,"staleSkipped":1760,"errors":10},"analysis":{"requested":15,"processed":0,"failed":0},"generation":{"requested":3,"processed":0,"failed":0},"qualityCheck":{"success":true,"requested":3,"processed":0,"approved":0,"rejected":0,"failed":0,"results":[]},"publish":{"success":true,"requested":3,"processed":3,"failed":0,"results":[{"contentId":"cmu8hkgna0001od3pfxomza6w","status":"PUBLISHED","facebookPostId":"1415192102080896_1789869752546378","mockMode":false},{"contentId":"cmu8hjhz10001y4j5n5ir6r76","status":"PUBLISHED","facebookPostId":"1415192102080896_1789869962546357","mockMode":false},{"contentId":"cmu8guvxl00057zd4h3xxrdfd","status":"PUBLISHED","facebookPostId":"1415192102080896_1789870115879675","mockMode":false}]},"statsSync":{"success":true,"processed":5,"failed":0}}
2026-09-19 20:41:51 [INFO] Requesting: https://bordomavi-ai.vercel.app/api/cron/sync-news?secret=test_secret
2026-09-19 20:42:45 [SUCCESS] {"success":true,"collection":{"success":true,"sourcesProcessed":21,"itemsFetched":2323,"newItems":2,"duplicates":217,"staleSkipped":1760,"errors":10},"analysis":{"requested":15,"processed":2,"failed":0},"generation":{"requested":3,"processed":1,"failed":0},"qualityCheck":{"success":true,"requested":3,"processed":0,"approved":0,"rejected":0,"failed":0,"results":[]},"publish":{"success":true,"requested":3,"processed":3,"failed":0,"results":[{"contentId":"cmu8oczns00047rnik2grl9ih","status":"PUBLISHED","facebookPostId":"1415192102080896_1789877609212259","mockMode":false},{"contentId":"cmu8gutnu00037zd4xrkik9sh","status":"PUBLISHED","facebookPostId":"1415192102080896_1789877805878906","mockMode":false},{"contentId":"cmu8ghu0h00038ac3tz06dwm0","status":"PUBLISHED","facebookPostId":"1415192102080896_1789877965878890","mockMode":false}]},"statsSync":{"success":true,"processed":5,"failed":0}}
2026-09-19 20:51:51 [INFO] Requesting: https://bordomavi-ai.vercel.app/api/cron/sync-news?secret=test_secret
2026-09-19 20:52:52 [ERROR] Uzak sunucu hata döndürdü: (504) Að Geçidi Zaman Aþýmý.
2026-09-19 21:01:51 [INFO] Requesting: https://bordomavi-ai.vercel.app/api/cron/sync-news?secret=test_secret
2026-09-19 21:02:29 [SUCCESS] {"success":true,"collection":{"success":true,"sourcesProcessed":21,"itemsFetched":2323,"newItems":0,"duplicates":223,"staleSkipped":1754,"errors":10},"analysis":{"requested":15,"processed":0,"failed":0},"generation":{"requested":3,"processed":0,"failed":0},"qualityCheck":{"success":true,"requested":3,"processed":0,"approved":0,"rejected":0,"failed":0,"results":[]},"publish":{"success":true,"requested":3,"processed":3,"failed":0,"results":[{"contentId":"cmu8ghsen00018ac3vx4w18mi","status":"PUBLISHED","facebookPostId":"1415192102080896_1789892775877409","mockMode":false},{"contentId":"cmu8g58410003ko9a868azmpq","status":"PUBLISHED","facebookPostId":"1415192102080896_1789893232544030","mockMode":false},{"contentId":"cmu8ft7jg000351h0a5o7b0wl","status":"PUBLISHED","facebookPostId":"1415192102080896_1789893385877348","mockMode":false}]},"statsSync":{"success":true,"processed":5,"failed":0}}
2026-09-19 21:11:51 [INFO] Requesting: https://bordomavi-ai.vercel.app/api/cron/sync-news?secret=test_secret
2026-09-19 21:12:53 [ERROR] Uzak sunucu hata döndürdü: (504) Að Geçidi Zaman Aþýmý.
2026-09-19 21:21:51 [INFO] Requesting: https://bordomavi-ai.vercel.app/api/cron/sync-news?secret=test_secret
2026-09-19 21:22:01 [SUCCESS] {"success":true,"collection":{"success":true,"sourcesProcessed":21,"itemsFetched":2303,"newItems":0,"duplicates":211,"staleSkipped":1754,"errors":11},"analysis":{"requested":15,"processed":0,"failed":0},"generation":{"requested":3,"processed":0,"failed":0},"qualityCheck":{"success":true,"requested":3,"processed":0,"approved":0,"rejected":0,"failed":0,"results":[]},"publish":{"success":true,"requested":3,"processed":0,"failed":0,"results":[]},"statsSync":{"success":true,"processed":5,"failed":0}}
2026-09-19 21:31:51 [INFO] Requesting: https://bordomavi-ai.vercel.app/api/cron/sync-news?secret=test_secret
2026-09-19 21:32:01 [SUCCESS] {"success":true,"collection":{"success":true,"sourcesProcessed":21,"itemsFetched":2323,"newItems":0,"duplicates":223,"staleSkipped":1755,"errors":10},"analysis":{"requested":15,"processed":0,"failed":0},"generation":{"requested":3,"processed":0,"failed":0},"qualityCheck":{"success":true,"requested":3,"processed":0,"approved":0,"rejected":0,"failed":0,"results":[]},"publish":{"success":true,"requested":3,"processed":0,"failed":0,"results":[]},"statsSync":{"success":true,"processed":5,"failed":0}}
2026-09-19 21:41:51 [INFO] Requesting: https://bordomavi-ai.vercel.app/api/cron/sync-news?secret=test_secret
2026-09-19 21:42:09 [SUCCESS] {"success":true,"collection":{"success":true,"sourcesProcessed":21,"itemsFetched":2323,"newItems":2,"duplicates":222,"staleSkipped":1755,"errors":10},"analysis":{"requested":15,"processed":2,"failed":0},"generation":{"requested":3,"processed":0,"failed":0},"qualityCheck":{"success":true,"requested":3,"processed":0,"approved":0,"rejected":0,"failed":0,"results":[]},"publish":{"success":true,"requested":3,"processed":0,"failed":0,"results":[]},"statsSync":{"success":true,"processed":5,"failed":0}}
2026-09-19 21:51:51 [INFO] Requesting: https://bordomavi-ai.vercel.app/api/cron/sync-news?secret=test_secret
2026-09-19 21:52:46 [SUCCESS] {"success":true,"collection":{"success":true,"sourcesProcessed":21,"itemsFetched":2323,"newItems":4,"duplicates":219,"staleSkipped":1755,"errors":10},"analysis":{"requested":15,"processed":4,"failed":0},"generation":{"requested":3,"processed":3,"failed":0},"qualityCheck":{"success":true,"requested":3,"processed":0,"approved":0,"rejected":0,"failed":0,"results":[]},"publish":{"success":true,"requested":3,"processed":3,"failed":0,"results":[{"contentId":"cmu8qv3r8000ahzwjg01bjrsk","status":"PUBLISHED","facebookPostId":"1415192102080896_1789936062539747","mockMode":false},{"contentId":"cmu8qv25x0008hzwja8npupku","status":"PUBLISHED","facebookPostId":"1415192102080896_1789936195873067","mockMode":false},{"contentId":"cmu8qv0at0006hzwj7lbf849p","status":"PUBLISHED","facebookPostId":"1415192102080896_1789936359206384","mockMode":false}]},"statsSync":{"success":true,"processed":5,"failed":0}}
2026-09-19 22:01:51 [INFO] Requesting: https://bordomavi-ai.vercel.app/api/cron/sync-news?secret=test_secret
2026-09-19 22:02:52 [ERROR] Uzak sunucu hata döndürdü: (504) Að Geçidi Zaman Aþýmý.
2026-09-19 22:11:51 [INFO] Requesting: https://bordomavi-ai.vercel.app/api/cron/sync-news?secret=test_secret
2026-09-19 22:12:52 [SUCCESS] {"success":true,"collection":{"success":true,"sourcesProcessed":21,"itemsFetched":2323,"newItems":4,"duplicates":227,"staleSkipped":1748,"errors":10},"analysis":{"requested":15,"processed":4,"failed":0},"generation":{"requested":3,"processed":3,"failed":0},"qualityCheck":{"success":true,"requested":3,"processed":0,"approved":0,"rejected":0,"failed":0,"results":[]},"publish":{"success":true,"requested":3,"processed":3,"failed":0,"results":[{"contentId":"cmu8rkxus000cjb7utzmq569l","status":"PUBLISHED","facebookPostId":"1415192102080896_1789950889204931","mockMode":false},{"contentId":"cmu8rkvi5000ajb7un0awvqxh","status":"PUBLISHED","facebookPostId":"1415192102080896_1789950992538254","mockMode":false},{"contentId":"cmu8rkt540008jb7uburntj47","status":"PUBLISHED","facebookPostId":"1415192102080896_1789951199204900","mockMode":false}]},"statsSync":{"success":true,"processed":5,"failed":0}}
2026-09-19 22:21:51 [INFO] Requesting: https://bordomavi-ai.vercel.app/api/cron/sync-news?secret=test_secret
2026-09-19 22:22:53 [ERROR] Uzak sunucu hata döndürdü: (504) Að Geçidi Zaman Aþýmý.
2026-09-19 22:31:51 [INFO] Requesting: https://bordomavi-ai.vercel.app/api/cron/sync-news?secret=test_secret
2026-09-19 22:32:52 [ERROR] Uzak sunucu hata döndürdü: (504) Að Geçidi Zaman Aþýmý.
2026-09-19 22:41:51 [INFO] Requesting: https://bordomavi-ai.vercel.app/api/cron/sync-news?secret=test_secret
2026-09-19 22:42:53 [ERROR] Uzak sunucu hata döndürdü: (504) Að Geçidi Zaman Aþýmý.
2026-09-19 22:51:51 [INFO] Requesting: https://bordomavi-ai.vercel.app/api/cron/sync-news?secret=test_secret
2026-09-19 22:52:53 [ERROR] Uzak sunucu hata döndürdü: (504) Að Geçidi Zaman Aþýmý.
2026-09-19 23:01:51 [INFO] Requesting: https://bordomavi-ai.vercel.app/api/cron/sync-news?secret=test_secret
2026-09-19 23:02:52 [ERROR] Uzak sunucu hata döndürdü: (504) Að Geçidi Zaman Aþýmý.
2026-09-19 23:11:51 [INFO] Requesting: https://bordomavi-ai.vercel.app/api/cron/sync-news?secret=test_secret
2026-09-19 23:12:53 [ERROR] Uzak sunucu hata döndürdü: (504) Að Geçidi Zaman Aþýmý.
2026-09-19 23:21:51 [INFO] Requesting: https://bordomavi-ai.vercel.app/api/cron/sync-news?secret=test_secret
2026-09-19 23:22:42 [SUCCESS] {"success":true,"collection":{"success":true,"sourcesProcessed":21,"itemsFetched":2323,"newItems":8,"duplicates":274,"staleSkipped":1708,"errors":10},"analysis":{"requested":15,"processed":8,"failed":0},"generation":{"requested":3,"processed":3,"failed":0},"qualityCheck":{"success":true,"requested":3,"processed":0,"approved":0,"rejected":0,"failed":0,"results":[]},"publish":{"success":true,"requested":1,"processed":1,"failed":0,"results":[{"contentId":"cmu8u35u3000hs7fsopbrsxx1","status":"PUBLISHED","facebookPostId":"1415192102080896_1789992769200743","mockMode":false}]},"statsSync":{"success":true,"processed":5,"failed":0}}
2026-09-19 23:31:51 [INFO] Requesting: https://bordomavi-ai.vercel.app/api/cron/sync-news?secret=test_secret
2026-09-19 23:32:21 [SUCCESS] {"success":true,"collection":{"success":true,"sourcesProcessed":21,"itemsFetched":2323,"newItems":1,"duplicates":286,"staleSkipped":1706,"errors":10},"analysis":{"requested":15,"processed":1,"failed":0},"generation":{"requested":3,"processed":3,"failed":0},"qualityCheck":{"success":true,"requested":3,"processed":0,"approved":0,"rejected":0,"failed":0,"results":[]},"publish":{"success":true,"requested":1,"processed":1,"failed":0,"results":[{"contentId":"cmu8ufklg0006c6sn1ysgney5","status":"PUBLISHED","facebookPostId":"1415192102080896_1789998749200145","mockMode":false}]},"statsSync":{"success":true,"processed":5,"failed":0}}
2026-09-19 23:41:51 [INFO] Requesting: https://bordomavi-ai.vercel.app/api/cron/sync-news?secret=test_secret
2026-09-19 23:42:28 [SUCCESS] {"success":true,"collection":{"success":true,"sourcesProcessed":21,"itemsFetched":2323,"newItems":4,"duplicates":282,"staleSkipped":1706,"errors":10},"analysis":{"requested":15,"processed":4,"failed":0},"generation":{"requested":3,"processed":3,"failed":0},"qualityCheck":{"success":true,"requested":3,"processed":0,"approved":0,"rejected":0,"failed":0,"results":[]},"publish":{"success":true,"requested":1,"processed":1,"failed":0,"results":[{"contentId":"cmu8usk2r000auxuyvepe39if","status":"PUBLISHED","facebookPostId":"1415192102080896_1790004242532929","mockMode":false}]},"statsSync":{"success":true,"processed":5,"failed":0}}
2026-09-19 23:51:51 [INFO] Requesting: https://bordomavi-ai.vercel.app/api/cron/sync-news?secret=test_secret
2026-09-19 23:52:22 [SUCCESS] {"success":true,"collection":{"success":true,"sourcesProcessed":21,"itemsFetched":2323,"newItems":1,"duplicates":285,"staleSkipped":1704,"errors":10},"analysis":{"requested":15,"processed":1,"failed":0},"generation":{"requested":3,"processed":3,"failed":0},"qualityCheck":{"success":true,"requested":3,"processed":0,"approved":0,"rejected":0,"failed":0,"results":[]},"publish":{"success":true,"requested":1,"processed":1,"failed":0,"results":[{"contentId":"cmu8v59tm000712or1fidpmfs","status":"PUBLISHED","facebookPostId":"1415192102080896_1790009615865725","mockMode":false}]},"statsSync":{"success":true,"processed":5,"failed":0}}
2026-09-20 00:01:51 [INFO] Requesting: https://bordomavi-ai.vercel.app/api/cron/sync-news?secret=test_secret
2026-09-20 00:02:00 [SUCCESS] {"success":true,"collection":{"success":true,"sourcesProcessed":21,"itemsFetched":2323,"newItems":0,"duplicates":287,"staleSkipped":1704,"errors":10},"analysis":{"requested":15,"processed":0,"failed":0},"generation":{"requested":3,"processed":0,"failed":0},"qualityCheck":{"success":true,"requested":3,"processed":0,"approved":0,"rejected":0,"failed":0,"results":[]},"publish":{"success":true,"requested":0,"processed":0,"failed":0,"results":[]},"statsSync":{"success":true,"processed":5,"failed":0}}
2026-09-20 00:11:51 [INFO] Requesting: https://bordomavi-ai.vercel.app/api/cron/sync-news?secret=test_secret
2026-09-20 00:12:02 [SUCCESS] {"success":true,"collection":{"success":true,"sourcesProcessed":21,"itemsFetched":2323,"newItems":0,"duplicates":287,"staleSkipped":1704,"errors":10},"analysis":{"requested":15,"processed":0,"failed":0},"generation":{"requested":3,"processed":0,"failed":0},"qualityCheck":{"success":true,"requested":3,"processed":0,"approved":0,"rejected":0,"failed":0,"results":[]},"publish":{"success":true,"requested":0,"processed":0,"failed":0,"results":[]},"statsSync":{"success":true,"processed":5,"failed":0}}
2026-09-20 00:21:51 [INFO] Requesting: https://bordomavi-ai.vercel.app/api/cron/sync-news?secret=test_secret
2026-09-20 00:22:10 [SUCCESS] {"success":true,"collection":{"success":true,"sourcesProcessed":21,"itemsFetched":2323,"newItems":2,"duplicates":285,"staleSkipped":1704,"errors":10},"analysis":{"requested":15,"processed":2,"failed":0},"generation":{"requested":3,"processed":0,"failed":0},"qualityCheck":{"success":true,"requested":3,"processed":0,"approved":0,"rejected":0,"failed":0,"results":[]},"publish":{"success":true,"requested":0,"processed":0,"failed":0,"results":[]},"statsSync":{"success":true,"processed":5,"failed":0}}
2026-09-20 00:31:51 [INFO] Requesting: https://bordomavi-ai.vercel.app/api/cron/sync-news?secret=test_secret
2026-09-20 00:32:00 [SUCCESS] {"success":true,"collection":{"success":true,"sourcesProcessed":21,"itemsFetched":2323,"newItems":0,"duplicates":287,"staleSkipped":1704,"errors":10},"analysis":{"requested":15,"processed":0,"failed":0},"generation":{"requested":3,"processed":0,"failed":0},"qualityCheck":{"success":true,"requested":3,"processed":0,"approved":0,"rejected":0,"failed":0,"results":[]},"publish":{"success":true,"requested":0,"processed":0,"failed":0,"results":[]},"statsSync":{"success":true,"processed":5,"failed":0}}
2026-09-20 00:41:51 [INFO] Requesting: https://bordomavi-ai.vercel.app/api/cron/sync-news?secret=test_secret
2026-09-20 00:42:06 [SUCCESS] {"success":true,"collection":{"success":true,"sourcesProcessed":21,"itemsFetched":2323,"newItems":1,"duplicates":277,"staleSkipped":1713,"errors":10},"analysis":{"requested":15,"processed":1,"failed":0},"generation":{"requested":3,"processed":0,"failed":0},"qualityCheck":{"success":true,"requested":3,"processed":0,"approved":0,"rejected":0,"failed":0,"results":[]},"publish":{"success":true,"requested":0,"processed":0,"failed":0,"results":[]},"statsSync":{"success":true,"processed":5,"failed":0}}
2026-09-20 00:51:51 [INFO] Requesting: https://bordomavi-ai.vercel.app/api/cron/sync-news?secret=test_secret
2026-09-20 00:52:02 [SUCCESS] {"success":true,"collection":{"success":true,"sourcesProcessed":21,"itemsFetched":2323,"newItems":0,"duplicates":278,"staleSkipped":1713,"errors":10},"analysis":{"requested":15,"processed":0,"failed":0},"generation":{"requested":3,"processed":0,"failed":0},"qualityCheck":{"success":true,"requested":3,"processed":0,"approved":0,"rejected":0,"failed":0,"results":[]},"publish":{"success":true,"requested":0,"processed":0,"failed":0,"results":[]},"statsSync":{"success":true,"processed":5,"failed":0}}
2026-09-20 01:01:51 [INFO] Requesting: https://bordomavi-ai.vercel.app/api/cron/sync-news?secret=test_secret
2026-09-20 01:02:01 [SUCCESS] {"success":true,"collection":{"success":true,"sourcesProcessed":21,"itemsFetched":2323,"newItems":0,"duplicates":277,"staleSkipped":1713,"errors":10},"analysis":{"requested":15,"processed":0,"failed":0},"generation":{"requested":3,"processed":0,"failed":0},"qualityCheck":{"success":true,"requested":3,"processed":0,"approved":0,"rejected":0,"failed":0,"results":[]},"publish":{"success":true,"requested":0,"processed":0,"failed":0,"results":[]},"statsSync":{"success":true,"processed":5,"failed":0}}
2026-09-20 01:11:51 [INFO] Requesting: https://bordomavi-ai.vercel.app/api/cron/sync-news?secret=test_secret
2026-09-20 01:12:03 [SUCCESS] {"success":true,"collection":{"success":true,"sourcesProcessed":21,"itemsFetched":2323,"newItems":0,"duplicates":277,"staleSkipped":1713,"errors":10},"analysis":{"requested":15,"processed":0,"failed":0},"generation":{"requested":3,"processed":0,"failed":0},"qualityCheck":{"success":true,"requested":3,"processed":0,"approved":0,"rejected":0,"failed":0,"results":[]},"publish":{"success":true,"requested":0,"processed":0,"failed":0,"results":[]},"statsSync":{"success":true,"processed":5,"failed":0}}
2026-09-20 01:21:51 [INFO] Requesting: https://bordomavi-ai.vercel.app/api/cron/sync-news?secret=test_secret
2026-09-20 01:22:02 [SUCCESS] {"success":true,"collection":{"success":true,"sourcesProcessed":21,"itemsFetched":2323,"newItems":0,"duplicates":277,"staleSkipped":1713,"errors":10},"analysis":{"requested":15,"processed":0,"failed":0},"generation":{"requested":3,"processed":0,"failed":0},"qualityCheck":{"success":true,"requested":3,"processed":0,"approved":0,"rejected":0,"failed":0,"results":[]},"publish":{"success":true,"requested":0,"processed":0,"failed":0,"results":[]},"statsSync":{"success":true,"processed":5,"failed":0}}
2026-09-20 01:31:51 [INFO] Requesting: https://bordomavi-ai.vercel.app/api/cron/sync-news?secret=test_secret
2026-09-20 01:32:01 [SUCCESS] {"success":true,"collection":{"success":true,"sourcesProcessed":21,"itemsFetched":2323,"newItems":0,"duplicates":272,"staleSkipped":1719,"errors":10},"analysis":{"requested":15,"processed":0,"failed":0},"generation":{"requested":3,"processed":0,"failed":0},"qualityCheck":{"success":true,"requested":3,"processed":0,"approved":0,"rejected":0,"failed":0,"results":[]},"publish":{"success":true,"requested":0,"processed":0,"failed":0,"results":[]},"statsSync":{"success":true,"processed":5,"failed":0}}
2026-09-20 01:41:51 [INFO] Requesting: https://bordomavi-ai.vercel.app/api/cron/sync-news?secret=test_secret
2026-09-20 01:42:02 [SUCCESS] {"success":true,"collection":{"success":true,"sourcesProcessed":21,"itemsFetched":2323,"newItems":0,"duplicates":272,"staleSkipped":1719,"errors":10},"analysis":{"requested":15,"processed":0,"failed":0},"generation":{"requested":3,"processed":0,"failed":0},"qualityCheck":{"success":true,"requested":3,"processed":0,"approved":0,"rejected":0,"failed":0,"results":[]},"publish":{"success":true,"requested":0,"processed":0,"failed":0,"results":[]},"statsSync":{"success":true,"processed":5,"failed":0}}
2026-09-20 01:51:51 [INFO] Requesting: https://bordomavi-ai.vercel.app/api/cron/sync-news?secret=test_secret
2026-09-20 01:52:01 [SUCCESS] {"success":true,"collection":{"success":true,"sourcesProcessed":21,"itemsFetched":2323,"newItems":0,"duplicates":272,"staleSkipped":1719,"errors":10},"analysis":{"requested":15,"processed":0,"failed":0},"generation":{"requested":3,"processed":0,"failed":0},"qualityCheck":{"success":true,"requested":3,"processed":0,"approved":0,"rejected":0,"failed":0,"results":[]},"publish":{"success":true,"requested":0,"processed":0,"failed":0,"results":[]},"statsSync":{"success":true,"processed":5,"failed":0}}
2026-09-20 02:01:51 [INFO] Requesting: https://bordomavi-ai.vercel.app/api/cron/sync-news?secret=test_secret
2026-09-20 02:02:01 [SUCCESS] {"success":true,"collection":{"success":true,"sourcesProcessed":21,"itemsFetched":2323,"newItems":0,"duplicates":272,"staleSkipped":1719,"errors":10},"analysis":{"requested":15,"processed":0,"failed":0},"generation":{"requested":3,"processed":0,"failed":0},"qualityCheck":{"success":true,"requested":3,"processed":0,"approved":0,"rejected":0,"failed":0,"results":[]},"publish":{"success":true,"requested":0,"processed":0,"failed":0,"results":[]},"statsSync":{"success":true,"processed":5,"failed":0}}
2026-09-20 02:11:51 [INFO] Requesting: https://bordomavi-ai.vercel.app/api/cron/sync-news?secret=test_secret
2026-09-20 02:12:02 [SUCCESS] {"success":true,"collection":{"success":true,"sourcesProcessed":21,"itemsFetched":2323,"newItems":0,"duplicates":272,"staleSkipped":1719,"errors":10},"analysis":{"requested":15,"processed":0,"failed":0},"generation":{"requested":3,"processed":0,"failed":0},"qualityCheck":{"success":true,"requested":3,"processed":0,"approved":0,"rejected":0,"failed":0,"results":[]},"publish":{"success":true,"requested":0,"processed":0,"failed":0,"results":[]},"statsSync":{"success":true,"processed":5,"failed":0}}
2026-09-20 02:21:51 [INFO] Requesting: https://bordomavi-ai.vercel.app/api/cron/sync-news?secret=test_secret
2026-09-20 02:22:02 [SUCCESS] {"success":true,"collection":{"success":true,"sourcesProcessed":21,"itemsFetched":2323,"newItems":0,"duplicates":272,"staleSkipped":1719,"errors":10},"analysis":{"requested":15,"processed":0,"failed":0},"generation":{"requested":3,"processed":0,"failed":0},"qualityCheck":{"success":true,"requested":3,"processed":0,"approved":0,"rejected":0,"failed":0,"results":[]},"publish":{"success":true,"requested":0,"processed":0,"failed":0,"results":[]},"statsSync":{"success":true,"processed":5,"failed":0}}
2026-09-20 02:31:51 [INFO] Requesting: https://bordomavi-ai.vercel.app/api/cron/sync-news?secret=test_secret
2026-09-20 02:32:00 [SUCCESS] {"success":true,"collection":{"success":true,"sourcesProcessed":21,"itemsFetched":2323,"newItems":0,"duplicates":272,"staleSkipped":1719,"errors":10},"analysis":{"requested":15,"processed":0,"failed":0},"generation":{"requested":3,"processed":0,"failed":0},"qualityCheck":{"success":true,"requested":3,"processed":0,"approved":0,"rejected":0,"failed":0,"results":[]},"publish":{"success":true,"requested":0,"processed":0,"failed":0,"results":[]},"statsSync":{"success":true,"processed":5,"failed":0}}
2026-09-20 02:41:51 [INFO] Requesting: https://bordomavi-ai.vercel.app/api/cron/sync-news?secret=test_secret
2026-09-20 02:42:02 [SUCCESS] {"success":true,"collection":{"success":true,"sourcesProcessed":21,"itemsFetched":2323,"newItems":0,"duplicates":272,"staleSkipped":1719,"errors":10},"analysis":{"requested":15,"processed":0,"failed":0},"generation":{"requested":3,"processed":0,"failed":0},"qualityCheck":{"success":true,"requested":3,"processed":0,"approved":0,"rejected":0,"failed":0,"results":[]},"publish":{"success":true,"requested":0,"processed":0,"failed":0,"results":[]},"statsSync":{"success":true,"processed":5,"failed":0}}
2026-09-20 02:51:51 [INFO] Requesting: https://bordomavi-ai.vercel.app/api/cron/sync-news?secret=test_secret
2026-09-20 02:52:02 [SUCCESS] {"success":true,"collection":{"success":true,"sourcesProcessed":21,"itemsFetched":2323,"newItems":0,"duplicates":272,"staleSkipped":1719,"errors":10},"analysis":{"requested":15,"processed":0,"failed":0},"generation":{"requested":3,"processed":0,"failed":0},"qualityCheck":{"success":true,"requested":3,"processed":0,"approved":0,"rejected":0,"failed":0,"results":[]},"publish":{"success":true,"requested":0,"processed":0,"failed":0,"results":[]},"statsSync":{"success":true,"processed":5,"failed":0}}
2026-09-20 03:01:51 [INFO] Requesting: https://bordomavi-ai.vercel.app/api/cron/sync-news?secret=test_secret
2026-09-20 03:02:01 [SUCCESS] {"success":true,"collection":{"success":true,"sourcesProcessed":21,"itemsFetched":2323,"newItems":0,"duplicates":212,"staleSkipped":1941,"errors":10},"analysis":{"requested":15,"processed":0,"failed":0},"generation":{"requested":3,"processed":0,"failed":0},"qualityCheck":{"success":true,"requested":3,"processed":0,"approved":0,"rejected":0,"failed":0,"results":[]},"publish":{"success":true,"requested":0,"processed":0,"failed":0,"results":[]},"statsSync":{"success":true,"processed":5,"failed":0}}
2026-09-20 03:11:51 [INFO] Requesting: https://bordomavi-ai.vercel.app/api/cron/sync-news?secret=test_secret
2026-09-20 03:12:03 [SUCCESS] {"success":true,"collection":{"success":true,"sourcesProcessed":21,"itemsFetched":2323,"newItems":0,"duplicates":212,"staleSkipped":1941,"errors":10},"analysis":{"requested":15,"processed":0,"failed":0},"generation":{"requested":3,"processed":0,"failed":0},"qualityCheck":{"success":true,"requested":3,"processed":0,"approved":0,"rejected":0,"failed":0,"results":[]},"publish":{"success":true,"requested":0,"processed":0,"failed":0,"results":[]},"statsSync":{"success":true,"processed":5,"failed":0}}
2026-09-20 03:21:51 [INFO] Requesting: https://bordomavi-ai.vercel.app/api/cron/sync-news?secret=test_secret
2026-09-20 03:22:02 [SUCCESS] {"success":true,"collection":{"success":true,"sourcesProcessed":21,"itemsFetched":2323,"newItems":0,"duplicates":212,"staleSkipped":1941,"errors":10},"analysis":{"requested":15,"processed":0,"failed":0},"generation":{"requested":3,"processed":0,"failed":0},"qualityCheck":{"success":true,"requested":3,"processed":0,"approved":0,"rejected":0,"failed":0,"results":[]},"publish":{"success":true,"requested":0,"processed":0,"failed":0,"results":[]},"statsSync":{"success":true,"processed":5,"failed":0}}
2026-09-20 03:31:51 [INFO] Requesting: https://bordomavi-ai.vercel.app/api/cron/sync-news?secret=test_secret
2026-09-20 03:32:01 [SUCCESS] {"success":true,"collection":{"success":true,"sourcesProcessed":21,"itemsFetched":2323,"newItems":0,"duplicates":212,"staleSkipped":1941,"errors":10},"analysis":{"requested":15,"processed":0,"failed":0},"generation":{"requested":3,"processed":0,"failed":0},"qualityCheck":{"success":true,"requested":3,"processed":0,"approved":0,"rejected":0,"failed":0,"results":[]},"publish":{"success":true,"requested":0,"processed":0,"failed":0,"results":[]},"statsSync":{"success":true,"processed":5,"failed":0}}
2026-09-20 03:41:51 [INFO] Requesting: https://bordomavi-ai.vercel.app/api/cron/sync-news?secret=test_secret
2026-09-20 03:42:03 [SUCCESS] {"success":true,"collection":{"success":true,"sourcesProcessed":21,"itemsFetched":2323,"newItems":0,"duplicates":212,"staleSkipped":1941,"errors":10},"analysis":{"requested":15,"processed":0,"failed":0},"generation":{"requested":3,"processed":0,"failed":0},"qualityCheck":{"success":true,"requested":3,"processed":0,"approved":0,"rejected":0,"failed":0,"results":[]},"publish":{"success":true,"requested":0,"processed":0,"failed":0,"results":[]},"statsSync":{"success":true,"processed":5,"failed":0}}
2026-09-20 03:51:51 [INFO] Requesting: https://bordomavi-ai.vercel.app/api/cron/sync-news?secret=test_secret
2026-09-20 03:52:03 [SUCCESS] {"success":true,"collection":{"success":true,"sourcesProcessed":21,"itemsFetched":2323,"newItems":0,"duplicates":212,"staleSkipped":1941,"errors":10},"analysis":{"requested":15,"processed":0,"failed":0},"generation":{"requested":3,"processed":0,"failed":0},"qualityCheck":{"success":true,"requested":3,"processed":0,"approved":0,"rejected":0,"failed":0,"results":[]},"publish":{"success":true,"requested":0,"processed":0,"failed":0,"results":[]},"statsSync":{"success":true,"processed":5,"failed":0}}
2026-09-20 04:01:50 [INFO] Requesting: https://bordomavi-ai.vercel.app/api/cron/sync-news?secret=test_secret
2026-09-20 04:02:00 [SUCCESS] {"success":true,"collection":{"success":true,"sourcesProcessed":21,"itemsFetched":2323,"newItems":0,"duplicates":212,"staleSkipped":1941,"errors":10},"analysis":{"requested":15,"processed":0,"failed":0},"generation":{"requested":3,"processed":0,"failed":0},"qualityCheck":{"success":true,"requested":3,"processed":0,"approved":0,"rejected":0,"failed":0,"results":[]},"publish":{"success":true,"requested":0,"processed":0,"failed":0,"results":[]},"statsSync":{"success":true,"processed":5,"failed":0}}
2026-09-20 04:11:50 [INFO] Requesting: https://bordomavi-ai.vercel.app/api/cron/sync-news?secret=test_secret
2026-09-20 04:12:01 [SUCCESS] {"success":true,"collection":{"success":true,"sourcesProcessed":21,"itemsFetched":2323,"newItems":0,"duplicates":212,"staleSkipped":1941,"errors":10},"analysis":{"requested":15,"processed":0,"failed":0},"generation":{"requested":3,"processed":0,"failed":0},"qualityCheck":{"success":true,"requested":3,"processed":0,"approved":0,"rejected":0,"failed":0,"results":[]},"publish":{"success":true,"requested":0,"processed":0,"failed":0,"results":[]},"statsSync":{"success":true,"processed":5,"failed":0}}
2026-09-20 04:21:50 [INFO] Requesting: https://bordomavi-ai.vercel.app/api/cron/sync-news?secret=test_secret
2026-09-20 04:22:01 [SUCCESS] {"success":true,"collection":{"success":true,"sourcesProcessed":21,"itemsFetched":2323,"newItems":0,"duplicates":212,"staleSkipped":1941,"errors":10},"analysis":{"requested":15,"processed":0,"failed":0},"generation":{"requested":3,"processed":0,"failed":0},"qualityCheck":{"success":true,"requested":3,"processed":0,"approved":0,"rejected":0,"failed":0,"results":[]},"publish":{"success":true,"requested":0,"processed":0,"failed":0,"results":[]},"statsSync":{"success":true,"processed":5,"failed":0}}
2026-09-20 04:31:51 [INFO] Requesting: https://bordomavi-ai.vercel.app/api/cron/sync-news?secret=test_secret
2026-09-20 04:32:00 [SUCCESS] {"success":true,"collection":{"success":true,"sourcesProcessed":21,"itemsFetched":2323,"newItems":0,"duplicates":212,"staleSkipped":1941,"errors":10},"analysis":{"requested":15,"processed":0,"failed":0},"generation":{"requested":3,"processed":0,"failed":0},"qualityCheck":{"success":true,"requested":3,"processed":0,"approved":0,"rejected":0,"failed":0,"results":[]},"publish":{"success":true,"requested":0,"processed":0,"failed":0,"results":[]},"statsSync":{"success":true,"processed":5,"failed":0}}
2026-09-20 04:41:51 [INFO] Requesting: https://bordomavi-ai.vercel.app/api/cron/sync-news?secret=test_secret
2026-09-20 04:42:02 [SUCCESS] {"success":true,"collection":{"success":true,"sourcesProcessed":21,"itemsFetched":2323,"newItems":0,"duplicates":212,"staleSkipped":1941,"errors":10},"analysis":{"requested":15,"processed":0,"failed":0},"generation":{"requested":3,"processed":0,"failed":0},"qualityCheck":{"success":true,"requested":3,"processed":0,"approved":0,"rejected":0,"failed":0,"results":[]},"publish":{"success":true,"requested":0,"processed":0,"failed":0,"results":[]},"statsSync":{"success":true,"processed":5,"failed":0}}
2026-09-20 04:51:51 [INFO] Requesting: https://bordomavi-ai.vercel.app/api/cron/sync-news?secret=test_secret
2026-09-20 04:52:02 [SUCCESS] {"success":true,"collection":{"success":true,"sourcesProcessed":21,"itemsFetched":2323,"newItems":0,"duplicates":212,"staleSkipped":1941,"errors":10},"analysis":{"requested":15,"processed":0,"failed":0},"generation":{"requested":3,"processed":0,"failed":0},"qualityCheck":{"success":true,"requested":3,"processed":0,"approved":0,"rejected":0,"failed":0,"results":[]},"publish":{"success":true,"requested":0,"processed":0,"failed":0,"results":[]},"statsSync":{"success":true,"processed":5,"failed":0}}
2026-09-20 05:01:50 [INFO] Requesting: https://bordomavi-ai.vercel.app/api/cron/sync-news?secret=test_secret
2026-09-20 05:02:00 [SUCCESS] {"success":true,"collection":{"success":true,"sourcesProcessed":21,"itemsFetched":2323,"newItems":0,"duplicates":212,"staleSkipped":1941,"errors":10},"analysis":{"requested":15,"processed":0,"failed":0},"generation":{"requested":3,"processed":0,"failed":0},"qualityCheck":{"success":true,"requested":3,"processed":0,"approved":0,"rejected":0,"failed":0,"results":[]},"publish":{"success":true,"requested":0,"processed":0,"failed":0,"results":[]},"statsSync":{"success":true,"processed":5,"failed":0}}
2026-09-20 05:11:51 [INFO] Requesting: https://bordomavi-ai.vercel.app/api/cron/sync-news?secret=test_secret
2026-09-20 05:12:02 [SUCCESS] {"success":true,"collection":{"success":true,"sourcesProcessed":21,"itemsFetched":2323,"newItems":0,"duplicates":212,"staleSkipped":1941,"errors":10},"analysis":{"requested":15,"processed":0,"failed":0},"generation":{"requested":3,"processed":0,"failed":0},"qualityCheck":{"success":true,"requested":3,"processed":0,"approved":0,"rejected":0,"failed":0,"results":[]},"publish":{"success":true,"requested":0,"processed":0,"failed":0,"results":[]},"statsSync":{"success":true,"processed":5,"failed":0}}
2026-09-20 05:21:51 [INFO] Requesting: https://bordomavi-ai.vercel.app/api/cron/sync-news?secret=test_secret
2026-09-20 05:22:02 [SUCCESS] {"success":true,"collection":{"success":true,"sourcesProcessed":21,"itemsFetched":2323,"newItems":0,"duplicates":212,"staleSkipped":1941,"errors":10},"analysis":{"requested":15,"processed":0,"failed":0},"generation":{"requested":3,"processed":0,"failed":0},"qualityCheck":{"success":true,"requested":3,"processed":0,"approved":0,"rejected":0,"failed":0,"results":[]},"publish":{"success":true,"requested":0,"processed":0,"failed":0,"results":[]},"statsSync":{"success":true,"processed":5,"failed":0}}
2026-09-20 05:31:51 [INFO] Requesting: https://bordomavi-ai.vercel.app/api/cron/sync-news?secret=test_secret
2026-09-20 05:32:00 [SUCCESS] {"success":true,"collection":{"success":true,"sourcesProcessed":21,"itemsFetched":2323,"newItems":0,"duplicates":212,"staleSkipped":1941,"errors":10},"analysis":{"requested":15,"processed":0,"failed":0},"generation":{"requested":3,"processed":0,"failed":0},"qualityCheck":{"success":true,"requested":3,"processed":0,"approved":0,"rejected":0,"failed":0,"results":[]},"publish":{"success":true,"requested":0,"processed":0,"failed":0,"results":[]},"statsSync":{"success":true,"processed":5,"failed":0}}
2026-09-20 05:41:51 [INFO] Requesting: https://bordomavi-ai.vercel.app/api/cron/sync-news?secret=test_secret
2026-09-20 05:42:02 [SUCCESS] {"success":true,"collection":{"success":true,"sourcesProcessed":21,"itemsFetched":2323,"newItems":0,"duplicates":212,"staleSkipped":1941,"errors":10},"analysis":{"requested":15,"processed":0,"failed":0},"generation":{"requested":3,"processed":0,"failed":0},"qualityCheck":{"success":true,"requested":3,"processed":0,"approved":0,"rejected":0,"failed":0,"results":[]},"publish":{"success":true,"requested":0,"processed":0,"failed":0,"results":[]},"statsSync":{"success":true,"processed":5,"failed":0}}
2026-09-20 05:51:51 [INFO] Requesting: https://bordomavi-ai.vercel.app/api/cron/sync-news?secret=test_secret
2026-09-20 05:52:03 [SUCCESS] {"success":true,"collection":{"success":true,"sourcesProcessed":21,"itemsFetched":2323,"newItems":0,"duplicates":212,"staleSkipped":1941,"errors":10},"analysis":{"requested":15,"processed":0,"failed":0},"generation":{"requested":3,"processed":0,"failed":0},"qualityCheck":{"success":true,"requested":3,"processed":0,"approved":0,"rejected":0,"failed":0,"results":[]},"publish":{"success":true,"requested":0,"processed":0,"failed":0,"results":[]},"statsSync":{"success":true,"processed":5,"failed":0}}
2026-09-20 06:01:51 [INFO] Requesting: https://bordomavi-ai.vercel.app/api/cron/sync-news?secret=test_secret
2026-09-20 06:02:09 [SUCCESS] {"success":true,"collection":{"success":true,"sourcesProcessed":21,"itemsFetched":2323,"newItems":0,"duplicates":212,"staleSkipped":1941,"errors":10},"analysis":{"requested":15,"processed":1,"failed":0},"generation":{"requested":3,"processed":0,"failed":0},"qualityCheck":{"success":true,"requested":3,"processed":0,"approved":0,"rejected":0,"failed":0,"results":[]},"publish":{"success":true,"requested":0,"processed":0,"failed":0,"results":[]},"statsSync":{"success":true,"processed":5,"failed":0}}
2026-09-20 06:11:51 [INFO] Requesting: https://bordomavi-ai.vercel.app/api/cron/sync-news?secret=test_secret
2026-09-20 06:12:02 [SUCCESS] {"success":true,"collection":{"success":true,"sourcesProcessed":21,"itemsFetched":2323,"newItems":0,"duplicates":212,"staleSkipped":1941,"errors":10},"analysis":{"requested":15,"processed":0,"failed":0},"generation":{"requested":3,"processed":0,"failed":0},"qualityCheck":{"success":true,"requested":3,"processed":0,"approved":0,"rejected":0,"failed":0,"results":[]},"publish":{"success":true,"requested":0,"processed":0,"failed":0,"results":[]},"statsSync":{"success":true,"processed":5,"failed":0}}
2026-09-20 06:21:51 [INFO] Requesting: https://bordomavi-ai.vercel.app/api/cron/sync-news?secret=test_secret
2026-09-20 06:22:02 [SUCCESS] {"success":true,"collection":{"success":true,"sourcesProcessed":21,"itemsFetched":2323,"newItems":0,"duplicates":212,"staleSkipped":1941,"errors":10},"analysis":{"requested":15,"processed":0,"failed":0},"generation":{"requested":3,"processed":0,"failed":0},"qualityCheck":{"success":true,"requested":3,"processed":0,"approved":0,"rejected":0,"failed":0,"results":[]},"publish":{"success":true,"requested":0,"processed":0,"failed":0,"results":[]},"statsSync":{"success":true,"processed":5,"failed":0}}
2026-09-20 06:31:51 [INFO] Requesting: https://bordomavi-ai.vercel.app/api/cron/sync-news?secret=test_secret
2026-09-20 06:32:01 [SUCCESS] {"success":true,"collection":{"success":true,"sourcesProcessed":21,"itemsFetched":2323,"newItems":0,"duplicates":212,"staleSkipped":1941,"errors":10},"analysis":{"requested":15,"processed":0,"failed":0},"generation":{"requested":3,"processed":0,"failed":0},"qualityCheck":{"success":true,"requested":3,"processed":0,"approved":0,"rejected":0,"failed":0,"results":[]},"publish":{"success":true,"requested":0,"processed":0,"failed":0,"results":[]},"statsSync":{"success":true,"processed":5,"failed":0}}
2026-09-20 06:41:51 [INFO] Requesting: https://bordomavi-ai.vercel.app/api/cron/sync-news?secret=test_secret
2026-09-20 06:42:03 [SUCCESS] {"success":true,"collection":{"success":true,"sourcesProcessed":21,"itemsFetched":2323,"newItems":0,"duplicates":211,"staleSkipped":1942,"errors":10},"analysis":{"requested":15,"processed":0,"failed":0},"generation":{"requested":3,"processed":0,"failed":0},"qualityCheck":{"success":true,"requested":3,"processed":0,"approved":0,"rejected":0,"failed":0,"results":[]},"publish":{"success":true,"requested":0,"processed":0,"failed":0,"results":[]},"statsSync":{"success":true,"processed":5,"failed":0}}
2026-09-20 06:51:50 [INFO] Requesting: https://bordomavi-ai.vercel.app/api/cron/sync-news?secret=test_secret
2026-09-20 06:52:52 [ERROR] Uzak sunucu hata döndürdü: (504) Að Geçidi Zaman Aþýmý.
2026-09-20 07:01:51 [INFO] Requesting: https://bordomavi-ai.vercel.app/api/cron/sync-news?secret=test_secret
2026-09-20 07:02:01 [SUCCESS] {"success":true,"collection":{"success":true,"sourcesProcessed":21,"itemsFetched":2323,"newItems":0,"duplicates":230,"staleSkipped":1917,"errors":10},"analysis":{"requested":15,"processed":0,"failed":0},"generation":{"requested":3,"processed":0,"failed":0},"qualityCheck":{"success":true,"requested":3,"processed":0,"approved":0,"rejected":0,"failed":0,"results":[]},"publish":{"success":true,"requested":0,"processed":0,"failed":0,"results":[]},"statsSync":{"success":true,"processed":5,"failed":0}}
2026-09-20 07:11:51 [INFO] Requesting: https://bordomavi-ai.vercel.app/api/cron/sync-news?secret=test_secret
2026-09-20 07:12:23 [SUCCESS] {"success":true,"collection":{"success":true,"sourcesProcessed":21,"itemsFetched":2323,"newItems":3,"duplicates":223,"staleSkipped":1917,"errors":10},"analysis":{"requested":15,"processed":3,"failed":0},"generation":{"requested":3,"processed":1,"failed":0},"qualityCheck":{"success":true,"requested":3,"processed":0,"approved":0,"rejected":0,"failed":0,"results":[]},"publish":{"success":true,"requested":0,"processed":0,"failed":0,"results":[]},"statsSync":{"success":true,"processed":5,"failed":0}}
2026-09-20 07:21:51 [INFO] Requesting: https://bordomavi-ai.vercel.app/api/cron/sync-news?secret=test_secret
2026-09-20 07:22:02 [SUCCESS] {"success":true,"collection":{"success":true,"sourcesProcessed":21,"itemsFetched":2323,"newItems":0,"duplicates":226,"staleSkipped":1917,"errors":10},"analysis":{"requested":15,"processed":0,"failed":0},"generation":{"requested":3,"processed":0,"failed":0},"qualityCheck":{"success":true,"requested":3,"processed":0,"approved":0,"rejected":0,"failed":0,"results":[]},"publish":{"success":true,"requested":0,"processed":0,"failed":0,"results":[]},"statsSync":{"success":true,"processed":5,"failed":0}}
2026-09-20 07:31:51 [INFO] Requesting: https://bordomavi-ai.vercel.app/api/cron/sync-news?secret=test_secret
2026-09-20 07:32:09 [SUCCESS] {"success":true,"collection":{"success":true,"sourcesProcessed":21,"itemsFetched":2323,"newItems":0,"duplicates":226,"staleSkipped":1917,"errors":10},"analysis":{"requested":15,"processed":0,"failed":0},"generation":{"requested":3,"processed":0,"failed":0},"qualityCheck":{"success":true,"requested":3,"processed":0,"approved":0,"rejected":0,"failed":0,"results":[]},"publish":{"success":true,"requested":1,"processed":1,"failed":0,"results":[{"contentId":"cmu8sazl00008zyatgo7ouvuz","status":"PUBLISHED","facebookPostId":"1415192102080896_1790260632507290","mockMode":false}]},"statsSync":{"success":true,"processed":5,"failed":0}}
2026-09-20 07:41:51 [INFO] Requesting: https://bordomavi-ai.vercel.app/api/cron/sync-news?secret=test_secret
2026-09-20 07:42:12 [SUCCESS] {"success":true,"collection":{"success":true,"sourcesProcessed":21,"itemsFetched":2323,"newItems":0,"duplicates":225,"staleSkipped":1917,"errors":10},"analysis":{"requested":15,"processed":0,"failed":0},"generation":{"requested":3,"processed":0,"failed":0},"qualityCheck":{"success":true,"requested":3,"processed":0,"approved":0,"rejected":0,"failed":0,"results":[]},"publish":{"success":true,"requested":1,"processed":1,"failed":0,"results":[{"contentId":"cmu8sawxw0006zyatrqdj9b10","status":"PUBLISHED","facebookPostId":"1415192102080896_1790266009173419","mockMode":false}]},"statsSync":{"success":true,"processed":5,"failed":0}}
2026-09-20 07:51:51 [INFO] Requesting: https://bordomavi-ai.vercel.app/api/cron/sync-news?secret=test_secret
2026-09-20 07:52:12 [SUCCESS] {"success":true,"collection":{"success":true,"sourcesProcessed":21,"itemsFetched":2323,"newItems":0,"duplicates":225,"staleSkipped":1917,"errors":10},"analysis":{"requested":15,"processed":0,"failed":0},"generation":{"requested":3,"processed":0,"failed":0},"qualityCheck":{"success":true,"requested":3,"processed":0,"approved":0,"rejected":0,"failed":0,"results":[]},"publish":{"success":true,"requested":1,"processed":1,"failed":0,"results":[{"contentId":"cmu8s9g300003va2cevkf06g8","status":"PUBLISHED","facebookPostId":"1415192102080896_1790271702506183","mockMode":false}]},"statsSync":{"success":true,"processed":5,"failed":0}}
2026-09-20 08:01:51 [INFO] Requesting: https://bordomavi-ai.vercel.app/api/cron/sync-news?secret=test_secret
2026-09-20 08:02:01 [SUCCESS] {"success":true,"collection":{"success":true,"sourcesProcessed":21,"itemsFetched":2323,"newItems":0,"duplicates":225,"staleSkipped":1915,"errors":10},"analysis":{"requested":15,"processed":0,"failed":0},"generation":{"requested":3,"processed":0,"failed":0},"qualityCheck":{"success":true,"requested":3,"processed":0,"approved":0,"rejected":0,"failed":0,"results":[]},"publish":{"success":true,"requested":1,"processed":0,"failed":0,"results":[]},"statsSync":{"success":true,"processed":5,"failed":0}}
2026-09-20 08:11:51 [INFO] Requesting: https://bordomavi-ai.vercel.app/api/cron/sync-news?secret=test_secret
2026-09-20 08:12:09 [SUCCESS] {"success":true,"collection":{"success":true,"sourcesProcessed":21,"itemsFetched":2323,"newItems":1,"duplicates":224,"staleSkipped":1915,"errors":10},"analysis":{"requested":15,"processed":1,"failed":0},"generation":{"requested":3,"processed":0,"failed":0},"qualityCheck":{"success":true,"requested":3,"processed":0,"approved":0,"rejected":0,"failed":0,"results":[]},"publish":{"success":true,"requested":1,"processed":0,"failed":0,"results":[]},"statsSync":{"success":true,"processed":5,"failed":0}}
2026-09-20 08:21:51 [INFO] Requesting: https://bordomavi-ai.vercel.app/api/cron/sync-news?secret=test_secret
2026-09-20 08:22:02 [SUCCESS] {"success":true,"collection":{"success":true,"sourcesProcessed":21,"itemsFetched":2323,"newItems":0,"duplicates":223,"staleSkipped":1915,"errors":10},"analysis":{"requested":15,"processed":0,"failed":0},"generation":{"requested":3,"processed":0,"failed":0},"qualityCheck":{"success":true,"requested":3,"processed":0,"approved":0,"rejected":0,"failed":0,"results":[]},"publish":{"success":true,"requested":1,"processed":0,"failed":0,"results":[]},"statsSync":{"success":true,"processed":5,"failed":0}}
2026-09-20 08:31:51 [INFO] Requesting: https://bordomavi-ai.vercel.app/api/cron/sync-news?secret=test_secret
2026-09-20 08:32:12 [SUCCESS] {"success":true,"collection":{"success":true,"sourcesProcessed":21,"itemsFetched":2323,"newItems":0,"duplicates":223,"staleSkipped":1915,"errors":10},"analysis":{"requested":15,"processed":0,"failed":0},"generation":{"requested":3,"processed":0,"failed":0},"qualityCheck":{"success":true,"requested":3,"processed":0,"approved":0,"rejected":0,"failed":0,"results":[]},"publish":{"success":true,"requested":2,"processed":1,"failed":0,"results":[{"contentId":"cmu9doxjj0002vn310quzw1g3","status":"PUBLISHED","facebookPostId":"1415192102080896_1790295445837142","mockMode":false}]},"statsSync":{"success":true,"processed":5,"failed":0}}
2026-09-20 08:41:51 [INFO] Requesting: https://bordomavi-ai.vercel.app/api/cron/sync-news?secret=test_secret
2026-09-20 08:42:02 [SUCCESS] {"success":true,"collection":{"success":true,"sourcesProcessed":21,"itemsFetched":2323,"newItems":0,"duplicates":221,"staleSkipped":1908,"errors":10},"analysis":{"requested":15,"processed":0,"failed":0},"generation":{"requested":3,"processed":0,"failed":0},"qualityCheck":{"success":true,"requested":3,"processed":0,"approved":0,"rejected":0,"failed":0,"results":[]},"publish":{"success":true,"requested":2,"processed":0,"failed":0,"results":[]},"statsSync":{"success":true,"processed":5,"failed":0}}
2026-09-20 08:51:51 [INFO] Requesting: https://bordomavi-ai.vercel.app/api/cron/sync-news?secret=test_secret
2026-09-20 08:52:27 [SUCCESS] {"success":true,"collection":{"success":true,"sourcesProcessed":21,"itemsFetched":2323,"newItems":2,"duplicates":222,"staleSkipped":1905,"errors":10},"analysis":{"requested":15,"processed":2,"failed":0},"generation":{"requested":3,"processed":1,"failed":0},"qualityCheck":{"success":true,"requested":3,"processed":0,"approved":0,"rejected":0,"failed":0,"results":[]},"publish":{"success":true,"requested":2,"processed":1,"failed":0,"results":[{"contentId":"cmu9efuic0004wj0ji5hh4zbl","status":"PUBLISHED","facebookPostId":"1415192102080896_1790307365835950","mockMode":false}]},"statsSync":{"success":true,"processed":5,"failed":0}}
2026-09-20 09:01:51 [INFO] Requesting: https://bordomavi-ai.vercel.app/api/cron/sync-news?secret=test_secret
2026-09-20 09:02:27 [SUCCESS] {"success":true,"collection":{"success":true,"sourcesProcessed":21,"itemsFetched":2323,"newItems":0,"duplicates":226,"staleSkipped":1903,"errors":10},"analysis":{"requested":15,"processed":1,"failed":0},"generation":{"requested":3,"processed":1,"failed":0},"qualityCheck":{"success":true,"requested":3,"processed":0,"approved":0,"rejected":0,"failed":0,"results":[]},"publish":{"success":true,"requested":2,"processed":1,"failed":0,"results":[{"contentId":"cmu9esp4z0002ilmzwuyvjao0","status":"PUBLISHED","facebookPostId":"1415192102080896_1790313192502034","mockMode":false}]},"statsSync":{"success":true,"processed":5,"failed":0}}
2026-09-20 09:11:51 [INFO] Requesting: https://bordomavi-ai.vercel.app/api/cron/sync-news?secret=test_secret
2026-09-20 09:12:18 [SUCCESS] {"success":true,"collection":{"success":true,"sourcesProcessed":21,"itemsFetched":2323,"newItems":2,"duplicates":223,"staleSkipped":1900,"errors":10},"analysis":{"requested":15,"processed":2,"failed":0},"generation":{"requested":3,"processed":0,"failed":0},"qualityCheck":{"success":true,"requested":3,"processed":0,"approved":0,"rejected":0,"failed":0,"results":[]},"publish":{"success":true,"requested":2,"processed":0,"failed":0,"results":[]},"statsSync":{"success":true,"processed":5,"failed":0}}
2026-09-20 09:21:51 [INFO] Requesting: https://bordomavi-ai.vercel.app/api/cron/sync-news?secret=test_secret
2026-09-20 09:22:02 [SUCCESS] {"success":true,"collection":{"success":true,"sourcesProcessed":21,"itemsFetched":2323,"newItems":0,"duplicates":223,"staleSkipped":1896,"errors":10},"analysis":{"requested":15,"processed":0,"failed":0},"generation":{"requested":3,"processed":0,"failed":0},"qualityCheck":{"success":true,"requested":3,"processed":0,"approved":0,"rejected":0,"failed":0,"results":[]},"publish":{"success":true,"requested":2,"processed":0,"failed":0,"results":[]},"statsSync":{"success":true,"processed":5,"failed":0}}
2026-09-20 09:31:51 [INFO] Requesting: https://bordomavi-ai.vercel.app/api/cron/sync-news?secret=test_secret
2026-09-20 09:32:01 [SUCCESS] {"success":true,"collection":{"success":true,"sourcesProcessed":21,"itemsFetched":2323,"newItems":0,"duplicates":220,"staleSkipped":1896,"errors":10},"analysis":{"requested":15,"processed":0,"failed":0},"generation":{"requested":3,"processed":0,"failed":0},"qualityCheck":{"success":true,"requested":3,"processed":0,"approved":0,"rejected":0,"failed":0,"results":[]},"publish":{"success":true,"requested":2,"processed":0,"failed":0,"results":[]},"statsSync":{"success":true,"processed":5,"failed":0}}
2026-09-20 09:41:51 [INFO] Requesting: https://bordomavi-ai.vercel.app/api/cron/sync-news?secret=test_secret
2026-09-20 09:42:04 [SUCCESS] {"success":true,"collection":{"success":true,"sourcesProcessed":21,"itemsFetched":2323,"newItems":1,"duplicates":217,"staleSkipped":1892,"errors":10},"analysis":{"requested":15,"processed":1,"failed":0},"generation":{"requested":3,"processed":0,"failed":0},"qualityCheck":{"success":true,"requested":3,"processed":0,"approved":0,"rejected":0,"failed":0,"results":[]},"publish":{"success":true,"requested":2,"processed":0,"failed":0,"results":[]},"statsSync":{"success":true,"processed":5,"failed":0}}
2026-09-20 09:51:51 [INFO] Requesting: https://bordomavi-ai.vercel.app/api/cron/sync-news?secret=test_secret
2026-09-20 09:52:02 [SUCCESS] {"success":true,"collection":{"success":true,"sourcesProcessed":21,"itemsFetched":2323,"newItems":0,"duplicates":217,"staleSkipped":1890,"errors":10},"analysis":{"requested":15,"processed":0,"failed":0},"generation":{"requested":3,"processed":0,"failed":0},"qualityCheck":{"success":true,"requested":3,"processed":0,"approved":0,"rejected":0,"failed":0,"results":[]},"publish":{"success":true,"requested":2,"processed":0,"failed":0,"results":[]},"statsSync":{"success":true,"processed":5,"failed":0}}
2026-09-20 10:01:51 [INFO] Requesting: https://bordomavi-ai.vercel.app/api/cron/sync-news?secret=test_secret
2026-09-20 10:02:44 [SUCCESS] {"success":true,"collection":{"success":true,"sourcesProcessed":21,"itemsFetched":2323,"newItems":0,"duplicates":218,"staleSkipped":1890,"errors":10},"analysis":{"requested":15,"processed":0,"failed":0},"generation":{"requested":3,"processed":1,"failed":2},"qualityCheck":{"success":true,"requested":3,"processed":0,"approved":0,"rejected":0,"failed":0,"results":[]},"publish":{"success":true,"requested":2,"processed":2,"failed":0,"results":[{"contentId":"cmu9gy518000aivquukooccys","status":"PUBLISHED","facebookPostId":"1415192102080896_1790349262498427","mockMode":false},{"contentId":"cmu9gxn3h00022dzie2qxegpu","status":"PUBLISHED","facebookPostId":"1415192102080896_1790349449165075","mockMode":false}]},"statsSync":{"success":true,"processed":5,"failed":0}}
2026-09-20 10:11:51 [INFO] Requesting: https://bordomavi-ai.vercel.app/api/cron/sync-news?secret=test_secret
2026-09-20 10:12:29 [SUCCESS] {"success":true,"collection":{"success":true,"sourcesProcessed":21,"itemsFetched":2323,"newItems":1,"duplicates":216,"staleSkipped":1886,"errors":10},"analysis":{"requested":15,"processed":1,"failed":0},"generation":{"requested":3,"processed":1,"failed":0},"qualityCheck":{"success":true,"requested":3,"processed":0,"approved":0,"rejected":0,"failed":0,"results":[]},"publish":{"success":true,"requested":2,"processed":1,"failed":0,"results":[{"contentId":"cmu9hau6w0003p5idukwtpfbc","status":"PUBLISHED","facebookPostId":"1415192102080896_1790360459163974","mockMode":false}]},"statsSync":{"success":true,"processed":5,"failed":0}}
2026-09-20 10:21:51 [INFO] Requesting: https://bordomavi-ai.vercel.app/api/cron/sync-news?secret=test_secret
2026-09-20 10:22:02 [SUCCESS] {"success":true,"collection":{"success":true,"sourcesProcessed":21,"itemsFetched":2323,"newItems":0,"duplicates":216,"staleSkipped":1884,"errors":10},"analysis":{"requested":15,"processed":0,"failed":0},"generation":{"requested":3,"processed":0,"failed":0},"qualityCheck":{"success":true,"requested":3,"processed":0,"approved":0,"rejected":0,"failed":0,"results":[]},"publish":{"success":true,"requested":2,"processed":0,"failed":0,"results":[]},"statsSync":{"success":true,"processed":5,"failed":0}}
2026-09-20 10:31:50 [INFO] Requesting: https://bordomavi-ai.vercel.app/api/cron/sync-news?secret=test_secret
2026-09-20 10:32:52 [ERROR] Uzak sunucu hata döndürdü: (504) Að Geçidi Zaman Aþýmý.
2026-09-20 10:41:51 [INFO] Requesting: https://bordomavi-ai.vercel.app/api/cron/sync-news?secret=test_secret
2026-09-20 10:42:53 [ERROR] Uzak sunucu hata döndürdü: (504) Að Geçidi Zaman Aþýmý.
2026-09-20 10:51:51 [INFO] Requesting: https://bordomavi-ai.vercel.app/api/cron/sync-news?secret=test_secret
2026-09-20 10:52:41 [SUCCESS] {"success":true,"collection":{"success":true,"sourcesProcessed":21,"itemsFetched":2323,"newItems":3,"duplicates":212,"staleSkipped":1876,"errors":10},"analysis":{"requested":15,"processed":3,"failed":0},"generation":{"requested":3,"processed":1,"failed":0},"qualityCheck":{"success":true,"requested":3,"processed":0,"approved":0,"rejected":0,"failed":0,"results":[]},"publish":{"success":true,"requested":2,"processed":2,"failed":0,"results":[{"contentId":"cmu9iqby80006h0y79f4796oz","status":"PUBLISHED","facebookPostId":"1415192102080896_1790385362494817","mockMode":false},{"contentId":"cmu9idq270005xx2bb8es5mti","status":"PUBLISHED","facebookPostId":"1415192102080896_1790385449161475","mockMode":false}]},"statsSync":{"success":true,"processed":5,"failed":0}}
2026-09-20 11:01:51 [INFO] Requesting: https://bordomavi-ai.vercel.app/api/cron/sync-news?secret=test_secret
2026-09-20 11:02:14 [SUCCESS] {"success":true,"collection":{"success":true,"sourcesProcessed":21,"itemsFetched":2323,"newItems":1,"duplicates":216,"staleSkipped":1876,"errors":10},"analysis":{"requested":15,"processed":1,"failed":0},"generation":{"requested":3,"processed":1,"failed":0},"qualityCheck":{"success":true,"requested":3,"processed":0,"approved":0,"rejected":0,"failed":0,"results":[]},"publish":{"success":true,"requested":1,"processed":1,"failed":0,"results":[{"contentId":"cmu9j2vwx0003porbk5i2d6ak","status":"PUBLISHED","facebookPostId":"1415192102080896_1790392615827425","mockMode":false}]},"statsSync":{"success":true,"processed":5,"failed":0}}
2026-09-20 11:11:51 [INFO] Requesting: https://bordomavi-ai.vercel.app/api/cron/sync-news?secret=test_secret
2026-09-20 11:12:28 [SUCCESS] {"success":true,"collection":{"success":true,"sourcesProcessed":21,"itemsFetched":2323,"newItems":4,"duplicates":216,"staleSkipped":1870,"errors":10},"analysis":{"requested":15,"processed":4,"failed":0},"generation":{"requested":3,"processed":1,"failed":0},"qualityCheck":{"success":true,"requested":3,"processed":0,"approved":0,"rejected":0,"failed":0,"results":[]},"publish":{"success":true,"requested":1,"processed":1,"failed":0,"results":[{"contentId":"cmu9jg0fp000714b8pezssufd","status":"PUBLISHED","facebookPostId":"1415192102080896_1790399095826777","mockMode":false}]},"statsSync":{"success":true,"processed":5,"failed":0}}
2026-09-20 11:21:51 [INFO] Requesting: https://bordomavi-ai.vercel.app/api/cron/sync-news?secret=test_secret
2026-09-20 11:22:27 [SUCCESS] {"success":true,"collection":{"success":true,"sourcesProcessed":21,"itemsFetched":2323,"newItems":1,"duplicates":220,"staleSkipped":1868,"errors":10},"analysis":{"requested":15,"processed":1,"failed":0},"generation":{"requested":3,"processed":1,"failed":0},"qualityCheck":{"success":true,"requested":3,"processed":0,"approved":0,"rejected":0,"failed":0,"results":[]},"publish":{"success":true,"requested":1,"processed":1,"failed":0,"results":[{"contentId":"cmu9jsuv00003913cmbrow269","status":"PUBLISHED","facebookPostId":"1415192102080896_1790405675826119","mockMode":false}]},"statsSync":{"success":true,"processed":5,"failed":0}}
2026-09-20 11:31:51 [INFO] Requesting: https://bordomavi-ai.vercel.app/api/cron/sync-news?secret=test_secret
2026-09-20 11:32:01 [SUCCESS] {"success":true,"collection":{"success":true,"sourcesProcessed":21,"itemsFetched":2323,"newItems":0,"duplicates":221,"staleSkipped":1862,"errors":10},"analysis":{"requested":15,"processed":0,"failed":0},"generation":{"requested":3,"processed":0,"failed":0},"qualityCheck":{"success":true,"requested":3,"processed":0,"approved":0,"rejected":0,"failed":0,"results":[]},"publish":{"success":true,"requested":1,"processed":0,"failed":0,"results":[]},"statsSync":{"success":true,"processed":5,"failed":0}}
2026-09-20 11:41:51 [INFO] Requesting: https://bordomavi-ai.vercel.app/api/cron/sync-news?secret=test_secret
2026-09-20 11:42:30 [SUCCESS] {"success":true,"collection":{"success":true,"sourcesProcessed":21,"itemsFetched":2323,"newItems":3,"duplicates":215,"staleSkipped":1862,"errors":10},"analysis":{"requested":15,"processed":3,"failed":0},"generation":{"requested":3,"processed":1,"failed":0},"qualityCheck":{"success":true,"requested":3,"processed":0,"approved":0,"rejected":0,"failed":0,"results":[]},"publish":{"success":true,"requested":1,"processed":1,"failed":0,"results":[{"contentId":"cmu9kiny80005b3nwcfbm00fb","status":"PUBLISHED","facebookPostId":"1415192102080896_1790418782491475","mockMode":false}]},"statsSync":{"success":true,"processed":5,"failed":0}}
2026-09-20 11:51:51 [INFO] Requesting: https://bordomavi-ai.vercel.app/api/cron/sync-news?secret=test_secret
2026-09-20 11:52:13 [SUCCESS] {"success":true,"collection":{"success":true,"sourcesProcessed":21,"itemsFetched":2323,"newItems":2,"duplicates":215,"staleSkipped":1862,"errors":10},"analysis":{"requested":15,"processed":2,"failed":0},"generation":{"requested":3,"processed":0,"failed":0},"qualityCheck":{"success":true,"requested":3,"processed":0,"approved":0,"rejected":0,"failed":0,"results":[]},"publish":{"success":true,"requested":1,"processed":0,"failed":0,"results":[]},"statsSync":{"success":true,"processed":5,"failed":0}}
2026-09-20 12:01:51 [INFO] Requesting: https://bordomavi-ai.vercel.app/api/cron/sync-news?secret=test_secret
2026-09-20 12:02:30 [SUCCESS] {"success":true,"collection":{"success":true,"sourcesProcessed":21,"itemsFetched":323,"newItems":0,"duplicates":102,"staleSkipped":142,"errors":12},"analysis":{"requested":15,"processed":0,"failed":0},"generation":{"requested":3,"processed":1,"failed":1},"qualityCheck":{"success":true,"requested":3,"processed":0,"approved":0,"rejected":0,"failed":0,"results":[]},"publish":{"success":true,"requested":2,"processed":2,"failed":0,"results":[{"contentId":"cmu9l864b0005114f9ft6it4f","status":"PUBLISHED","facebookPostId":"1415192102080896_1790431119156908","mockMode":false},{"contentId":"cmu9l82ob0001nx2bayug6h73","status":"PUBLISHED","facebookPostId":"1415192102080896_1790431242490229","mockMode":false}]},"statsSync":{"success":true,"processed":5,"failed":0}}
2026-09-20 12:11:51 [INFO] Requesting: https://bordomavi-ai.vercel.app/api/cron/sync-news?secret=test_secret
2026-09-20 12:12:52 [ERROR] Uzak sunucu hata döndürdü: (504) Að Geçidi Zaman Aþýmý.
2026-09-20 12:21:51 [INFO] Requesting: https://bordomavi-ai.vercel.app/api/cron/sync-news?secret=test_secret
2026-09-20 12:22:26 [SUCCESS] {"success":true,"collection":{"success":true,"sourcesProcessed":21,"itemsFetched":2323,"newItems":1,"duplicates":215,"staleSkipped":1852,"errors":10},"analysis":{"requested":15,"processed":1,"failed":0},"generation":{"requested":3,"processed":1,"failed":0},"qualityCheck":{"success":true,"requested":3,"processed":0,"approved":0,"rejected":0,"failed":0,"results":[]},"publish":{"success":true,"requested":2,"processed":2,"failed":0,"results":[{"contentId":"cmu9lxsp700029yd5lddu6szq","status":"PUBLISHED","facebookPostId":"1415192102080896_1790443799155640","mockMode":false},{"contentId":"cmu9llmgi0007e757m6mxqsre","status":"PUBLISHED","facebookPostId":"1415192102080896_1790443979155622","mockMode":false}]},"statsSync":{"success":true,"processed":5,"failed":0}}
2026-09-20 12:31:51 [INFO] Requesting: https://bordomavi-ai.vercel.app/api/cron/sync-news?secret=test_secret
2026-09-20 12:32:13 [SUCCESS] {"success":true,"collection":{"success":true,"sourcesProcessed":21,"itemsFetched":2323,"newItems":0,"duplicates":215,"staleSkipped":1849,"errors":10},"analysis":{"requested":15,"processed":0,"failed":0},"generation":{"requested":3,"processed":0,"failed":0},"qualityCheck":{"success":true,"requested":3,"processed":0,"approved":0,"rejected":0,"failed":0,"results":[]},"publish":{"success":true,"requested":2,"processed":1,"failed":0,"results":[{"contentId":"cmu9mai2u0002m046rwic2ezg","status":"PUBLISHED","facebookPostId":"1415192102080896_1790450059155014","mockMode":false}]},"statsSync":{"success":true,"processed":5,"failed":0}}
2026-09-20 12:41:51 [INFO] Requesting: https://bordomavi-ai.vercel.app/api/cron/sync-news?secret=test_secret
2026-09-20 12:42:53 [ERROR] Uzak sunucu hata döndürdü: (504) Að Geçidi Zaman Aþýmý.
2026-09-20 12:51:51 [INFO] Requesting: https://bordomavi-ai.vercel.app/api/cron/sync-news?secret=test_secret
2026-09-20 12:52:52 [ERROR] Uzak sunucu hata döndürdü: (504) Að Geçidi Zaman Aþýmý.
2026-09-20 13:01:51 [INFO] Requesting: https://bordomavi-ai.vercel.app/api/cron/sync-news?secret=test_secret
2026-09-20 13:02:35 [SUCCESS] {"success":true,"collection":{"success":true,"sourcesProcessed":21,"itemsFetched":2323,"newItems":1,"duplicates":219,"staleSkipped":1844,"errors":10},"analysis":{"requested":15,"processed":1,"failed":0},"generation":{"requested":3,"processed":0,"failed":0},"qualityCheck":{"success":true,"requested":3,"processed":0,"approved":0,"rejected":0,"failed":0,"results":[]},"publish":{"success":true,"requested":2,"processed":2,"failed":0,"results":[{"contentId":"cmu9ncclk00016sb4wtayuw0m","status":"PUBLISHED","facebookPostId":"1415192102080896_1790468095819877","mockMode":false},{"contentId":"cmu9n14yq00071yexia8crc84","status":"PUBLISHED","facebookPostId":"1415192102080896_1790468299153190","mockMode":false}]},"statsSync":{"success":true,"processed":5,"failed":0}}
2026-09-20 13:11:51 [INFO] Requesting: https://bordomavi-ai.vercel.app/api/cron/sync-news?secret=test_secret
2026-09-20 13:12:37 [SUCCESS] {"success":true,"collection":{"success":true,"sourcesProcessed":21,"itemsFetched":2323,"newItems":6,"duplicates":212,"staleSkipped":1845,"errors":10},"analysis":{"requested":15,"processed":6,"failed":0},"generation":{"requested":3,"processed":1,"failed":0},"qualityCheck":{"success":true,"requested":3,"processed":0,"approved":0,"rejected":0,"failed":0,"results":[]},"publish":{"success":true,"requested":2,"processed":1,"failed":0,"results":[{"contentId":"cmu9nqhe400078l13ptwhg0jw","status":"PUBLISHED","facebookPostId":"1415192102080896_1790474115819275","mockMode":false}]},"statsSync":{"success":true,"processed":5,"failed":0}}
2026-09-20 13:21:51 [INFO] Requesting: https://bordomavi-ai.vercel.app/api/cron/sync-news?secret=test_secret
2026-09-20 13:22:18 [SUCCESS] {"success":true,"collection":{"success":true,"sourcesProcessed":21,"itemsFetched":2323,"newItems":4,"duplicates":215,"staleSkipped":1843,"errors":10},"analysis":{"requested":15,"processed":4,"failed":0},"generation":{"requested":3,"processed":0,"failed":0},"qualityCheck":{"success":true,"requested":3,"processed":0,"approved":0,"rejected":0,"failed":0,"results":[]},"publish":{"success":true,"requested":2,"processed":0,"failed":0,"results":[]},"statsSync":{"success":true,"processed":5,"failed":0}}
2026-09-20 13:31:51 [INFO] Requesting: https://bordomavi-ai.vercel.app/api/cron/sync-news?secret=test_secret
2026-09-20 13:32:00 [SUCCESS] {"success":true,"collection":{"success":true,"sourcesProcessed":21,"itemsFetched":2323,"newItems":0,"duplicates":217,"staleSkipped":1840,"errors":10},"analysis":{"requested":15,"processed":0,"failed":0},"generation":{"requested":3,"processed":0,"failed":0},"qualityCheck":{"success":true,"requested":3,"processed":0,"approved":0,"rejected":0,"failed":0,"results":[]},"publish":{"success":true,"requested":2,"processed":0,"failed":0,"results":[]},"statsSync":{"success":true,"processed":5,"failed":0}}
2026-09-20 13:41:51 [INFO] Requesting: https://bordomavi-ai.vercel.app/api/cron/sync-news?secret=test_secret
2026-09-20 13:42:06 [SUCCESS] {"success":true,"collection":{"success":true,"sourcesProcessed":21,"itemsFetched":323,"newItems":0,"duplicates":92,"staleSkipped":144,"errors":12},"analysis":{"requested":15,"processed":0,"failed":0},"generation":{"requested":3,"processed":0,"failed":0},"qualityCheck":{"success":true,"requested":3,"processed":0,"approved":0,"rejected":0,"failed":0,"results":[]},"publish":{"success":true,"requested":2,"processed":0,"failed":0,"results":[]},"statsSync":{"success":true,"processed":5,"failed":0}}
2026-09-20 13:51:51 [INFO] Requesting: https://bordomavi-ai.vercel.app/api/cron/sync-news?secret=test_secret
2026-09-20 13:52:31 [SUCCESS] {"success":true,"collection":{"success":true,"sourcesProcessed":21,"itemsFetched":2323,"newItems":2,"duplicates":212,"staleSkipped":1838,"errors":10},"analysis":{"requested":15,"processed":2,"failed":0},"generation":{"requested":3,"processed":1,"failed":0},"qualityCheck":{"success":true,"requested":3,"processed":1,"approved":0,"rejected":1,"failed":0,"results":[{"contentId":"cmu9ounjr00016jv2gc1zctxb","status":"REJECTED","score":30}]},"publish":{"success":true,"requested":2,"processed":1,"failed":0,"results":[{"contentId":"cmu9p5r4f0004n92vp4mz6yng","status":"PUBLISHED","facebookPostId":"1415192102080896_1790499495816737","mockMode":false}]},"statsSync":{"success":true,"processed":5,"failed":0}}
2026-09-20 14:01:51 [INFO] Requesting: https://bordomavi-ai.vercel.app/api/cron/sync-news?secret=test_secret
2026-09-20 14:02:07 [SUCCESS] {"success":true,"collection":{"success":true,"sourcesProcessed":21,"itemsFetched":2323,"newItems":0,"duplicates":213,"staleSkipped":1838,"errors":10},"analysis":{"requested":15,"processed":0,"failed":0},"generation":{"requested":3,"processed":0,"failed":0},"qualityCheck":{"success":true,"requested":3,"processed":0,"approved":0,"rejected":0,"failed":0,"results":[]},"publish":{"success":true,"requested":1,"processed":1,"failed":0,"results":[{"contentId":"cmu9ph8ow0001ny2qvgfhf9sd","status":"PUBLISHED","facebookPostId":"1415192102080896_1790506785816008","mockMode":false}]},"statsSync":{"success":true,"processed":5,"failed":0}}
2026-09-20 14:11:51 [INFO] Requesting: https://bordomavi-ai.vercel.app/api/cron/sync-news?secret=test_secret
2026-09-20 14:12:03 [SUCCESS] {"success":true,"collection":{"success":true,"sourcesProcessed":21,"itemsFetched":2323,"newItems":0,"duplicates":213,"staleSkipped":1838,"errors":10},"analysis":{"requested":15,"processed":0,"failed":0},"generation":{"requested":3,"processed":0,"failed":0},"qualityCheck":{"success":true,"requested":3,"processed":0,"approved":0,"rejected":0,"failed":0,"results":[]},"publish":{"success":true,"requested":1,"processed":0,"failed":0,"results":[]},"statsSync":{"success":true,"processed":5,"failed":0}}
2026-09-20 14:21:51 [INFO] Requesting: https://bordomavi-ai.vercel.app/api/cron/sync-news?secret=test_secret
2026-09-20 14:22:24 [SUCCESS] {"success":true,"collection":{"success":true,"sourcesProcessed":21,"itemsFetched":2323,"newItems":2,"duplicates":212,"staleSkipped":1832,"errors":10},"analysis":{"requested":15,"processed":2,"failed":0},"generation":{"requested":3,"processed":1,"failed":0},"qualityCheck":{"success":true,"requested":3,"processed":0,"approved":0,"rejected":0,"failed":0,"results":[]},"publish":{"success":true,"requested":1,"processed":1,"failed":0,"results":[{"contentId":"cmu9q8a1e00048imjnan5nf4t","status":"PUBLISHED","facebookPostId":"1415192102080896_1790523735814313","mockMode":false}]},"statsSync":{"success":true,"processed":5,"failed":0}}
2026-09-20 14:31:51 [INFO] Requesting: https://bordomavi-ai.vercel.app/api/cron/sync-news?secret=test_secret
2026-09-20 14:32:02 [SUCCESS] {"success":true,"collection":{"success":true,"sourcesProcessed":21,"itemsFetched":2323,"newItems":0,"duplicates":215,"staleSkipped":1832,"errors":10},"analysis":{"requested":15,"processed":0,"failed":0},"generation":{"requested":3,"processed":0,"failed":0},"qualityCheck":{"success":true,"requested":3,"processed":0,"approved":0,"rejected":0,"failed":0,"results":[]},"publish":{"success":true,"requested":1,"processed":0,"failed":0,"results":[]},"statsSync":{"success":true,"processed":5,"failed":0}}
2026-09-20 14:41:51 [INFO] Requesting: https://bordomavi-ai.vercel.app/api/cron/sync-news?secret=test_secret
2026-09-20 14:42:17 [SUCCESS] {"success":true,"collection":{"success":true,"sourcesProcessed":21,"itemsFetched":2323,"newItems":2,"duplicates":213,"staleSkipped":1830,"errors":10},"analysis":{"requested":15,"processed":2,"failed":0},"generation":{"requested":3,"processed":0,"failed":0},"qualityCheck":{"success":true,"requested":3,"processed":0,"approved":0,"rejected":0,"failed":0,"results":[]},"publish":{"success":true,"requested":1,"processed":0,"failed":0,"results":[]},"statsSync":{"success":true,"processed":5,"failed":0}}
2026-09-20 14:51:51 [INFO] Requesting: https://bordomavi-ai.vercel.app/api/cron/sync-news?secret=test_secret
2026-09-20 14:52:07 [SUCCESS] {"success":true,"collection":{"success":true,"sourcesProcessed":21,"itemsFetched":2323,"newItems":1,"duplicates":214,"staleSkipped":1828,"errors":10},"analysis":{"requested":15,"processed":1,"failed":0},"generation":{"requested":3,"processed":0,"failed":0},"qualityCheck":{"success":true,"requested":3,"processed":0,"approved":0,"rejected":0,"failed":0,"results":[]},"publish":{"success":true,"requested":1,"processed":0,"failed":0,"results":[]},"statsSync":{"success":true,"processed":5,"failed":0}}
2026-09-20 15:01:51 [INFO] Requesting: https://bordomavi-ai.vercel.app/api/cron/sync-news?secret=test_secret
2026-09-20 15:02:07 [SUCCESS] {"success":true,"collection":{"success":true,"sourcesProcessed":21,"itemsFetched":1323,"newItems":0,"duplicates":152,"staleSkipped":985,"errors":11},"analysis":{"requested":15,"processed":0,"failed":0},"generation":{"requested":3,"processed":0,"failed":0},"qualityCheck":{"success":true,"requested":3,"processed":0,"approved":0,"rejected":0,"failed":0,"results":[]},"publish":{"success":true,"requested":1,"processed":0,"failed":0,"results":[]},"statsSync":{"success":true,"processed":5,"failed":0}}
2026-09-20 15:11:51 [INFO] Requesting: https://bordomavi-ai.vercel.app/api/cron/sync-news?secret=test_secret
2026-09-20 15:12:17 [SUCCESS] {"success":true,"collection":{"success":true,"sourcesProcessed":21,"itemsFetched":2323,"newItems":2,"duplicates":217,"staleSkipped":1824,"errors":10},"analysis":{"requested":15,"processed":2,"failed":0},"generation":{"requested":3,"processed":0,"failed":0},"qualityCheck":{"success":true,"requested":3,"processed":0,"approved":0,"rejected":0,"failed":0,"results":[]},"publish":{"success":true,"requested":1,"processed":0,"failed":0,"results":[]},"statsSync":{"success":true,"processed":5,"failed":0}}
2026-09-20 15:21:51 [INFO] Requesting: https://bordomavi-ai.vercel.app/api/cron/sync-news?secret=test_secret
2026-09-20 15:22:02 [SUCCESS] {"success":true,"collection":{"success":true,"sourcesProcessed":21,"itemsFetched":2323,"newItems":0,"duplicates":220,"staleSkipped":1820,"errors":10},"analysis":{"requested":15,"processed":0,"failed":0},"generation":{"requested":3,"processed":0,"failed":0},"qualityCheck":{"success":true,"requested":3,"processed":0,"approved":0,"rejected":0,"failed":0,"results":[]},"publish":{"success":true,"requested":1,"processed":0,"failed":0,"results":[]},"statsSync":{"success":true,"processed":5,"failed":0}}
2026-09-20 15:31:51 [INFO] Requesting: https://bordomavi-ai.vercel.app/api/cron/sync-news?secret=test_secret
2026-09-20 15:32:07 [SUCCESS] {"success":true,"collection":{"success":true,"sourcesProcessed":21,"itemsFetched":2323,"newItems":1,"duplicates":219,"staleSkipped":1818,"errors":10},"analysis":{"requested":15,"processed":1,"failed":0},"generation":{"requested":3,"processed":0,"failed":0},"qualityCheck":{"success":true,"requested":3,"processed":0,"approved":0,"rejected":0,"failed":0,"results":[]},"publish":{"success":true,"requested":1,"processed":0,"failed":0,"results":[]},"statsSync":{"success":true,"processed":5,"failed":0}}
2026-09-20 15:41:51 [INFO] Requesting: https://bordomavi-ai.vercel.app/api/cron/sync-news?secret=test_secret
2026-09-20 15:42:07 [SUCCESS] {"success":true,"collection":{"success":true,"sourcesProcessed":21,"itemsFetched":2323,"newItems":1,"duplicates":218,"staleSkipped":1816,"errors":10},"analysis":{"requested":15,"processed":1,"failed":0},"generation":{"requested":3,"processed":0,"failed":0},"qualityCheck":{"success":true,"requested":3,"processed":0,"approved":0,"rejected":0,"failed":0,"results":[]},"publish":{"success":true,"requested":1,"processed":0,"failed":0,"results":[]},"statsSync":{"success":true,"processed":5,"failed":0}}
2026-09-20 15:51:51 [INFO] Requesting: https://bordomavi-ai.vercel.app/api/cron/sync-news?secret=test_secret
2026-09-20 15:52:07 [SUCCESS] {"success":true,"collection":{"success":true,"sourcesProcessed":21,"itemsFetched":2323,"newItems":1,"duplicates":220,"staleSkipped":1814,"errors":10},"analysis":{"requested":15,"processed":1,"failed":0},"generation":{"requested":3,"processed":0,"failed":0},"qualityCheck":{"success":true,"requested":3,"processed":0,"approved":0,"rejected":0,"failed":0,"results":[]},"publish":{"success":true,"requested":1,"processed":0,"failed":0,"results":[]},"statsSync":{"success":true,"processed":5,"failed":0}}
2026-09-20 16:01:51 [INFO] Requesting: https://bordomavi-ai.vercel.app/api/cron/sync-news?secret=test_secret
2026-09-20 16:02:01 [SUCCESS] {"success":true,"collection":{"success":true,"sourcesProcessed":21,"itemsFetched":2323,"newItems":0,"duplicates":222,"staleSkipped":1812,"errors":10},"analysis":{"requested":15,"processed":0,"failed":0},"generation":{"requested":3,"processed":0,"failed":0},"qualityCheck":{"success":true,"requested":3,"processed":0,"approved":0,"rejected":0,"failed":0,"results":[]},"publish":{"success":true,"requested":1,"processed":0,"failed":0,"results":[]},"statsSync":{"success":true,"processed":5,"failed":0}}
2026-09-20 16:11:51 [INFO] Requesting: https://bordomavi-ai.vercel.app/api/cron/sync-news?secret=test_secret
2026-09-20 16:12:02 [SUCCESS] {"success":true,"collection":{"success":true,"sourcesProcessed":21,"itemsFetched":2323,"newItems":0,"duplicates":221,"staleSkipped":1813,"errors":10},"analysis":{"requested":15,"processed":0,"failed":0},"generation":{"requested":3,"processed":0,"failed":0},"qualityCheck":{"success":true,"requested":3,"processed":0,"approved":0,"rejected":0,"failed":0,"results":[]},"publish":{"success":true,"requested":1,"processed":0,"failed":0,"results":[]},"statsSync":{"success":true,"processed":5,"failed":0}}
2026-09-20 16:21:51 [INFO] Requesting: https://bordomavi-ai.vercel.app/api/cron/sync-news?secret=test_secret
2026-09-20 16:22:10 [SUCCESS] {"success":true,"collection":{"success":true,"sourcesProcessed":21,"itemsFetched":2323,"newItems":2,"duplicates":221,"staleSkipped":1811,"errors":10},"analysis":{"requested":15,"processed":2,"failed":0},"generation":{"requested":3,"processed":0,"failed":0},"qualityCheck":{"success":true,"requested":3,"processed":0,"approved":0,"rejected":0,"failed":0,"results":[]},"publish":{"success":true,"requested":1,"processed":0,"failed":0,"results":[]},"statsSync":{"success":true,"processed":5,"failed":0}}
2026-09-20 16:31:51 [INFO] Requesting: https://bordomavi-ai.vercel.app/api/cron/sync-news?secret=test_secret
2026-09-20 16:32:18 [SUCCESS] {"success":true,"collection":{"success":true,"sourcesProcessed":21,"itemsFetched":2323,"newItems":0,"duplicates":226,"staleSkipped":1809,"errors":10},"analysis":{"requested":15,"processed":0,"failed":0},"generation":{"requested":3,"processed":1,"failed":0},"qualityCheck":{"success":true,"requested":3,"processed":0,"approved":0,"rejected":0,"failed":0,"results":[]},"publish":{"success":true,"requested":1,"processed":1,"failed":0,"results":[{"contentId":"cmu9uvays0001yij1nd4w0rpr","status":"PUBLISHED","facebookPostId":"1415192102080896_1790629562470397","mockMode":false}]},"statsSync":{"success":true,"processed":5,"failed":0}}
2026-09-20 16:41:51 [INFO] Requesting: https://bordomavi-ai.vercel.app/api/cron/sync-news?secret=test_secret
2026-09-20 16:42:21 [SUCCESS] {"success":true,"collection":{"success":true,"sourcesProcessed":21,"itemsFetched":2323,"newItems":1,"duplicates":225,"staleSkipped":1809,"errors":10},"analysis":{"requested":15,"processed":1,"failed":0},"generation":{"requested":3,"processed":1,"failed":0},"qualityCheck":{"success":true,"requested":3,"processed":0,"approved":0,"rejected":0,"failed":0,"results":[]},"publish":{"success":true,"requested":1,"processed":1,"failed":0,"results":[{"contentId":"cmu9v86lo0002qee8arxx2ws6","status":"PUBLISHED","facebookPostId":"1415192102080896_1790637619136258","mockMode":false}]},"statsSync":{"success":true,"processed":5,"failed":0}}
2026-09-20 16:51:51 [INFO] Requesting: https://bordomavi-ai.vercel.app/api/cron/sync-news?secret=test_secret
2026-09-20 16:52:12 [SUCCESS] {"success":true,"collection":{"success":true,"sourcesProcessed":21,"itemsFetched":323,"newItems":1,"duplicates":86,"staleSkipped":145,"errors":12},"analysis":{"requested":15,"processed":1,"failed":0},"generation":{"requested":3,"processed":0,"failed":0},"qualityCheck":{"success":true,"requested":3,"processed":0,"approved":0,"rejected":0,"failed":0,"results":[]},"publish":{"success":true,"requested":1,"processed":0,"failed":0,"results":[]},"statsSync":{"success":true,"processed":5,"failed":0}}
2026-09-20 17:01:51 [INFO] Requesting: https://bordomavi-ai.vercel.app/api/cron/sync-news?secret=test_secret
2026-09-20 17:02:18 [SUCCESS] {"success":true,"collection":{"success":true,"sourcesProcessed":21,"itemsFetched":2323,"newItems":0,"duplicates":230,"staleSkipped":1803,"errors":10},"analysis":{"requested":15,"processed":1,"failed":0},"generation":{"requested":3,"processed":1,"failed":1},"qualityCheck":{"success":true,"requested":3,"processed":0,"approved":0,"rejected":0,"failed":0,"results":[]},"publish":{"success":true,"requested":1,"processed":1,"failed":0,"results":[{"contentId":"cmu9vxwu900059cetmu3cmeja","status":"PUBLISHED","facebookPostId":"1415192102080896_1790652905801396","mockMode":false}]},"statsSync":{"success":true,"processed":5,"failed":0}}
2026-09-20 17:11:51 [INFO] Requesting: https://bordomavi-ai.vercel.app/api/cron/sync-news?secret=test_secret
2026-09-20 17:12:17 [SUCCESS] {"success":true,"collection":{"success":true,"sourcesProcessed":21,"itemsFetched":323,"newItems":0,"duplicates":88,"staleSkipped":145,"errors":12},"analysis":{"requested":15,"processed":0,"failed":0},"generation":{"requested":3,"processed":0,"failed":0},"qualityCheck":{"success":true,"requested":3,"processed":0,"approved":0,"rejected":0,"failed":0,"results":[]},"publish":{"success":true,"requested":1,"processed":1,"failed":0,"results":[{"contentId":"cmu9vxu8x00017q93q4wntd1y","status":"PUBLISHED","facebookPostId":"1415192102080896_1790662825800404","mockMode":false}]},"statsSync":{"success":true,"processed":5,"failed":0}}
2026-09-20 17:21:51 [INFO] Requesting: https://bordomavi-ai.vercel.app/api/cron/sync-news?secret=test_secret
2026-09-20 17:22:06 [SUCCESS] {"success":true,"collection":{"success":true,"sourcesProcessed":21,"itemsFetched":323,"newItems":0,"duplicates":88,"staleSkipped":145,"errors":12},"analysis":{"requested":15,"processed":0,"failed":0},"generation":{"requested":3,"processed":0,"failed":0},"qualityCheck":{"success":true,"requested":3,"processed":0,"approved":0,"rejected":0,"failed":0,"results":[]},"publish":{"success":true,"requested":1,"processed":0,"failed":0,"results":[]},"statsSync":{"success":true,"processed":5,"failed":0}}
2026-09-20 17:31:51 [INFO] Requesting: https://bordomavi-ai.vercel.app/api/cron/sync-news?secret=test_secret
2026-09-20 17:32:08 [SUCCESS] {"success":true,"collection":{"success":true,"sourcesProcessed":21,"itemsFetched":2323,"newItems":0,"duplicates":232,"staleSkipped":1797,"errors":10},"analysis":{"requested":15,"processed":0,"failed":0},"generation":{"requested":3,"processed":0,"failed":0},"qualityCheck":{"success":true,"requested":3,"processed":0,"approved":0,"rejected":0,"failed":0,"results":[]},"publish":{"success":true,"requested":1,"processed":1,"failed":0,"results":[{"contentId":"cmu9wzbi100019tuvx71qrwbv","status":"PUBLISHED","facebookPostId":"1415192102080896_1790677502465603","mockMode":false}]},"statsSync":{"success":true,"processed":5,"failed":0}}
2026-09-20 17:41:50 [INFO] Requesting: https://bordomavi-ai.vercel.app/api/cron/sync-news?secret=test_secret
2026-09-20 17:42:11 [SUCCESS] {"success":true,"collection":{"success":true,"sourcesProcessed":21,"itemsFetched":2323,"newItems":2,"duplicates":232,"staleSkipped":1793,"errors":10},"analysis":{"requested":15,"processed":2,"failed":0},"generation":{"requested":3,"processed":0,"failed":0},"qualityCheck":{"success":true,"requested":3,"processed":0,"approved":0,"rejected":0,"failed":0,"results":[]},"publish":{"success":true,"requested":1,"processed":0,"failed":0,"results":[]},"statsSync":{"success":true,"processed":5,"failed":0}}
2026-09-20 17:51:50 [INFO] Requesting: https://bordomavi-ai.vercel.app/api/cron/sync-news?secret=test_secret
2026-09-20 17:52:07 [SUCCESS] {"success":true,"collection":{"success":true,"sourcesProcessed":21,"itemsFetched":323,"newItems":0,"duplicates":88,"staleSkipped":145,"errors":12},"analysis":{"requested":15,"processed":0,"failed":0},"generation":{"requested":3,"processed":0,"failed":0},"qualityCheck":{"success":true,"requested":3,"processed":0,"approved":0,"rejected":0,"failed":0,"results":[]},"publish":{"success":true,"requested":1,"processed":0,"failed":0,"results":[]},"statsSync":{"success":true,"processed":5,"failed":0}}
2026-09-20 18:01:50 [INFO] Requesting: https://bordomavi-ai.vercel.app/api/cron/sync-news?secret=test_secret
2026-09-20 18:02:00 [SUCCESS] {"success":true,"collection":{"success":true,"sourcesProcessed":21,"itemsFetched":2323,"newItems":0,"duplicates":233,"staleSkipped":1793,"errors":10},"analysis":{"requested":15,"processed":0,"failed":0},"generation":{"requested":3,"processed":0,"failed":0},"qualityCheck":{"success":true,"requested":3,"processed":0,"approved":0,"rejected":0,"failed":0,"results":[]},"publish":{"success":true,"requested":1,"processed":0,"failed":0,"results":[]},"statsSync":{"success":true,"processed":5,"failed":0}}
2026-09-20 18:11:50 [INFO] Requesting: https://bordomavi-ai.vercel.app/api/cron/sync-news?secret=test_secret
2026-09-20 18:12:15 [SUCCESS] {"success":true,"collection":{"success":true,"sourcesProcessed":21,"itemsFetched":2323,"newItems":2,"duplicates":232,"staleSkipped":1791,"errors":10},"analysis":{"requested":15,"processed":2,"failed":0},"generation":{"requested":3,"processed":0,"failed":0},"qualityCheck":{"success":true,"requested":3,"processed":0,"approved":0,"rejected":0,"failed":0,"results":[]},"publish":{"success":true,"requested":1,"processed":0,"failed":0,"results":[]},"statsSync":{"success":true,"processed":5,"failed":0}}
2026-09-20 18:21:50 [INFO] Requesting: https://bordomavi-ai.vercel.app/api/cron/sync-news?secret=test_secret
2026-09-20 18:22:20 [SUCCESS] {"success":true,"collection":{"success":true,"sourcesProcessed":21,"itemsFetched":2323,"newItems":1,"duplicates":234,"staleSkipped":1791,"errors":10},"analysis":{"requested":15,"processed":1,"failed":0},"generation":{"requested":3,"processed":1,"failed":0},"qualityCheck":{"success":true,"requested":3,"processed":0,"approved":0,"rejected":0,"failed":0,"results":[]},"publish":{"success":true,"requested":1,"processed":1,"failed":0,"results":[{"contentId":"cmu9yst500002116egg3esq04","status":"PUBLISHED","facebookPostId":"1415192102080896_1790713952461958","mockMode":false}]},"statsSync":{"success":true,"processed":5,"failed":0}}
2026-09-20 18:31:50 [INFO] Requesting: https://bordomavi-ai.vercel.app/api/cron/sync-news?secret=test_secret
2026-09-20 18:32:08 [SUCCESS] {"success":true,"collection":{"success":true,"sourcesProcessed":21,"itemsFetched":2323,"newItems":0,"duplicates":237,"staleSkipped":1789,"errors":10},"analysis":{"requested":15,"processed":0,"failed":0},"generation":{"requested":3,"processed":0,"failed":0},"qualityCheck":{"success":true,"requested":3,"processed":0,"approved":0,"rejected":0,"failed":0,"results":[]},"publish":{"success":true,"requested":1,"processed":1,"failed":0,"results":[{"contentId":"cmu9z4ksx0002fxxw8yggd2cn","status":"PUBLISHED","facebookPostId":"1415192102080896_1790720922461261","mockMode":false}]},"statsSync":{"success":true,"processed":5,"failed":0}}
2026-09-20 18:41:50 [INFO] Requesting: https://bordomavi-ai.vercel.app/api/cron/sync-news?secret=test_secret
2026-09-20 18:42:02 [SUCCESS] {"success":true,"collection":{"success":true,"sourcesProcessed":21,"itemsFetched":2323,"newItems":0,"duplicates":236,"staleSkipped":1789,"errors":10},"analysis":{"requested":15,"processed":0,"failed":0},"generation":{"requested":3,"processed":0,"failed":0},"qualityCheck":{"success":true,"requested":3,"processed":0,"approved":0,"rejected":0,"failed":0,"results":[]},"publish":{"success":true,"requested":1,"processed":0,"failed":0,"results":[]},"statsSync":{"success":true,"processed":5,"failed":0}}
2026-09-20 18:51:50 [INFO] Requesting: https://bordomavi-ai.vercel.app/api/cron/sync-news?secret=test_secret
2026-09-20 18:52:02 [SUCCESS] {"success":true,"collection":{"success":true,"sourcesProcessed":21,"itemsFetched":2323,"newItems":0,"duplicates":236,"staleSkipped":1789,"errors":10},"analysis":{"requested":15,"processed":0,"failed":0},"generation":{"requested":3,"processed":0,"failed":0},"qualityCheck":{"success":true,"requested":3,"processed":0,"approved":0,"rejected":0,"failed":0,"results":[]},"publish":{"success":true,"requested":1,"processed":0,"failed":0,"results":[]},"statsSync":{"success":true,"processed":5,"failed":0}}
2026-09-20 19:01:50 [INFO] Requesting: https://bordomavi-ai.vercel.app/api/cron/sync-news?secret=test_secret
2026-09-20 19:02:11 [SUCCESS] {"success":true,"collection":{"success":true,"sourcesProcessed":21,"itemsFetched":2323,"newItems":0,"duplicates":237,"staleSkipped":1789,"errors":10},"analysis":{"requested":15,"processed":0,"failed":0},"generation":{"requested":3,"processed":0,"failed":0},"qualityCheck":{"success":true,"requested":3,"processed":0,"approved":0,"rejected":0,"failed":0,"results":[]},"publish":{"success":true,"requested":1,"processed":1,"failed":0,"results":[{"contentId":"cmua077yq0003dpwi8hzrkqjr","status":"PUBLISHED","facebookPostId":"1415192102080896_1790743379125682","mockMode":false}]},"statsSync":{"success":true,"processed":5,"failed":0}}
2026-09-20 19:11:50 [INFO] Requesting: https://bordomavi-ai.vercel.app/api/cron/sync-news?secret=test_secret
2026-09-20 19:12:02 [SUCCESS] {"success":true,"collection":{"success":true,"sourcesProcessed":21,"itemsFetched":2323,"newItems":0,"duplicates":237,"staleSkipped":1787,"errors":10},"analysis":{"requested":15,"processed":0,"failed":0},"generation":{"requested":3,"processed":0,"failed":0},"qualityCheck":{"success":true,"requested":3,"processed":0,"approved":0,"rejected":0,"failed":0,"results":[]},"publish":{"success":true,"requested":1,"processed":0,"failed":0,"results":[]},"statsSync":{"success":true,"processed":5,"failed":0}}
2026-09-20 19:21:50 [INFO] Requesting: https://bordomavi-ai.vercel.app/api/cron/sync-news?secret=test_secret
2026-09-20 19:22:07 [SUCCESS] {"success":true,"collection":{"success":true,"sourcesProcessed":21,"itemsFetched":323,"newItems":0,"duplicates":89,"staleSkipped":145,"errors":12},"analysis":{"requested":15,"processed":0,"failed":0},"generation":{"requested":3,"processed":0,"failed":0},"qualityCheck":{"success":true,"requested":3,"processed":0,"approved":0,"rejected":0,"failed":0,"results":[]},"publish":{"success":true,"requested":1,"processed":0,"failed":0,"results":[]},"statsSync":{"success":true,"processed":5,"failed":0}}
2026-09-20 19:31:50 [INFO] Requesting: https://bordomavi-ai.vercel.app/api/cron/sync-news?secret=test_secret
2026-09-20 19:32:11 [SUCCESS] {"success":true,"collection":{"success":true,"sourcesProcessed":21,"itemsFetched":2323,"newItems":0,"duplicates":239,"staleSkipped":1787,"errors":10},"analysis":{"requested":15,"processed":0,"failed":0},"generation":{"requested":3,"processed":0,"failed":0},"qualityCheck":{"success":true,"requested":3,"processed":0,"approved":0,"rejected":0,"failed":0,"results":[]},"publish":{"success":true,"requested":3,"processed":1,"failed":0,"results":[{"contentId":"cmua1a6f50003k78pnt074f9t","status":"PUBLISHED","facebookPostId":"1415192102080896_1790771069122913","mockMode":false}]},"statsSync":{"success":true,"processed":5,"failed":0}}
2026-09-20 19:41:50 [INFO] Requesting: https://bordomavi-ai.vercel.app/api/cron/sync-news?secret=test_secret
2026-09-20 19:42:23 [SUCCESS] {"success":true,"collection":{"success":true,"sourcesProcessed":21,"itemsFetched":2323,"newItems":1,"duplicates":238,"staleSkipped":1785,"errors":10},"analysis":{"requested":15,"processed":1,"failed":0},"generation":{"requested":3,"processed":1,"failed":0},"qualityCheck":{"success":true,"requested":3,"processed":0,"approved":0,"rejected":0,"failed":0,"results":[]},"publish":{"success":true,"requested":3,"processed":1,"failed":0,"results":[{"contentId":"cmua1npcf0003jnc3pf7aoqea","status":"PUBLISHED","facebookPostId":"1415192102080896_1790777592455594","mockMode":false}]},"statsSync":{"success":true,"processed":5,"failed":0}}
2026-09-20 19:51:50 [INFO] Requesting: https://bordomavi-ai.vercel.app/api/cron/sync-news?secret=test_secret
2026-09-20 19:52:02 [SUCCESS] {"success":true,"collection":{"success":true,"sourcesProcessed":21,"itemsFetched":2323,"newItems":0,"duplicates":239,"staleSkipped":1785,"errors":10},"analysis":{"requested":15,"processed":0,"failed":0},"generation":{"requested":3,"processed":0,"failed":0},"qualityCheck":{"success":true,"requested":3,"processed":0,"approved":0,"rejected":0,"failed":0,"results":[]},"publish":{"success":true,"requested":3,"processed":0,"failed":0,"results":[]},"statsSync":{"success":true,"processed":5,"failed":0}}
2026-09-20 20:01:50 [INFO] Requesting: https://bordomavi-ai.vercel.app/api/cron/sync-news?secret=test_secret
2026-09-20 20:02:06 [SUCCESS] {"success":true,"collection":{"success":true,"sourcesProcessed":21,"itemsFetched":2323,"newItems":1,"duplicates":237,"staleSkipped":1785,"errors":10},"analysis":{"requested":15,"processed":1,"failed":0},"generation":{"requested":3,"processed":0,"failed":0},"qualityCheck":{"success":true,"requested":3,"processed":0,"approved":0,"rejected":0,"failed":0,"results":[]},"publish":{"success":true,"requested":3,"processed":0,"failed":0,"results":[]},"statsSync":{"success":true,"processed":5,"failed":0}}
2026-09-20 20:11:50 [INFO] Requesting: https://bordomavi-ai.vercel.app/api/cron/sync-news?secret=test_secret
2026-09-20 20:12:14 [SUCCESS] {"success":true,"collection":{"success":true,"sourcesProcessed":21,"itemsFetched":2323,"newItems":2,"duplicates":236,"staleSkipped":1783,"errors":10},"analysis":{"requested":15,"processed":2,"failed":0},"generation":{"requested":3,"processed":0,"failed":0},"qualityCheck":{"success":true,"requested":3,"processed":0,"approved":0,"rejected":0,"failed":0,"results":[]},"publish":{"success":true,"requested":3,"processed":0,"failed":0,"results":[]},"statsSync":{"success":true,"processed":5,"failed":0}}
2026-09-20 20:21:50 [INFO] Requesting: https://bordomavi-ai.vercel.app/api/cron/sync-news?secret=test_secret
2026-09-20 20:22:35 [SUCCESS] {"success":true,"collection":{"success":true,"sourcesProcessed":21,"itemsFetched":2323,"newItems":3,"duplicates":239,"staleSkipped":1781,"errors":10},"analysis":{"requested":15,"processed":3,"failed":0},"generation":{"requested":3,"processed":1,"failed":0},"qualityCheck":{"success":true,"requested":3,"processed":0,"approved":0,"rejected":0,"failed":0,"results":[]},"publish":{"success":true,"requested":3,"processed":1,"failed":0,"results":[{"contentId":"cmua33eje0005c6tg9012df4w","status":"PUBLISHED","facebookPostId":"1415192102080896_1790815622451791","mockMode":false}]},"statsSync":{"success":true,"processed":5,"failed":0}}
2026-09-20 20:31:50 [INFO] Requesting: https://bordomavi-ai.vercel.app/api/cron/sync-news?secret=test_secret
2026-09-20 20:32:01 [SUCCESS] {"success":true,"collection":{"success":true,"sourcesProcessed":21,"itemsFetched":2323,"newItems":0,"duplicates":243,"staleSkipped":1781,"errors":10},"analysis":{"requested":15,"processed":0,"failed":0},"generation":{"requested":3,"processed":0,"failed":0},"qualityCheck":{"success":true,"requested":3,"processed":0,"approved":0,"rejected":0,"failed":0,"results":[]},"publish":{"success":true,"requested":3,"processed":0,"failed":0,"results":[]},"statsSync":{"success":true,"processed":5,"failed":0}}
2026-09-20 20:41:51 [INFO] Requesting: https://bordomavi-ai.vercel.app/api/cron/sync-news?secret=test_secret
2026-09-20 20:42:08 [SUCCESS] {"success":true,"collection":{"success":true,"sourcesProcessed":21,"itemsFetched":2323,"newItems":1,"duplicates":240,"staleSkipped":1785,"errors":10},"analysis":{"requested":15,"processed":1,"failed":0},"generation":{"requested":3,"processed":0,"failed":0},"qualityCheck":{"success":true,"requested":3,"processed":0,"approved":0,"rejected":0,"failed":0,"results":[]},"publish":{"success":true,"requested":3,"processed":0,"failed":0,"results":[]},"statsSync":{"success":true,"processed":5,"failed":0}}
2026-09-20 20:51:51 [INFO] Requesting: https://bordomavi-ai.vercel.app/api/cron/sync-news?secret=test_secret
2026-09-20 20:52:10 [SUCCESS] {"success":true,"collection":{"success":true,"sourcesProcessed":21,"itemsFetched":2323,"newItems":2,"duplicates":240,"staleSkipped":1785,"errors":10},"analysis":{"requested":15,"processed":2,"failed":0},"generation":{"requested":3,"processed":0,"failed":0},"qualityCheck":{"success":true,"requested":3,"processed":0,"approved":0,"rejected":0,"failed":0,"results":[]},"publish":{"success":true,"requested":3,"processed":0,"failed":0,"results":[]},"statsSync":{"success":true,"processed":5,"failed":0}}
2026-09-20 21:01:50 [INFO] Requesting: https://bordomavi-ai.vercel.app/api/cron/sync-news?secret=test_secret
2026-09-20 21:02:12 [SUCCESS] {"success":true,"collection":{"success":true,"sourcesProcessed":21,"itemsFetched":2323,"newItems":2,"duplicates":242,"staleSkipped":1783,"errors":10},"analysis":{"requested":15,"processed":2,"failed":0},"generation":{"requested":3,"processed":0,"failed":0},"qualityCheck":{"success":true,"requested":3,"processed":0,"approved":0,"rejected":0,"failed":0,"results":[]},"publish":{"success":true,"requested":3,"processed":0,"failed":0,"results":[]},"statsSync":{"success":true,"processed":5,"failed":0}}
2026-09-20 21:11:51 [INFO] Requesting: https://bordomavi-ai.vercel.app/api/cron/sync-news?secret=test_secret
2026-09-20 21:12:02 [SUCCESS] {"success":true,"collection":{"success":true,"sourcesProcessed":21,"itemsFetched":2323,"newItems":0,"duplicates":245,"staleSkipped":1783,"errors":10},"analysis":{"requested":15,"processed":0,"failed":0},"generation":{"requested":3,"processed":0,"failed":0},"qualityCheck":{"success":true,"requested":3,"processed":0,"approved":0,"rejected":0,"failed":0,"results":[]},"publish":{"success":true,"requested":3,"processed":0,"failed":0,"results":[]},"statsSync":{"success":true,"processed":5,"failed":0}}
2026-09-20 21:21:50 [INFO] Requesting: https://bordomavi-ai.vercel.app/api/cron/sync-news?secret=test_secret
2026-09-20 21:22:10 [SUCCESS] {"success":true,"collection":{"success":true,"sourcesProcessed":21,"itemsFetched":2323,"newItems":2,"duplicates":245,"staleSkipped":1783,"errors":10},"analysis":{"requested":15,"processed":2,"failed":0},"generation":{"requested":3,"processed":0,"failed":0},"qualityCheck":{"success":true,"requested":3,"processed":0,"approved":0,"rejected":0,"failed":0,"results":[]},"publish":{"success":true,"requested":3,"processed":0,"failed":0,"results":[]},"statsSync":{"success":true,"processed":5,"failed":0}}
2026-09-20 21:31:50 [INFO] Requesting: https://bordomavi-ai.vercel.app/api/cron/sync-news?secret=test_secret
2026-09-20 21:32:03 [SUCCESS] {"success":true,"collection":{"success":true,"sourcesProcessed":21,"itemsFetched":2323,"newItems":1,"duplicates":248,"staleSkipped":1781,"errors":10},"analysis":{"requested":15,"processed":1,"failed":0},"generation":{"requested":3,"processed":0,"failed":0},"qualityCheck":{"success":true,"requested":3,"processed":0,"approved":0,"rejected":0,"failed":0,"results":[]},"publish":{"success":true,"requested":3,"processed":0,"failed":0,"results":[]},"statsSync":{"success":true,"processed":5,"failed":0}}
2026-09-20 21:41:51 [INFO] Requesting: https://bordomavi-ai.vercel.app/api/cron/sync-news?secret=test_secret
2026-09-20 21:42:07 [SUCCESS] {"success":true,"collection":{"success":true,"sourcesProcessed":21,"itemsFetched":2323,"newItems":2,"duplicates":253,"staleSkipped":1781,"errors":10},"analysis":{"requested":15,"processed":2,"failed":0},"generation":{"requested":3,"processed":0,"failed":0},"qualityCheck":{"success":true,"requested":3,"processed":0,"approved":0,"rejected":0,"failed":0,"results":[]},"publish":{"success":true,"requested":3,"processed":0,"failed":0,"results":[]},"statsSync":{"success":true,"processed":5,"failed":0}}
2026-09-20 21:51:51 [INFO] Requesting: https://bordomavi-ai.vercel.app/api/cron/sync-news?secret=test_secret
2026-09-20 21:52:02 [SUCCESS] {"success":true,"collection":{"success":true,"sourcesProcessed":21,"itemsFetched":2323,"newItems":0,"duplicates":255,"staleSkipped":1781,"errors":10},"analysis":{"requested":15,"processed":0,"failed":0},"generation":{"requested":3,"processed":0,"failed":0},"qualityCheck":{"success":true,"requested":3,"processed":0,"approved":0,"rejected":0,"failed":0,"results":[]},"publish":{"success":true,"requested":3,"processed":0,"failed":0,"results":[]},"statsSync":{"success":true,"processed":5,"failed":0}}
2026-09-20 22:01:50 [INFO] Requesting: https://bordomavi-ai.vercel.app/api/cron/sync-news?secret=test_secret
2026-09-20 22:02:00 [SUCCESS] {"success":true,"collection":{"success":true,"sourcesProcessed":21,"itemsFetched":2323,"newItems":0,"duplicates":255,"staleSkipped":1781,"errors":10},"analysis":{"requested":15,"processed":0,"failed":0},"generation":{"requested":3,"processed":0,"failed":0},"qualityCheck":{"success":true,"requested":3,"processed":0,"approved":0,"rejected":0,"failed":0,"results":[]},"publish":{"success":true,"requested":3,"processed":0,"failed":0,"results":[]},"statsSync":{"success":true,"processed":5,"failed":0}}
2026-09-20 22:11:51 [INFO] Requesting: https://bordomavi-ai.vercel.app/api/cron/sync-news?secret=test_secret
2026-09-20 22:12:28 [SUCCESS] {"success":true,"collection":{"success":true,"sourcesProcessed":21,"itemsFetched":2323,"newItems":2,"duplicates":255,"staleSkipped":1778,"errors":10},"analysis":{"requested":15,"processed":2,"failed":0},"generation":{"requested":3,"processed":1,"failed":0},"qualityCheck":{"success":true,"requested":3,"processed":0,"approved":0,"rejected":0,"failed":0,"results":[]},"publish":{"success":true,"requested":3,"processed":1,"failed":0,"results":[{"contentId":"cmua70plr000413pd3bm5qsyx","status":"PUBLISHED","facebookPostId":"1415192102080896_1790905422442811","mockMode":false}]},"statsSync":{"success":true,"processed":5,"failed":0}}
2026-09-20 22:21:51 [INFO] Requesting: https://bordomavi-ai.vercel.app/api/cron/sync-news?secret=test_secret
2026-09-20 22:22:24 [SUCCESS] {"success":true,"collection":{"success":true,"sourcesProcessed":21,"itemsFetched":2323,"newItems":1,"duplicates":258,"staleSkipped":1777,"errors":10},"analysis":{"requested":15,"processed":1,"failed":0},"generation":{"requested":3,"processed":1,"failed":0},"qualityCheck":{"success":true,"requested":3,"processed":0,"approved":0,"rejected":0,"failed":0,"results":[]},"publish":{"success":true,"requested":3,"processed":1,"failed":0,"results":[{"contentId":"cmua7dhxu0002sah80ibt0qyw","status":"PUBLISHED","facebookPostId":"1415192102080896_1790911319108888","mockMode":false}]},"statsSync":{"success":true,"processed":5,"failed":0}}
2026-09-20 22:31:51 [INFO] Requesting: https://bordomavi-ai.vercel.app/api/cron/sync-news?secret=test_secret
2026-09-20 22:32:00 [SUCCESS] {"success":true,"collection":{"success":true,"sourcesProcessed":21,"itemsFetched":2323,"newItems":0,"duplicates":258,"staleSkipped":1777,"errors":10},"analysis":{"requested":15,"processed":0,"failed":0},"generation":{"requested":3,"processed":0,"failed":0},"qualityCheck":{"success":true,"requested":3,"processed":0,"approved":0,"rejected":0,"failed":0,"results":[]},"publish":{"success":true,"requested":3,"processed":0,"failed":0,"results":[]},"statsSync":{"success":true,"processed":5,"failed":0}}
2026-09-20 22:41:50 [INFO] Requesting: https://bordomavi-ai.vercel.app/api/cron/sync-news?secret=test_secret
2026-09-20 22:42:26 [SUCCESS] {"success":true,"collection":{"success":true,"sourcesProcessed":21,"itemsFetched":2323,"newItems":3,"duplicates":257,"staleSkipped":1775,"errors":10},"analysis":{"requested":15,"processed":3,"failed":0},"generation":{"requested":3,"processed":1,"failed":0},"qualityCheck":{"success":true,"requested":3,"processed":0,"approved":0,"rejected":0,"failed":0,"results":[]},"publish":{"success":true,"requested":3,"processed":1,"failed":0,"results":[{"contentId":"cmua838zj00057igikbo1mkvs","status":"PUBLISHED","facebookPostId":"1415192102080896_1790923745774312","mockMode":false}]},"statsSync":{"success":true,"processed":5,"failed":0}}
2026-09-20 22:51:51 [INFO] Requesting: https://bordomavi-ai.vercel.app/api/cron/sync-news?secret=test_secret
2026-09-20 22:52:01 [SUCCESS] {"success":true,"collection":{"success":true,"sourcesProcessed":21,"itemsFetched":2323,"newItems":0,"duplicates":260,"staleSkipped":1775,"errors":10},"analysis":{"requested":15,"processed":0,"failed":0},"generation":{"requested":3,"processed":0,"failed":0},"qualityCheck":{"success":true,"requested":3,"processed":0,"approved":0,"rejected":0,"failed":0,"results":[]},"publish":{"success":true,"requested":3,"processed":0,"failed":0,"results":[]},"statsSync":{"success":true,"processed":5,"failed":0}}
2026-09-20 23:01:51 [INFO] Requesting: https://bordomavi-ai.vercel.app/api/cron/sync-news?secret=test_secret
2026-09-20 23:02:08 [SUCCESS] {"success":true,"collection":{"success":true,"sourcesProcessed":21,"itemsFetched":2323,"newItems":1,"duplicates":261,"staleSkipped":1773,"errors":10},"analysis":{"requested":15,"processed":1,"failed":0},"generation":{"requested":3,"processed":0,"failed":0},"qualityCheck":{"success":true,"requested":3,"processed":0,"approved":0,"rejected":0,"failed":0,"results":[]},"publish":{"success":true,"requested":1,"processed":0,"failed":0,"results":[]},"statsSync":{"success":true,"processed":5,"failed":0}}
2026-09-20 23:11:51 [INFO] Requesting: https://bordomavi-ai.vercel.app/api/cron/sync-news?secret=test_secret
2026-09-20 23:12:15 [SUCCESS] {"success":true,"collection":{"success":true,"sourcesProcessed":21,"itemsFetched":2323,"newItems":1,"duplicates":259,"staleSkipped":1773,"errors":10},"analysis":{"requested":15,"processed":1,"failed":0},"generation":{"requested":3,"processed":0,"failed":0},"qualityCheck":{"success":true,"requested":3,"processed":0,"approved":0,"rejected":0,"failed":0,"results":[]},"publish":{"success":true,"requested":1,"processed":0,"failed":0,"results":[]},"statsSync":{"success":true,"processed":5,"failed":0}}
2026-09-20 23:21:51 [INFO] Requesting: https://bordomavi-ai.vercel.app/api/cron/sync-news?secret=test_secret
2026-09-20 23:22:02 [SUCCESS] {"success":true,"collection":{"success":true,"sourcesProcessed":21,"itemsFetched":2323,"newItems":0,"duplicates":260,"staleSkipped":1773,"errors":10},"analysis":{"requested":15,"processed":0,"failed":0},"generation":{"requested":3,"processed":0,"failed":0},"qualityCheck":{"success":true,"requested":3,"processed":0,"approved":0,"rejected":0,"failed":0,"results":[]},"publish":{"success":true,"requested":1,"processed":0,"failed":0,"results":[]},"statsSync":{"success":true,"processed":5,"failed":0}}
2026-09-20 23:31:51 [INFO] Requesting: https://bordomavi-ai.vercel.app/api/cron/sync-news?secret=test_secret
2026-09-20 23:32:00 [SUCCESS] {"success":true,"collection":{"success":true,"sourcesProcessed":21,"itemsFetched":2323,"newItems":0,"duplicates":260,"staleSkipped":1773,"errors":10},"analysis":{"requested":15,"processed":0,"failed":0},"generation":{"requested":3,"processed":0,"failed":0},"qualityCheck":{"success":true,"requested":3,"processed":0,"approved":0,"rejected":0,"failed":0,"results":[]},"publish":{"success":true,"requested":1,"processed":0,"failed":0,"results":[]},"statsSync":{"success":true,"processed":5,"failed":0}}
2026-09-20 23:41:51 [INFO] Requesting: https://bordomavi-ai.vercel.app/api/cron/sync-news?secret=test_secret
2026-09-20 23:42:07 [SUCCESS] {"success":true,"collection":{"success":true,"sourcesProcessed":21,"itemsFetched":2323,"newItems":1,"duplicates":260,"staleSkipped":1773,"errors":10},"analysis":{"requested":15,"processed":1,"failed":0},"generation":{"requested":3,"processed":0,"failed":0},"qualityCheck":{"success":true,"requested":3,"processed":0,"approved":0,"rejected":0,"failed":0,"results":[]},"publish":{"success":true,"requested":1,"processed":0,"failed":0,"results":[]},"statsSync":{"success":true,"processed":5,"failed":0}}
2026-09-20 23:51:51 [INFO] Requesting: https://bordomavi-ai.vercel.app/api/cron/sync-news?secret=test_secret
2026-09-20 23:52:02 [SUCCESS] {"success":true,"collection":{"success":true,"sourcesProcessed":21,"itemsFetched":2323,"newItems":0,"duplicates":261,"staleSkipped":1773,"errors":10},"analysis":{"requested":15,"processed":0,"failed":0},"generation":{"requested":3,"processed":0,"failed":0},"qualityCheck":{"success":true,"requested":3,"processed":0,"approved":0,"rejected":0,"failed":0,"results":[]},"publish":{"success":true,"requested":1,"processed":0,"failed":0,"results":[]},"statsSync":{"success":true,"processed":5,"failed":0}}
2026-09-21 00:01:51 [INFO] Requesting: https://bordomavi-ai.vercel.app/api/cron/sync-news?secret=test_secret
2026-09-21 00:02:01 [SUCCESS] {"success":true,"collection":{"success":true,"sourcesProcessed":21,"itemsFetched":2323,"newItems":0,"duplicates":261,"staleSkipped":1773,"errors":10},"analysis":{"requested":15,"processed":0,"failed":0},"generation":{"requested":3,"processed":0,"failed":0},"qualityCheck":{"success":true,"requested":3,"processed":0,"approved":0,"rejected":0,"failed":0,"results":[]},"publish":{"success":true,"requested":0,"processed":0,"failed":0,"results":[]},"statsSync":{"success":true,"processed":5,"failed":0}}
2026-09-21 00:11:51 [INFO] Requesting: https://bordomavi-ai.vercel.app/api/cron/sync-news?secret=test_secret
2026-09-21 00:12:02 [SUCCESS] {"success":true,"collection":{"success":true,"sourcesProcessed":21,"itemsFetched":2323,"newItems":0,"duplicates":261,"staleSkipped":1773,"errors":10},"analysis":{"requested":15,"processed":0,"failed":0},"generation":{"requested":3,"processed":0,"failed":0},"qualityCheck":{"success":true,"requested":3,"processed":0,"approved":0,"rejected":0,"failed":0,"results":[]},"publish":{"success":true,"requested":0,"processed":0,"failed":0,"results":[]},"statsSync":{"success":true,"processed":5,"failed":0}}
2026-09-21 00:21:50 [INFO] Requesting: https://bordomavi-ai.vercel.app/api/cron/sync-news?secret=test_secret
2026-09-21 00:22:01 [SUCCESS] {"success":true,"collection":{"success":true,"sourcesProcessed":21,"itemsFetched":2323,"newItems":0,"duplicates":261,"staleSkipped":1773,"errors":10},"analysis":{"requested":15,"processed":0,"failed":0},"generation":{"requested":3,"processed":0,"failed":0},"qualityCheck":{"success":true,"requested":3,"processed":0,"approved":0,"rejected":0,"failed":0,"results":[]},"publish":{"success":true,"requested":0,"processed":0,"failed":0,"results":[]},"statsSync":{"success":true,"processed":5,"failed":0}}
2026-09-21 00:31:50 [INFO] Requesting: https://bordomavi-ai.vercel.app/api/cron/sync-news?secret=test_secret
2026-09-21 00:32:00 [SUCCESS] {"success":true,"collection":{"success":true,"sourcesProcessed":21,"itemsFetched":2323,"newItems":0,"duplicates":261,"staleSkipped":1773,"errors":10},"analysis":{"requested":15,"processed":0,"failed":0},"generation":{"requested":3,"processed":0,"failed":0},"qualityCheck":{"success":true,"requested":3,"processed":0,"approved":0,"rejected":0,"failed":0,"results":[]},"publish":{"success":true,"requested":0,"processed":0,"failed":0,"results":[]},"statsSync":{"success":true,"processed":5,"failed":0}}
2026-09-21 00:41:51 [INFO] Requesting: https://bordomavi-ai.vercel.app/api/cron/sync-news?secret=test_secret
2026-09-21 00:42:02 [SUCCESS] {"success":true,"collection":{"success":true,"sourcesProcessed":21,"itemsFetched":2323,"newItems":0,"duplicates":261,"staleSkipped":1773,"errors":10},"analysis":{"requested":15,"processed":0,"failed":0},"generation":{"requested":3,"processed":0,"failed":0},"qualityCheck":{"success":true,"requested":3,"processed":0,"approved":0,"rejected":0,"failed":0,"results":[]},"publish":{"success":true,"requested":0,"processed":0,"failed":0,"results":[]},"statsSync":{"success":true,"processed":5,"failed":0}}
2026-09-21 00:51:51 [INFO] Requesting: https://bordomavi-ai.vercel.app/api/cron/sync-news?secret=test_secret
2026-09-21 00:52:01 [SUCCESS] {"success":true,"collection":{"success":true,"sourcesProcessed":21,"itemsFetched":2323,"newItems":0,"duplicates":249,"staleSkipped":1785,"errors":10},"analysis":{"requested":15,"processed":0,"failed":0},"generation":{"requested":3,"processed":0,"failed":0},"qualityCheck":{"success":true,"requested":3,"processed":0,"approved":0,"rejected":0,"failed":0,"results":[]},"publish":{"success":true,"requested":0,"processed":0,"failed":0,"results":[]},"statsSync":{"success":true,"processed":5,"failed":0}}
2026-09-21 01:01:51 [INFO] Requesting: https://bordomavi-ai.vercel.app/api/cron/sync-news?secret=test_secret
2026-09-21 01:02:01 [SUCCESS] {"success":true,"collection":{"success":true,"sourcesProcessed":21,"itemsFetched":2323,"newItems":0,"duplicates":249,"staleSkipped":1785,"errors":10},"analysis":{"requested":15,"processed":0,"failed":0},"generation":{"requested":3,"processed":0,"failed":0},"qualityCheck":{"success":true,"requested":3,"processed":0,"approved":0,"rejected":0,"failed":0,"results":[]},"publish":{"success":true,"requested":0,"processed":0,"failed":0,"results":[]},"statsSync":{"success":true,"processed":5,"failed":0}}
2026-09-21 01:11:50 [INFO] Requesting: https://bordomavi-ai.vercel.app/api/cron/sync-news?secret=test_secret
2026-09-21 01:12:02 [SUCCESS] {"success":true,"collection":{"success":true,"sourcesProcessed":21,"itemsFetched":2323,"newItems":0,"duplicates":249,"staleSkipped":1785,"errors":10},"analysis":{"requested":15,"processed":0,"failed":0},"generation":{"requested":3,"processed":0,"failed":0},"qualityCheck":{"success":true,"requested":3,"processed":0,"approved":0,"rejected":0,"failed":0,"results":[]},"publish":{"success":true,"requested":0,"processed":0,"failed":0,"results":[]},"statsSync":{"success":true,"processed":5,"failed":0}}
2026-09-21 01:21:50 [INFO] Requesting: https://bordomavi-ai.vercel.app/api/cron/sync-news?secret=test_secret
2026-09-21 01:22:02 [SUCCESS] {"success":true,"collection":{"success":true,"sourcesProcessed":21,"itemsFetched":2323,"newItems":0,"duplicates":252,"staleSkipped":1785,"errors":10},"analysis":{"requested":15,"processed":0,"failed":0},"generation":{"requested":3,"processed":0,"failed":0},"qualityCheck":{"success":true,"requested":3,"processed":0,"approved":0,"rejected":0,"failed":0,"results":[]},"publish":{"success":true,"requested":0,"processed":0,"failed":0,"results":[]},"statsSync":{"success":true,"processed":5,"failed":0}}
2026-09-21 01:31:50 [INFO] Requesting: https://bordomavi-ai.vercel.app/api/cron/sync-news?secret=test_secret
2026-09-21 01:32:01 [SUCCESS] {"success":true,"collection":{"success":true,"sourcesProcessed":21,"itemsFetched":2323,"newItems":0,"duplicates":252,"staleSkipped":1785,"errors":10},"analysis":{"requested":15,"processed":0,"failed":0},"generation":{"requested":3,"processed":0,"failed":0},"qualityCheck":{"success":true,"requested":3,"processed":0,"approved":0,"rejected":0,"failed":0,"results":[]},"publish":{"success":true,"requested":0,"processed":0,"failed":0,"results":[]},"statsSync":{"success":true,"processed":5,"failed":0}}
2026-09-21 01:41:50 [INFO] Requesting: https://bordomavi-ai.vercel.app/api/cron/sync-news?secret=test_secret
2026-09-21 01:42:01 [SUCCESS] {"success":true,"collection":{"success":true,"sourcesProcessed":21,"itemsFetched":2323,"newItems":0,"duplicates":252,"staleSkipped":1785,"errors":10},"analysis":{"requested":15,"processed":0,"failed":0},"generation":{"requested":3,"processed":0,"failed":0},"qualityCheck":{"success":true,"requested":3,"processed":0,"approved":0,"rejected":0,"failed":0,"results":[]},"publish":{"success":true,"requested":0,"processed":0,"failed":0,"results":[]},"statsSync":{"success":true,"processed":5,"failed":0}}
2026-09-21 01:51:50 [INFO] Requesting: https://bordomavi-ai.vercel.app/api/cron/sync-news?secret=test_secret
2026-09-21 01:52:01 [SUCCESS] {"success":true,"collection":{"success":true,"sourcesProcessed":21,"itemsFetched":2323,"newItems":0,"duplicates":252,"staleSkipped":1785,"errors":10},"analysis":{"requested":15,"processed":0,"failed":0},"generation":{"requested":3,"processed":0,"failed":0},"qualityCheck":{"success":true,"requested":3,"processed":0,"approved":0,"rejected":0,"failed":0,"results":[]},"publish":{"success":true,"requested":0,"processed":0,"failed":0,"results":[]},"statsSync":{"success":true,"processed":5,"failed":0}}
2026-09-21 02:01:51 [INFO] Requesting: https://bordomavi-ai.vercel.app/api/cron/sync-news?secret=test_secret
2026-09-21 02:02:01 [SUCCESS] {"success":true,"collection":{"success":true,"sourcesProcessed":21,"itemsFetched":2323,"newItems":0,"duplicates":252,"staleSkipped":1785,"errors":10},"analysis":{"requested":15,"processed":0,"failed":0},"generation":{"requested":3,"processed":0,"failed":0},"qualityCheck":{"success":true,"requested":3,"processed":0,"approved":0,"rejected":0,"failed":0,"results":[]},"publish":{"success":true,"requested":0,"processed":0,"failed":0,"results":[]},"statsSync":{"success":true,"processed":5,"failed":0}}
2026-09-21 02:11:51 [INFO] Requesting: https://bordomavi-ai.vercel.app/api/cron/sync-news?secret=test_secret
2026-09-21 02:12:03 [SUCCESS] {"success":true,"collection":{"success":true,"sourcesProcessed":21,"itemsFetched":2323,"newItems":0,"duplicates":252,"staleSkipped":1785,"errors":10},"analysis":{"requested":15,"processed":0,"failed":0},"generation":{"requested":3,"processed":0,"failed":0},"qualityCheck":{"success":true,"requested":3,"processed":0,"approved":0,"rejected":0,"failed":0,"results":[]},"publish":{"success":true,"requested":0,"processed":0,"failed":0,"results":[]},"statsSync":{"success":true,"processed":5,"failed":0}}
2026-09-21 02:21:51 [INFO] Requesting: https://bordomavi-ai.vercel.app/api/cron/sync-news?secret=test_secret
2026-09-21 02:22:02 [SUCCESS] {"success":true,"collection":{"success":true,"sourcesProcessed":21,"itemsFetched":2323,"newItems":0,"duplicates":252,"staleSkipped":1785,"errors":10},"analysis":{"requested":15,"processed":0,"failed":0},"generation":{"requested":3,"processed":0,"failed":0},"qualityCheck":{"success":true,"requested":3,"processed":0,"approved":0,"rejected":0,"failed":0,"results":[]},"publish":{"success":true,"requested":0,"processed":0,"failed":0,"results":[]},"statsSync":{"success":true,"processed":5,"failed":0}}
2026-09-21 02:31:50 [INFO] Requesting: https://bordomavi-ai.vercel.app/api/cron/sync-news?secret=test_secret
2026-09-21 02:32:01 [SUCCESS] {"success":true,"collection":{"success":true,"sourcesProcessed":21,"itemsFetched":2323,"newItems":0,"duplicates":252,"staleSkipped":1785,"errors":10},"analysis":{"requested":15,"processed":0,"failed":0},"generation":{"requested":3,"processed":0,"failed":0},"qualityCheck":{"success":true,"requested":3,"processed":0,"approved":0,"rejected":0,"failed":0,"results":[]},"publish":{"success":true,"requested":0,"processed":0,"failed":0,"results":[]},"statsSync":{"success":true,"processed":5,"failed":0}}
2026-09-21 02:41:51 [INFO] Requesting: https://bordomavi-ai.vercel.app/api/cron/sync-news?secret=test_secret
2026-09-21 02:42:02 [SUCCESS] {"success":true,"collection":{"success":true,"sourcesProcessed":21,"itemsFetched":2323,"newItems":0,"duplicates":252,"staleSkipped":1785,"errors":10},"analysis":{"requested":15,"processed":0,"failed":0},"generation":{"requested":3,"processed":0,"failed":0},"qualityCheck":{"success":true,"requested":3,"processed":0,"approved":0,"rejected":0,"failed":0,"results":[]},"publish":{"success":true,"requested":0,"processed":0,"failed":0,"results":[]},"statsSync":{"success":true,"processed":5,"failed":0}}
2026-09-21 02:51:51 [INFO] Requesting: https://bordomavi-ai.vercel.app/api/cron/sync-news?secret=test_secret
2026-09-21 02:52:02 [SUCCESS] {"success":true,"collection":{"success":true,"sourcesProcessed":21,"itemsFetched":2323,"newItems":0,"duplicates":252,"staleSkipped":1785,"errors":10},"analysis":{"requested":15,"processed":0,"failed":0},"generation":{"requested":3,"processed":0,"failed":0},"qualityCheck":{"success":true,"requested":3,"processed":0,"approved":0,"rejected":0,"failed":0,"results":[]},"publish":{"success":true,"requested":0,"processed":0,"failed":0,"results":[]},"statsSync":{"success":true,"processed":5,"failed":0}}
2026-09-21 03:01:51 [INFO] Requesting: https://bordomavi-ai.vercel.app/api/cron/sync-news?secret=test_secret
2026-09-21 03:02:01 [SUCCESS] {"success":true,"collection":{"success":true,"sourcesProcessed":21,"itemsFetched":2323,"newItems":0,"duplicates":150,"staleSkipped":2017,"errors":10},"analysis":{"requested":15,"processed":0,"failed":0},"generation":{"requested":3,"processed":0,"failed":0},"qualityCheck":{"success":true,"requested":3,"processed":0,"approved":0,"rejected":0,"failed":0,"results":[]},"publish":{"success":true,"requested":0,"processed":0,"failed":0,"results":[]},"statsSync":{"success":true,"processed":5,"failed":0}}
2026-09-21 03:11:51 [INFO] Requesting: https://bordomavi-ai.vercel.app/api/cron/sync-news?secret=test_secret
2026-09-21 03:12:01 [SUCCESS] {"success":true,"collection":{"success":true,"sourcesProcessed":21,"itemsFetched":2323,"newItems":0,"duplicates":150,"staleSkipped":2017,"errors":10},"analysis":{"requested":15,"processed":0,"failed":0},"generation":{"requested":3,"processed":0,"failed":0},"qualityCheck":{"success":true,"requested":3,"processed":0,"approved":0,"rejected":0,"failed":0,"results":[]},"publish":{"success":true,"requested":0,"processed":0,"failed":0,"results":[]},"statsSync":{"success":true,"processed":5,"failed":0}}
2026-09-21 03:21:51 [INFO] Requesting: https://bordomavi-ai.vercel.app/api/cron/sync-news?secret=test_secret
2026-09-21 03:22:01 [SUCCESS] {"success":true,"collection":{"success":true,"sourcesProcessed":21,"itemsFetched":2323,"newItems":0,"duplicates":150,"staleSkipped":2017,"errors":10},"analysis":{"requested":15,"processed":0,"failed":0},"generation":{"requested":3,"processed":0,"failed":0},"qualityCheck":{"success":true,"requested":3,"processed":0,"approved":0,"rejected":0,"failed":0,"results":[]},"publish":{"success":true,"requested":0,"processed":0,"failed":0,"results":[]},"statsSync":{"success":true,"processed":5,"failed":0}}
2026-09-21 03:31:51 [INFO] Requesting: https://bordomavi-ai.vercel.app/api/cron/sync-news?secret=test_secret
2026-09-21 03:32:00 [SUCCESS] {"success":true,"collection":{"success":true,"sourcesProcessed":21,"itemsFetched":2323,"newItems":0,"duplicates":150,"staleSkipped":2017,"errors":10},"analysis":{"requested":15,"processed":0,"failed":0},"generation":{"requested":3,"processed":0,"failed":0},"qualityCheck":{"success":true,"requested":3,"processed":0,"approved":0,"rejected":0,"failed":0,"results":[]},"publish":{"success":true,"requested":0,"processed":0,"failed":0,"results":[]},"statsSync":{"success":true,"processed":5,"failed":0}}
2026-09-21 03:41:51 [INFO] Requesting: https://bordomavi-ai.vercel.app/api/cron/sync-news?secret=test_secret
2026-09-21 03:42:03 [SUCCESS] {"success":true,"collection":{"success":true,"sourcesProcessed":21,"itemsFetched":2323,"newItems":0,"duplicates":150,"staleSkipped":2017,"errors":10},"analysis":{"requested":15,"processed":0,"failed":0},"generation":{"requested":3,"processed":0,"failed":0},"qualityCheck":{"success":true,"requested":3,"processed":0,"approved":0,"rejected":0,"failed":0,"results":[]},"publish":{"success":true,"requested":0,"processed":0,"failed":0,"results":[]},"statsSync":{"success":true,"processed":5,"failed":0}}
2026-09-21 03:51:51 [INFO] Requesting: https://bordomavi-ai.vercel.app/api/cron/sync-news?secret=test_secret
2026-09-21 03:52:03 [SUCCESS] {"success":true,"collection":{"success":true,"sourcesProcessed":21,"itemsFetched":2323,"newItems":0,"duplicates":150,"staleSkipped":2017,"errors":10},"analysis":{"requested":15,"processed":0,"failed":0},"generation":{"requested":3,"processed":0,"failed":0},"qualityCheck":{"success":true,"requested":3,"processed":0,"approved":0,"rejected":0,"failed":0,"results":[]},"publish":{"success":true,"requested":0,"processed":0,"failed":0,"results":[]},"statsSync":{"success":true,"processed":5,"failed":0}}
2026-09-21 04:01:51 [INFO] Requesting: https://bordomavi-ai.vercel.app/api/cron/sync-news?secret=test_secret
2026-09-21 04:02:02 [SUCCESS] {"success":true,"collection":{"success":true,"sourcesProcessed":21,"itemsFetched":2323,"newItems":0,"duplicates":150,"staleSkipped":2017,"errors":10},"analysis":{"requested":15,"processed":0,"failed":0},"generation":{"requested":3,"processed":0,"failed":0},"qualityCheck":{"success":true,"requested":3,"processed":0,"approved":0,"rejected":0,"failed":0,"results":[]},"publish":{"success":true,"requested":0,"processed":0,"failed":0,"results":[]},"statsSync":{"success":true,"processed":5,"failed":0}}
2026-09-21 04:11:51 [INFO] Requesting: https://bordomavi-ai.vercel.app/api/cron/sync-news?secret=test_secret
2026-09-21 04:12:02 [SUCCESS] {"success":true,"collection":{"success":true,"sourcesProcessed":21,"itemsFetched":2323,"newItems":0,"duplicates":150,"staleSkipped":2017,"errors":10},"analysis":{"requested":15,"processed":0,"failed":0},"generation":{"requested":3,"processed":0,"failed":0},"qualityCheck":{"success":true,"requested":3,"processed":0,"approved":0,"rejected":0,"failed":0,"results":[]},"publish":{"success":true,"requested":0,"processed":0,"failed":0,"results":[]},"statsSync":{"success":true,"processed":5,"failed":0}}
2026-09-21 04:21:51 [INFO] Requesting: https://bordomavi-ai.vercel.app/api/cron/sync-news?secret=test_secret
2026-09-21 04:22:02 [SUCCESS] {"success":true,"collection":{"success":true,"sourcesProcessed":21,"itemsFetched":2323,"newItems":0,"duplicates":150,"staleSkipped":2017,"errors":10},"analysis":{"requested":15,"processed":0,"failed":0},"generation":{"requested":3,"processed":0,"failed":0},"qualityCheck":{"success":true,"requested":3,"processed":0,"approved":0,"rejected":0,"failed":0,"results":[]},"publish":{"success":true,"requested":0,"processed":0,"failed":0,"results":[]},"statsSync":{"success":true,"processed":5,"failed":0}}
2026-09-21 04:31:51 [INFO] Requesting: https://bordomavi-ai.vercel.app/api/cron/sync-news?secret=test_secret
2026-09-21 04:32:01 [SUCCESS] {"success":true,"collection":{"success":true,"sourcesProcessed":21,"itemsFetched":2323,"newItems":0,"duplicates":150,"staleSkipped":2017,"errors":10},"analysis":{"requested":15,"processed":0,"failed":0},"generation":{"requested":3,"processed":0,"failed":0},"qualityCheck":{"success":true,"requested":3,"processed":0,"approved":0,"rejected":0,"failed":0,"results":[]},"publish":{"success":true,"requested":0,"processed":0,"failed":0,"results":[]},"statsSync":{"success":true,"processed":5,"failed":0}}
2026-09-21 04:41:51 [INFO] Requesting: https://bordomavi-ai.vercel.app/api/cron/sync-news?secret=test_secret
2026-09-21 04:42:02 [SUCCESS] {"success":true,"collection":{"success":true,"sourcesProcessed":21,"itemsFetched":2323,"newItems":0,"duplicates":150,"staleSkipped":2017,"errors":10},"analysis":{"requested":15,"processed":0,"failed":0},"generation":{"requested":3,"processed":0,"failed":0},"qualityCheck":{"success":true,"requested":3,"processed":0,"approved":0,"rejected":0,"failed":0,"results":[]},"publish":{"success":true,"requested":0,"processed":0,"failed":0,"results":[]},"statsSync":{"success":true,"processed":5,"failed":0}}
2026-09-21 04:51:51 [INFO] Requesting: https://bordomavi-ai.vercel.app/api/cron/sync-news?secret=test_secret
2026-09-21 04:52:02 [SUCCESS] {"success":true,"collection":{"success":true,"sourcesProcessed":21,"itemsFetched":2323,"newItems":0,"duplicates":150,"staleSkipped":2017,"errors":10},"analysis":{"requested":15,"processed":0,"failed":0},"generation":{"requested":3,"processed":0,"failed":0},"qualityCheck":{"success":true,"requested":3,"processed":0,"approved":0,"rejected":0,"failed":0,"results":[]},"publish":{"success":true,"requested":0,"processed":0,"failed":0,"results":[]},"statsSync":{"success":true,"processed":5,"failed":0}}
2026-09-21 05:01:51 [INFO] Requesting: https://bordomavi-ai.vercel.app/api/cron/sync-news?secret=test_secret
2026-09-21 05:02:01 [SUCCESS] {"success":true,"collection":{"success":true,"sourcesProcessed":21,"itemsFetched":2323,"newItems":0,"duplicates":150,"staleSkipped":2017,"errors":10},"analysis":{"requested":15,"processed":0,"failed":0},"generation":{"requested":3,"processed":0,"failed":0},"qualityCheck":{"success":true,"requested":3,"processed":0,"approved":0,"rejected":0,"failed":0,"results":[]},"publish":{"success":true,"requested":0,"processed":0,"failed":0,"results":[]},"statsSync":{"success":true,"processed":5,"failed":0}}
2026-09-21 05:11:51 [INFO] Requesting: https://bordomavi-ai.vercel.app/api/cron/sync-news?secret=test_secret
2026-09-21 05:12:02 [SUCCESS] {"success":true,"collection":{"success":true,"sourcesProcessed":21,"itemsFetched":2323,"newItems":0,"duplicates":150,"staleSkipped":2017,"errors":10},"analysis":{"requested":15,"processed":0,"failed":0},"generation":{"requested":3,"processed":0,"failed":0},"qualityCheck":{"success":true,"requested":3,"processed":0,"approved":0,"rejected":0,"failed":0,"results":[]},"publish":{"success":true,"requested":0,"processed":0,"failed":0,"results":[]},"statsSync":{"success":true,"processed":5,"failed":0}}
2026-09-21 05:21:51 [INFO] Requesting: https://bordomavi-ai.vercel.app/api/cron/sync-news?secret=test_secret
2026-09-21 05:22:03 [SUCCESS] {"success":true,"collection":{"success":true,"sourcesProcessed":21,"itemsFetched":2323,"newItems":0,"duplicates":150,"staleSkipped":2017,"errors":10},"analysis":{"requested":15,"processed":0,"failed":0},"generation":{"requested":3,"processed":0,"failed":0},"qualityCheck":{"success":true,"requested":3,"processed":0,"approved":0,"rejected":0,"failed":0,"results":[]},"publish":{"success":true,"requested":0,"processed":0,"failed":0,"results":[]},"statsSync":{"success":true,"processed":5,"failed":0}}
2026-09-21 05:31:51 [INFO] Requesting: https://bordomavi-ai.vercel.app/api/cron/sync-news?secret=test_secret
2026-09-21 05:32:03 [SUCCESS] {"success":true,"collection":{"success":true,"sourcesProcessed":21,"itemsFetched":2323,"newItems":0,"duplicates":150,"staleSkipped":2017,"errors":10},"analysis":{"requested":15,"processed":0,"failed":0},"generation":{"requested":3,"processed":0,"failed":0},"qualityCheck":{"success":true,"requested":3,"processed":0,"approved":0,"rejected":0,"failed":0,"results":[]},"publish":{"success":true,"requested":0,"processed":0,"failed":0,"results":[]},"statsSync":{"success":true,"processed":5,"failed":0}}
2026-09-21 05:41:51 [INFO] Requesting: https://bordomavi-ai.vercel.app/api/cron/sync-news?secret=test_secret
2026-09-21 05:42:02 [SUCCESS] {"success":true,"collection":{"success":true,"sourcesProcessed":21,"itemsFetched":2323,"newItems":0,"duplicates":150,"staleSkipped":2017,"errors":10},"analysis":{"requested":15,"processed":0,"failed":0},"generation":{"requested":3,"processed":0,"failed":0},"qualityCheck":{"success":true,"requested":3,"processed":0,"approved":0,"rejected":0,"failed":0,"results":[]},"publish":{"success":true,"requested":0,"processed":0,"failed":0,"results":[]},"statsSync":{"success":true,"processed":5,"failed":0}}
2026-09-21 05:51:51 [INFO] Requesting: https://bordomavi-ai.vercel.app/api/cron/sync-news?secret=test_secret
2026-09-21 05:52:02 [SUCCESS] {"success":true,"collection":{"success":true,"sourcesProcessed":21,"itemsFetched":2323,"newItems":0,"duplicates":150,"staleSkipped":2017,"errors":10},"analysis":{"requested":15,"processed":0,"failed":0},"generation":{"requested":3,"processed":0,"failed":0},"qualityCheck":{"success":true,"requested":3,"processed":0,"approved":0,"rejected":0,"failed":0,"results":[]},"publish":{"success":true,"requested":0,"processed":0,"failed":0,"results":[]},"statsSync":{"success":true,"processed":5,"failed":0}}
2026-09-21 06:01:51 [INFO] Requesting: https://bordomavi-ai.vercel.app/api/cron/sync-news?secret=test_secret
2026-09-21 06:02:01 [SUCCESS] {"success":true,"collection":{"success":true,"sourcesProcessed":21,"itemsFetched":2323,"newItems":0,"duplicates":150,"staleSkipped":2017,"errors":10},"analysis":{"requested":15,"processed":0,"failed":0},"generation":{"requested":3,"processed":0,"failed":0},"qualityCheck":{"success":true,"requested":3,"processed":0,"approved":0,"rejected":0,"failed":0,"results":[]},"publish":{"success":true,"requested":0,"processed":0,"failed":0,"results":[]},"statsSync":{"success":true,"processed":5,"failed":0}}
2026-09-21 06:11:51 [INFO] Requesting: https://bordomavi-ai.vercel.app/api/cron/sync-news?secret=test_secret
2026-09-21 06:12:02 [SUCCESS] {"success":true,"collection":{"success":true,"sourcesProcessed":21,"itemsFetched":2323,"newItems":0,"duplicates":150,"staleSkipped":2017,"errors":10},"analysis":{"requested":15,"processed":0,"failed":0},"generation":{"requested":3,"processed":0,"failed":0},"qualityCheck":{"success":true,"requested":3,"processed":0,"approved":0,"rejected":0,"failed":0,"results":[]},"publish":{"success":true,"requested":0,"processed":0,"failed":0,"results":[]},"statsSync":{"success":true,"processed":5,"failed":0}}
2026-09-21 06:21:51 [INFO] Requesting: https://bordomavi-ai.vercel.app/api/cron/sync-news?secret=test_secret
2026-09-21 06:22:02 [SUCCESS] {"success":true,"collection":{"success":true,"sourcesProcessed":21,"itemsFetched":2323,"newItems":0,"duplicates":150,"staleSkipped":2017,"errors":10},"analysis":{"requested":15,"processed":0,"failed":0},"generation":{"requested":3,"processed":0,"failed":0},"qualityCheck":{"success":true,"requested":3,"processed":0,"approved":0,"rejected":0,"failed":0,"results":[]},"publish":{"success":true,"requested":0,"processed":0,"failed":0,"results":[]},"statsSync":{"success":true,"processed":5,"failed":0}}
2026-09-21 06:31:51 [INFO] Requesting: https://bordomavi-ai.vercel.app/api/cron/sync-news?secret=test_secret
2026-09-21 06:32:00 [SUCCESS] {"success":true,"collection":{"success":true,"sourcesProcessed":21,"itemsFetched":2323,"newItems":0,"duplicates":150,"staleSkipped":2017,"errors":10},"analysis":{"requested":15,"processed":0,"failed":0},"generation":{"requested":3,"processed":0,"failed":0},"qualityCheck":{"success":true,"requested":3,"processed":0,"approved":0,"rejected":0,"failed":0,"results":[]},"publish":{"success":true,"requested":0,"processed":0,"failed":0,"results":[]},"statsSync":{"success":true,"processed":5,"failed":0}}
2026-09-21 06:41:51 [INFO] Requesting: https://bordomavi-ai.vercel.app/api/cron/sync-news?secret=test_secret
2026-09-21 06:42:03 [SUCCESS] {"success":true,"collection":{"success":true,"sourcesProcessed":21,"itemsFetched":2323,"newItems":0,"duplicates":148,"staleSkipped":2019,"errors":10},"analysis":{"requested":15,"processed":0,"failed":0},"generation":{"requested":3,"processed":0,"failed":0},"qualityCheck":{"success":true,"requested":3,"processed":0,"approved":0,"rejected":0,"failed":0,"results":[]},"publish":{"success":true,"requested":0,"processed":0,"failed":0,"results":[]},"statsSync":{"success":true,"processed":5,"failed":0}}
2026-09-21 06:51:51 [INFO] Requesting: https://bordomavi-ai.vercel.app/api/cron/sync-news?secret=test_secret
2026-09-21 06:52:03 [SUCCESS] {"success":true,"collection":{"success":true,"sourcesProcessed":21,"itemsFetched":2323,"newItems":0,"duplicates":148,"staleSkipped":2019,"errors":10},"analysis":{"requested":15,"processed":0,"failed":0},"generation":{"requested":3,"processed":0,"failed":0},"qualityCheck":{"success":true,"requested":3,"processed":0,"approved":0,"rejected":0,"failed":0,"results":[]},"publish":{"success":true,"requested":0,"processed":0,"failed":0,"results":[]},"statsSync":{"success":true,"processed":5,"failed":0}}
2026-09-21 07:01:51 [INFO] Requesting: https://bordomavi-ai.vercel.app/api/cron/sync-news?secret=test_secret
2026-09-21 07:02:24 [SUCCESS] {"success":true,"collection":{"success":true,"sourcesProcessed":21,"itemsFetched":2323,"newItems":2,"duplicates":160,"staleSkipped":2003,"errors":10},"analysis":{"requested":15,"processed":2,"failed":0},"generation":{"requested":3,"processed":0,"failed":0},"qualityCheck":{"success":true,"requested":3,"processed":0,"approved":0,"rejected":0,"failed":0,"results":[]},"publish":{"success":true,"requested":0,"processed":0,"failed":0,"results":[]},"statsSync":{"success":true,"processed":5,"failed":0}}
2026-09-21 07:11:51 [INFO] Requesting: https://bordomavi-ai.vercel.app/api/cron/sync-news?secret=test_secret
2026-09-21 07:12:03 [SUCCESS] {"success":true,"collection":{"success":true,"sourcesProcessed":21,"itemsFetched":2323,"newItems":0,"duplicates":162,"staleSkipped":2003,"errors":10},"analysis":{"requested":15,"processed":0,"failed":0},"generation":{"requested":3,"processed":0,"failed":0},"qualityCheck":{"success":true,"requested":3,"processed":0,"approved":0,"rejected":0,"failed":0,"results":[]},"publish":{"success":true,"requested":0,"processed":0,"failed":0,"results":[]},"statsSync":{"success":true,"processed":5,"failed":0}}
2026-09-21 07:21:51 [INFO] Requesting: https://bordomavi-ai.vercel.app/api/cron/sync-news?secret=test_secret
2026-09-21 07:22:03 [SUCCESS] {"success":true,"collection":{"success":true,"sourcesProcessed":21,"itemsFetched":2323,"newItems":0,"duplicates":162,"staleSkipped":2003,"errors":10},"analysis":{"requested":15,"processed":0,"failed":0},"generation":{"requested":3,"processed":0,"failed":0},"qualityCheck":{"success":true,"requested":3,"processed":0,"approved":0,"rejected":0,"failed":0,"results":[]},"publish":{"success":true,"requested":0,"processed":0,"failed":0,"results":[]},"statsSync":{"success":true,"processed":5,"failed":0}}
2026-09-21 07:31:51 [INFO] Requesting: https://bordomavi-ai.vercel.app/api/cron/sync-news?secret=test_secret
2026-09-21 07:32:01 [SUCCESS] {"success":true,"collection":{"success":true,"sourcesProcessed":21,"itemsFetched":2323,"newItems":0,"duplicates":162,"staleSkipped":2003,"errors":10},"analysis":{"requested":15,"processed":0,"failed":0},"generation":{"requested":3,"processed":0,"failed":0},"qualityCheck":{"success":true,"requested":3,"processed":0,"approved":0,"rejected":0,"failed":0,"results":[]},"publish":{"success":true,"requested":1,"processed":0,"failed":0,"results":[]},"statsSync":{"success":true,"processed":5,"failed":0}}
2026-09-21 07:41:51 [INFO] Requesting: https://bordomavi-ai.vercel.app/api/cron/sync-news?secret=test_secret
2026-09-21 07:42:03 [SUCCESS] {"success":true,"collection":{"success":true,"sourcesProcessed":21,"itemsFetched":2323,"newItems":0,"duplicates":162,"staleSkipped":2003,"errors":10},"analysis":{"requested":15,"processed":0,"failed":0},"generation":{"requested":3,"processed":0,"failed":0},"qualityCheck":{"success":true,"requested":3,"processed":0,"approved":0,"rejected":0,"failed":0,"results":[]},"publish":{"success":true,"requested":1,"processed":0,"failed":0,"results":[]},"statsSync":{"success":true,"processed":5,"failed":0}}
2026-09-21 07:51:51 [INFO] Requesting: https://bordomavi-ai.vercel.app/api/cron/sync-news?secret=test_secret
2026-09-21 07:52:02 [SUCCESS] {"success":true,"collection":{"success":true,"sourcesProcessed":21,"itemsFetched":2323,"newItems":0,"duplicates":162,"staleSkipped":2003,"errors":10},"analysis":{"requested":15,"processed":0,"failed":0},"generation":{"requested":3,"processed":0,"failed":0},"qualityCheck":{"success":true,"requested":3,"processed":0,"approved":0,"rejected":0,"failed":0,"results":[]},"publish":{"success":true,"requested":1,"processed":0,"failed":0,"results":[]},"statsSync":{"success":true,"processed":5,"failed":0}}
2026-09-21 08:01:51 [INFO] Requesting: https://bordomavi-ai.vercel.app/api/cron/sync-news?secret=test_secret
2026-09-21 08:02:05 [SUCCESS] {"success":true,"collection":{"success":true,"sourcesProcessed":21,"itemsFetched":2323,"newItems":0,"duplicates":161,"staleSkipped":2001,"errors":10},"analysis":{"requested":15,"processed":0,"failed":0},"generation":{"requested":3,"processed":0,"failed":0},"qualityCheck":{"success":true,"requested":3,"processed":0,"approved":0,"rejected":0,"failed":0,"results":[]},"publish":{"success":true,"requested":1,"processed":0,"failed":0,"results":[]},"statsSync":{"success":true,"processed":5,"failed":0}}
2026-09-21 08:11:51 [INFO] Requesting: https://bordomavi-ai.vercel.app/api/cron/sync-news?secret=test_secret
2026-09-21 08:12:02 [SUCCESS] {"success":true,"collection":{"success":true,"sourcesProcessed":21,"itemsFetched":2323,"newItems":0,"duplicates":160,"staleSkipped":2001,"errors":10},"analysis":{"requested":15,"processed":0,"failed":0},"generation":{"requested":3,"processed":0,"failed":0},"qualityCheck":{"success":true,"requested":3,"processed":0,"approved":0,"rejected":0,"failed":0,"results":[]},"publish":{"success":true,"requested":1,"processed":0,"failed":0,"results":[]},"statsSync":{"success":true,"processed":5,"failed":0}}
2026-09-21 08:21:51 [INFO] Requesting: https://bordomavi-ai.vercel.app/api/cron/sync-news?secret=test_secret
2026-09-21 08:22:50 [SUCCESS] {"success":true,"collection":{"success":true,"sourcesProcessed":21,"itemsFetched":2323,"newItems":3,"duplicates":158,"staleSkipped":1999,"errors":10},"analysis":{"requested":15,"processed":3,"failed":0},"generation":{"requested":3,"processed":1,"failed":0},"qualityCheck":{"success":true,"requested":3,"processed":0,"approved":0,"rejected":0,"failed":0,"results":[]},"publish":{"success":true,"requested":1,"processed":1,"failed":0,"results":[{"contentId":"cmuastq3y000613jrpmyetyvb","status":"PUBLISHED","facebookPostId":"1415192102080896_1791275105739176","mockMode":false}]},"statsSync":{"success":true,"processed":5,"failed":0}}
2026-09-21 08:31:51 [INFO] Requesting: https://bordomavi-ai.vercel.app/api/cron/sync-news?secret=test_secret
2026-09-21 08:32:10 [SUCCESS] {"success":true,"collection":{"success":true,"sourcesProcessed":21,"itemsFetched":2323,"newItems":2,"duplicates":161,"staleSkipped":1997,"errors":10},"analysis":{"requested":15,"processed":2,"failed":0},"generation":{"requested":3,"processed":0,"failed":0},"qualityCheck":{"success":true,"requested":3,"processed":0,"approved":0,"rejected":0,"failed":0,"results":[]},"publish":{"success":true,"requested":2,"processed":0,"failed":0,"results":[]},"statsSync":{"success":true,"processed":5,"failed":0}}
2026-09-21 08:41:51 [INFO] Requesting: https://bordomavi-ai.vercel.app/api/cron/sync-news?secret=test_secret
2026-09-21 08:42:02 [SUCCESS] {"success":true,"collection":{"success":true,"sourcesProcessed":21,"itemsFetched":2323,"newItems":0,"duplicates":157,"staleSkipped":1993,"errors":10},"analysis":{"requested":15,"processed":0,"failed":0},"generation":{"requested":3,"processed":0,"failed":0},"qualityCheck":{"success":true,"requested":3,"processed":0,"approved":0,"rejected":0,"failed":0,"results":[]},"publish":{"success":true,"requested":2,"processed":0,"failed":0,"results":[]},"statsSync":{"success":true,"processed":5,"failed":0}}
2026-09-21 08:51:52 [INFO] Requesting: https://bordomavi-ai.vercel.app/api/cron/sync-news?secret=test_secret
2026-09-21 08:52:03 [SUCCESS] {"success":true,"collection":{"success":true,"sourcesProcessed":21,"itemsFetched":2323,"newItems":0,"duplicates":157,"staleSkipped":1991,"errors":10},"analysis":{"requested":15,"processed":0,"failed":0},"generation":{"requested":3,"processed":0,"failed":0},"qualityCheck":{"success":true,"requested":3,"processed":0,"approved":0,"rejected":0,"failed":0,"results":[]},"publish":{"success":true,"requested":2,"processed":0,"failed":0,"results":[]},"statsSync":{"success":true,"processed":5,"failed":0}}
2026-09-21 09:01:51 [INFO] Requesting: https://bordomavi-ai.vercel.app/api/cron/sync-news?secret=test_secret
2026-09-21 09:02:07 [SUCCESS] {"success":true,"collection":{"success":true,"sourcesProcessed":21,"itemsFetched":2323,"newItems":1,"duplicates":151,"staleSkipped":1991,"errors":10},"analysis":{"requested":15,"processed":1,"failed":0},"generation":{"requested":3,"processed":0,"failed":0},"qualityCheck":{"success":true,"requested":3,"processed":0,"approved":0,"rejected":0,"failed":0,"results":[]},"publish":{"success":true,"requested":2,"processed":0,"failed":0,"results":[]},"statsSync":{"success":true,"processed":5,"failed":0}}
2026-09-21 09:11:51 [INFO] Requesting: https://bordomavi-ai.vercel.app/api/cron/sync-news?secret=test_secret
2026-09-21 09:12:21 [SUCCESS] {"success":true,"collection":{"success":true,"sourcesProcessed":21,"itemsFetched":323,"newItems":3,"duplicates":79,"staleSkipped":147,"errors":12},"analysis":{"requested":15,"processed":3,"failed":0},"generation":{"requested":3,"processed":1,"failed":0},"qualityCheck":{"success":true,"requested":3,"processed":0,"approved":0,"rejected":0,"failed":0,"results":[]},"publish":{"success":true,"requested":2,"processed":0,"failed":0,"results":[]},"statsSync":{"success":true,"processed":5,"failed":0}}
2026-09-21 09:21:51 [INFO] Requesting: https://bordomavi-ai.vercel.app/api/cron/sync-news?secret=test_secret
2026-09-21 09:22:13 [SUCCESS] {"success":true,"collection":{"success":true,"sourcesProcessed":21,"itemsFetched":2323,"newItems":1,"duplicates":146,"staleSkipped":1985,"errors":10},"analysis":{"requested":15,"processed":1,"failed":0},"generation":{"requested":3,"processed":0,"failed":0},"qualityCheck":{"success":true,"requested":3,"processed":0,"approved":0,"rejected":0,"failed":0,"results":[]},"publish":{"success":true,"requested":2,"processed":0,"failed":0,"results":[]},"statsSync":{"success":true,"processed":5,"failed":0}}
2026-09-21 09:31:51 [INFO] Requesting: https://bordomavi-ai.vercel.app/api/cron/sync-news?secret=test_secret
2026-09-21 09:32:01 [SUCCESS] {"success":true,"collection":{"success":true,"sourcesProcessed":21,"itemsFetched":2323,"newItems":0,"duplicates":146,"staleSkipped":1983,"errors":10},"analysis":{"requested":15,"processed":0,"failed":0},"generation":{"requested":3,"processed":0,"failed":0},"qualityCheck":{"success":true,"requested":3,"processed":0,"approved":0,"rejected":0,"failed":0,"results":[]},"publish":{"success":true,"requested":2,"processed":0,"failed":0,"results":[]},"statsSync":{"success":true,"processed":5,"failed":0}}
2026-09-21 09:41:51 [INFO] Requesting: https://bordomavi-ai.vercel.app/api/cron/sync-news?secret=test_secret
2026-09-21 09:42:02 [SUCCESS] {"success":true,"collection":{"success":true,"sourcesProcessed":21,"itemsFetched":2321,"newItems":0,"duplicates":142,"staleSkipped":1983,"errors":10},"analysis":{"requested":15,"processed":0,"failed":0},"generation":{"requested":3,"processed":0,"failed":0},"qualityCheck":{"success":true,"requested":3,"processed":0,"approved":0,"rejected":0,"failed":0,"results":[]},"publish":{"success":true,"requested":2,"processed":0,"failed":0,"results":[]},"statsSync":{"success":true,"processed":5,"failed":0}}
2026-09-21 09:51:51 [INFO] Requesting: https://bordomavi-ai.vercel.app/api/cron/sync-news?secret=test_secret
2026-09-21 09:52:09 [SUCCESS] {"success":true,"collection":{"success":true,"sourcesProcessed":21,"itemsFetched":2322,"newItems":1,"duplicates":138,"staleSkipped":1984,"errors":10},"analysis":{"requested":15,"processed":1,"failed":0},"generation":{"requested":3,"processed":0,"failed":0},"qualityCheck":{"success":true,"requested":3,"processed":0,"approved":0,"rejected":0,"failed":0,"results":[]},"publish":{"success":true,"requested":2,"processed":0,"failed":0,"results":[]},"statsSync":{"success":true,"processed":5,"failed":0}}
2026-09-21 10:01:51 [INFO] Requesting: https://bordomavi-ai.vercel.app/api/cron/sync-news?secret=test_secret
2026-09-21 10:02:22 [SUCCESS] {"success":true,"collection":{"success":true,"sourcesProcessed":21,"itemsFetched":2322,"newItems":0,"duplicates":138,"staleSkipped":1982,"errors":10},"analysis":{"requested":15,"processed":0,"failed":0},"generation":{"requested":3,"processed":0,"failed":1},"qualityCheck":{"success":true,"requested":3,"processed":0,"approved":0,"rejected":0,"failed":0,"results":[]},"publish":{"success":true,"requested":2,"processed":1,"failed":0,"results":[{"contentId":"cmuawdlp20003noo7l3k0xa7m","status":"PUBLISHED","facebookPostId":"1415192102080896_1791331709066849","mockMode":false}]},"statsSync":{"success":true,"processed":5,"failed":0}}
2026-09-21 10:11:51 [INFO] Requesting: https://bordomavi-ai.vercel.app/api/cron/sync-news?secret=test_secret
2026-09-21 10:12:53 [ERROR] Uzak sunucu hata döndürdü: (504) Að Geçidi Zaman Aþýmý.
2026-09-21 10:21:51 [INFO] Requesting: https://bordomavi-ai.vercel.app/api/cron/sync-news?secret=test_secret
2026-09-21 10:22:52 [ERROR] Uzak sunucu hata döndürdü: (504) Að Geçidi Zaman Aþýmý.
2026-09-21 10:31:51 [INFO] Requesting: https://bordomavi-ai.vercel.app/api/cron/sync-news?secret=test_secret
2026-09-21 10:32:52 [ERROR] Uzak sunucu hata döndürdü: (504) Að Geçidi Zaman Aþýmý.
2026-09-21 10:41:51 [INFO] Requesting: https://bordomavi-ai.vercel.app/api/cron/sync-news?secret=test_secret
2026-09-21 10:42:53 [ERROR] Uzak sunucu hata döndürdü: (504) Að Geçidi Zaman Aþýmý.
2026-09-21 10:51:51 [INFO] Requesting: https://bordomavi-ai.vercel.app/api/cron/sync-news?secret=test_secret
2026-09-21 10:52:35 [SUCCESS] {"success":true,"collection":{"success":true,"sourcesProcessed":21,"itemsFetched":2322,"newItems":0,"duplicates":145,"staleSkipped":1969,"errors":10},"analysis":{"requested":15,"processed":0,"failed":0},"generation":{"requested":3,"processed":2,"failed":0},"qualityCheck":{"success":true,"requested":3,"processed":0,"approved":0,"rejected":0,"failed":0,"results":[]},"publish":{"success":true,"requested":2,"processed":2,"failed":0,"results":[{"contentId":"cmuay63sh0003fe84lqaq3c8i","status":"PUBLISHED","facebookPostId":"1415192102080896_1791362409063779","mockMode":false},{"contentId":"cmuay61j90001fe84fkg70mx2","status":"PUBLISHED","facebookPostId":"1415192102080896_1791362542397099","mockMode":false}]},"statsSync":{"success":true,"processed":5,"failed":0}}
2026-09-21 11:01:51 [INFO] Requesting: https://bordomavi-ai.vercel.app/api/cron/sync-news?secret=test_secret
2026-09-21 11:02:07 [SUCCESS] {"success":true,"collection":{"success":true,"sourcesProcessed":21,"itemsFetched":2322,"newItems":0,"duplicates":144,"staleSkipped":1968,"errors":10},"analysis":{"requested":15,"processed":0,"failed":0},"generation":{"requested":3,"processed":0,"failed":0},"qualityCheck":{"success":true,"requested":3,"processed":0,"approved":0,"rejected":0,"failed":0,"results":[]},"publish":{"success":true,"requested":1,"processed":1,"failed":0,"results":[{"contentId":"cmuaxgr1u00052wf37ebkxay0","status":"PUBLISHED","facebookPostId":"1415192102080896_1791368445729842","mockMode":false}]},"statsSync":{"success":true,"processed":5,"failed":0}}
2026-09-21 11:11:51 [INFO] Requesting: https://bordomavi-ai.vercel.app/api/cron/sync-news?secret=test_secret
2026-09-21 11:12:18 [SUCCESS] {"success":true,"collection":{"success":true,"sourcesProcessed":21,"itemsFetched":2322,"newItems":1,"duplicates":144,"staleSkipped":1965,"errors":10},"analysis":{"requested":15,"processed":1,"failed":0},"generation":{"requested":3,"processed":0,"failed":0},"qualityCheck":{"success":true,"requested":3,"processed":0,"approved":0,"rejected":0,"failed":0,"results":[]},"publish":{"success":true,"requested":1,"processed":1,"failed":0,"results":[{"contentId":"cmuaxghzn00032wf3pla23uvo","status":"PUBLISHED","facebookPostId":"1415192102080896_1791374022395951","mockMode":false}]},"statsSync":{"success":true,"processed":5,"failed":0}}
2026-09-21 11:21:51 [INFO] Requesting: https://bordomavi-ai.vercel.app/api/cron/sync-news?secret=test_secret
2026-09-21 11:22:24 [SUCCESS] {"success":true,"collection":{"success":true,"sourcesProcessed":21,"itemsFetched":2322,"newItems":3,"duplicates":144,"staleSkipped":1965,"errors":10},"analysis":{"requested":15,"processed":3,"failed":0},"generation":{"requested":3,"processed":0,"failed":0},"qualityCheck":{"success":true,"requested":3,"processed":0,"approved":0,"rejected":0,"failed":0,"results":[]},"publish":{"success":true,"requested":1,"processed":1,"failed":0,"results":[{"contentId":"cmuax4c570004vsd5wanfo8op","status":"PUBLISHED","facebookPostId":"1415192102080896_1791379899062030","mockMode":false}]},"statsSync":{"success":true,"processed":5,"failed":0}}
2026-09-21 11:31:51 [INFO] Requesting: https://bordomavi-ai.vercel.app/api/cron/sync-news?secret=test_secret
2026-09-21 11:32:24 [SUCCESS] {"success":true,"collection":{"success":true,"sourcesProcessed":21,"itemsFetched":2322,"newItems":1,"duplicates":146,"staleSkipped":1956,"errors":10},"analysis":{"requested":15,"processed":1,"failed":0},"generation":{"requested":3,"processed":2,"failed":0},"qualityCheck":{"success":true,"requested":3,"processed":0,"approved":0,"rejected":0,"failed":0,"results":[]},"publish":{"success":true,"requested":1,"processed":1,"failed":0,"results":[{"contentId":"cmuazliuq0004zwbuc0w6dsbt","status":"PUBLISHED","facebookPostId":"1415192102080896_1791385669061453","mockMode":false}]},"statsSync":{"success":true,"processed":5,"failed":0}}
2026-09-21 11:41:51 [INFO] Requesting: https://bordomavi-ai.vercel.app/api/cron/sync-news?secret=test_secret
2026-09-21 11:42:21 [SUCCESS] {"success":true,"collection":{"success":true,"sourcesProcessed":21,"itemsFetched":2322,"newItems":2,"duplicates":147,"staleSkipped":1955,"errors":10},"analysis":{"requested":15,"processed":2,"failed":0},"generation":{"requested":3,"processed":1,"failed":0},"qualityCheck":{"success":true,"requested":3,"processed":0,"approved":0,"rejected":0,"failed":0,"results":[]},"publish":{"success":true,"requested":1,"processed":1,"failed":0,"results":[{"contentId":"cmuazybav000364rl69i2bzdf","status":"PUBLISHED","facebookPostId":"1415192102080896_1791392752394078","mockMode":false}]},"statsSync":{"success":true,"processed":5,"failed":0}}
2026-09-21 11:51:51 [INFO] Requesting: https://bordomavi-ai.vercel.app/api/cron/sync-news?secret=test_secret
2026-09-21 11:52:26 [SUCCESS] {"success":true,"collection":{"success":true,"sourcesProcessed":21,"itemsFetched":2322,"newItems":1,"duplicates":148,"staleSkipped":1954,"errors":10},"analysis":{"requested":15,"processed":1,"failed":0},"generation":{"requested":3,"processed":1,"failed":0},"qualityCheck":{"success":true,"requested":3,"processed":0,"approved":0,"rejected":0,"failed":0,"results":[]},"publish":{"success":true,"requested":1,"processed":1,"failed":0,"results":[{"contentId":"cmub0baaa0002hs0ht4iw3uqe","status":"PUBLISHED","facebookPostId":"1415192102080896_1791399449060075","mockMode":false}]},"statsSync":{"success":true,"processed":5,"failed":0}}
2026-09-21 12:01:51 [INFO] Requesting: https://bordomavi-ai.vercel.app/api/cron/sync-news?secret=test_secret
2026-09-21 12:02:24 [SUCCESS] {"success":true,"collection":{"success":true,"sourcesProcessed":21,"itemsFetched":2322,"newItems":0,"duplicates":149,"staleSkipped":1952,"errors":10},"analysis":{"requested":15,"processed":0,"failed":0},"generation":{"requested":3,"processed":1,"failed":0},"qualityCheck":{"success":true,"requested":3,"processed":0,"approved":0,"rejected":0,"failed":0,"results":[]},"publish":{"success":true,"requested":2,"processed":2,"failed":0,"results":[{"contentId":"cmub0nvld0002n8hq6ooylwl2","status":"PUBLISHED","facebookPostId":"1415192102080896_1791405752392778","mockMode":false},{"contentId":"cmuazlg0j0002zwbudvt66z3p","status":"PUBLISHED","facebookPostId":"1415192102080896_1791405919059428","mockMode":false}]},"statsSync":{"success":true,"processed":5,"failed":0}}
2026-09-21 12:11:51 [INFO] Requesting: https://bordomavi-ai.vercel.app/api/cron/sync-news?secret=test_secret
2026-09-21 12:12:28 [SUCCESS] {"success":true,"collection":{"success":true,"sourcesProcessed":21,"itemsFetched":1322,"newItems":4,"duplicates":111,"staleSkipped":1048,"errors":11},"analysis":{"requested":15,"processed":4,"failed":0},"generation":{"requested":3,"processed":0,"failed":0},"qualityCheck":{"success":true,"requested":3,"processed":0,"approved":0,"rejected":0,"failed":0,"results":[]},"publish":{"success":true,"requested":2,"processed":0,"failed":0,"results":[]},"statsSync":{"success":true,"processed":5,"failed":0}}
2026-09-21 12:21:51 [INFO] Requesting: https://bordomavi-ai.vercel.app/api/cron/sync-news?secret=test_secret
2026-09-21 12:22:16 [SUCCESS] {"success":true,"collection":{"success":true,"sourcesProcessed":21,"itemsFetched":2322,"newItems":3,"duplicates":153,"staleSkipped":1949,"errors":10},"analysis":{"requested":15,"processed":3,"failed":0},"generation":{"requested":3,"processed":0,"failed":0},"qualityCheck":{"success":true,"requested":3,"processed":0,"approved":0,"rejected":0,"failed":0,"results":[]},"publish":{"success":true,"requested":2,"processed":0,"failed":0,"results":[]},"statsSync":{"success":true,"processed":5,"failed":0}}
2026-09-21 12:31:51 [INFO] Requesting: https://bordomavi-ai.vercel.app/api/cron/sync-news?secret=test_secret
2026-09-21 12:32:29 [SUCCESS] {"success":true,"collection":{"success":true,"sourcesProcessed":21,"itemsFetched":2322,"newItems":0,"duplicates":157,"staleSkipped":1948,"errors":10},"analysis":{"requested":15,"processed":0,"failed":0},"generation":{"requested":3,"processed":2,"failed":0},"qualityCheck":{"success":true,"requested":3,"processed":0,"approved":0,"rejected":0,"failed":0,"results":[]},"publish":{"success":true,"requested":2,"processed":2,"failed":0,"results":[{"contentId":"cmub1qjb80004dv7t0mbfs4yx","status":"PUBLISHED","facebookPostId":"1415192102080896_1791425932390760","mockMode":false},{"contentId":"cmub1qgpn0002dv7tgkopqmt3","status":"PUBLISHED","facebookPostId":"1415192102080896_1791426102390743","mockMode":false}]},"statsSync":{"success":true,"processed":5,"failed":0}}
2026-09-21 12:41:51 [INFO] Requesting: https://bordomavi-ai.vercel.app/api/cron/sync-news?secret=test_secret
2026-09-21 12:42:13 [SUCCESS] {"success":true,"collection":{"success":true,"sourcesProcessed":21,"itemsFetched":2322,"newItems":2,"duplicates":156,"staleSkipped":1947,"errors":10},"analysis":{"requested":15,"processed":2,"failed":0},"generation":{"requested":3,"processed":0,"failed":0},"qualityCheck":{"success":true,"requested":3,"processed":0,"approved":0,"rejected":0,"failed":0,"results":[]},"publish":{"success":true,"requested":2,"processed":0,"failed":0,"results":[]},"statsSync":{"success":true,"processed":5,"failed":0}}
2026-09-21 12:51:51 [INFO] Requesting: https://bordomavi-ai.vercel.app/api/cron/sync-news?secret=test_secret
2026-09-21 12:52:35 [SUCCESS] {"success":true,"collection":{"success":true,"sourcesProcessed":21,"itemsFetched":2322,"newItems":3,"duplicates":158,"staleSkipped":1945,"errors":10},"analysis":{"requested":15,"processed":3,"failed":0},"generation":{"requested":3,"processed":2,"failed":0},"qualityCheck":{"success":true,"requested":3,"processed":0,"approved":0,"rejected":0,"failed":0,"results":[]},"publish":{"success":true,"requested":2,"processed":2,"failed":0,"results":[{"contentId":"cmub2gfn80008ww535lr54wkq","status":"PUBLISHED","facebookPostId":"1415192102080896_1791440165722670","mockMode":false},{"contentId":"cmub2gczc0006ww53u835xky5","status":"PUBLISHED","facebookPostId":"1415192102080896_1791440399055980","mockMode":false}]},"statsSync":{"success":true,"processed":5,"failed":0}}
2026-09-21 13:01:51 [INFO] Requesting: https://bordomavi-ai.vercel.app/api/cron/sync-news?secret=test_secret
2026-09-21 13:02:02 [SUCCESS] {"success":true,"collection":{"success":true,"sourcesProcessed":21,"itemsFetched":2322,"newItems":0,"duplicates":161,"staleSkipped":1946,"errors":10},"analysis":{"requested":15,"processed":0,"failed":0},"generation":{"requested":3,"processed":0,"failed":0},"qualityCheck":{"success":true,"requested":3,"processed":0,"approved":0,"rejected":0,"failed":0,"results":[]},"publish":{"success":true,"requested":2,"processed":0,"failed":0,"results":[]},"statsSync":{"success":true,"processed":5,"failed":0}}
2026-09-21 13:11:51 [INFO] Requesting: https://bordomavi-ai.vercel.app/api/cron/sync-news?secret=test_secret
2026-09-21 13:12:20 [SUCCESS] {"success":true,"collection":{"success":true,"sourcesProcessed":21,"itemsFetched":2322,"newItems":4,"duplicates":157,"staleSkipped":1945,"errors":10},"analysis":{"requested":15,"processed":4,"failed":0},"generation":{"requested":3,"processed":0,"failed":0},"qualityCheck":{"success":true,"requested":3,"processed":0,"approved":0,"rejected":0,"failed":0,"results":[]},"publish":{"success":true,"requested":2,"processed":0,"failed":0,"results":[]},"statsSync":{"success":true,"processed":5,"failed":0}}
2026-09-21 13:21:51 [INFO] Requesting: https://bordomavi-ai.vercel.app/api/cron/sync-news?secret=test_secret
2026-09-21 13:22:24 [SUCCESS] {"success":true,"collection":{"success":true,"sourcesProcessed":21,"itemsFetched":2323,"newItems":1,"duplicates":162,"staleSkipped":1938,"errors":10},"analysis":{"requested":15,"processed":1,"failed":0},"generation":{"requested":3,"processed":1,"failed":0},"qualityCheck":{"success":true,"requested":3,"processed":0,"approved":0,"rejected":0,"failed":0,"results":[]},"publish":{"success":true,"requested":2,"processed":1,"failed":0,"results":[{"contentId":"cmub3iwwq0003tevkdohmnzvd","status":"PUBLISHED","facebookPostId":"1415192102080896_1791460355720651","mockMode":false}]},"statsSync":{"success":true,"processed":5,"failed":0}}
2026-09-21 13:31:51 [INFO] Requesting: https://bordomavi-ai.vercel.app/api/cron/sync-news?secret=test_secret
2026-09-21 13:32:19 [SUCCESS] {"success":true,"collection":{"success":true,"sourcesProcessed":21,"itemsFetched":2323,"newItems":0,"duplicates":164,"staleSkipped":1935,"errors":10},"analysis":{"requested":15,"processed":0,"failed":0},"generation":{"requested":3,"processed":0,"failed":1},"qualityCheck":{"success":true,"requested":3,"processed":0,"approved":0,"rejected":0,"failed":0,"results":[]},"publish":{"success":true,"requested":2,"processed":1,"failed":0,"results":[{"contentId":"cmub3vm1t0005xr5bwxnf7ifn","status":"PUBLISHED","facebookPostId":"1415192102080896_1791466815720005","mockMode":false}]},"statsSync":{"success":true,"processed":5,"failed":0}}
2026-09-21 13:41:51 [INFO] Requesting: https://bordomavi-ai.vercel.app/api/cron/sync-news?secret=test_secret
2026-09-21 13:42:11 [SUCCESS] {"success":true,"collection":{"success":true,"sourcesProcessed":21,"itemsFetched":2323,"newItems":1,"duplicates":163,"staleSkipped":1935,"errors":10},"analysis":{"requested":15,"processed":1,"failed":0},"generation":{"requested":3,"processed":0,"failed":0},"qualityCheck":{"success":true,"requested":3,"processed":0,"approved":0,"rejected":0,"failed":0,"results":[]},"publish":{"success":true,"requested":2,"processed":0,"failed":0,"results":[]},"statsSync":{"success":true,"processed":5,"failed":0}}
2026-09-21 13:51:51 [INFO] Requesting: https://bordomavi-ai.vercel.app/api/cron/sync-news?secret=test_secret
2026-09-21 13:52:06 [SUCCESS] {"success":true,"collection":{"success":true,"sourcesProcessed":21,"itemsFetched":2323,"newItems":1,"duplicates":165,"staleSkipped":1930,"errors":10},"analysis":{"requested":15,"processed":1,"failed":0},"generation":{"requested":3,"processed":0,"failed":0},"qualityCheck":{"success":true,"requested":3,"processed":0,"approved":0,"rejected":0,"failed":0,"results":[]},"publish":{"success":true,"requested":2,"processed":0,"failed":0,"results":[]},"statsSync":{"success":true,"processed":5,"failed":0}}
2026-09-21 14:01:51 [INFO] Requesting: https://bordomavi-ai.vercel.app/api/cron/sync-news?secret=test_secret
2026-09-21 14:02:24 [SUCCESS] {"success":true,"collection":{"success":true,"sourcesProcessed":21,"itemsFetched":2283,"newItems":0,"duplicates":162,"staleSkipped":1914,"errors":11},"analysis":{"requested":15,"processed":2,"failed":0},"generation":{"requested":3,"processed":0,"failed":0},"qualityCheck":{"success":true,"requested":3,"processed":0,"approved":0,"rejected":0,"failed":0,"results":[]},"publish":{"success":true,"requested":1,"processed":1,"failed":0,"results":[{"contentId":"cmub4ycmi00074j8o2nkk84ey","status":"PUBLISHED","facebookPostId":"1415192102080896_1791487329051287","mockMode":false}]},"statsSync":{"success":true,"processed":5,"failed":0}}
2026-09-21 14:11:51 [INFO] Requesting: https://bordomavi-ai.vercel.app/api/cron/sync-news?secret=test_secret
2026-09-21 14:12:16 [SUCCESS] {"success":true,"collection":{"success":true,"sourcesProcessed":21,"itemsFetched":2323,"newItems":1,"duplicates":167,"staleSkipped":1922,"errors":10},"analysis":{"requested":15,"processed":1,"failed":0},"generation":{"requested":3,"processed":0,"failed":0},"qualityCheck":{"success":true,"requested":3,"processed":0,"approved":0,"rejected":0,"failed":0,"results":[]},"publish":{"success":true,"requested":1,"processed":1,"failed":0,"results":[{"contentId":"cmub4yb2e00054j8ongldatqx","status":"PUBLISHED","facebookPostId":"1415192102080896_1791494309050589","mockMode":false}]},"statsSync":{"success":true,"processed":5,"failed":0}}
2026-09-21 14:21:51 [INFO] Requesting: https://bordomavi-ai.vercel.app/api/cron/sync-news?secret=test_secret
2026-09-21 14:22:08 [SUCCESS] {"success":true,"collection":{"success":true,"sourcesProcessed":21,"itemsFetched":2283,"newItems":0,"duplicates":160,"staleSkipped":1896,"errors":11},"analysis":{"requested":15,"processed":0,"failed":0},"generation":{"requested":3,"processed":0,"failed":0},"qualityCheck":{"success":true,"requested":3,"processed":0,"approved":0,"rejected":0,"failed":0,"results":[]},"publish":{"success":true,"requested":1,"processed":0,"failed":0,"results":[]},"statsSync":{"success":true,"processed":5,"failed":0}}
2026-09-21 14:31:51 [INFO] Requesting: https://bordomavi-ai.vercel.app/api/cron/sync-news?secret=test_secret
2026-09-21 14:32:31 [SUCCESS] {"success":true,"collection":{"success":true,"sourcesProcessed":21,"itemsFetched":2323,"newItems":0,"duplicates":171,"staleSkipped":1912,"errors":10},"analysis":{"requested":15,"processed":0,"failed":0},"generation":{"requested":3,"processed":2,"failed":0},"qualityCheck":{"success":true,"requested":3,"processed":0,"approved":0,"rejected":0,"failed":0,"results":[]},"publish":{"success":true,"requested":1,"processed":1,"failed":0,"results":[{"contentId":"cmub6164q0004f4mldmuephhh","status":"PUBLISHED","facebookPostId":"1415192102080896_1791508769049143","mockMode":false}]},"statsSync":{"success":true,"processed":5,"failed":0}}
2026-09-21 14:41:50 [INFO] Requesting: https://bordomavi-ai.vercel.app/api/cron/sync-news?secret=test_secret
2026-09-21 14:42:05 [SUCCESS] {"success":true,"collection":{"success":true,"sourcesProcessed":21,"itemsFetched":2303,"newItems":0,"duplicates":159,"staleSkipped":1911,"errors":11},"analysis":{"requested":15,"processed":0,"failed":0},"generation":{"requested":3,"processed":0,"failed":0},"qualityCheck":{"success":true,"requested":3,"processed":0,"approved":0,"rejected":0,"failed":0,"results":[]},"publish":{"success":true,"requested":1,"processed":1,"failed":0,"results":[{"contentId":"cmub6064e0005v1nnr92xnxes","status":"PUBLISHED","facebookPostId":"1415192102080896_1791515592381794","mockMode":false}]},"statsSync":{"success":true,"processed":5,"failed":0}}
2026-09-21 14:51:50 [INFO] Requesting: https://bordomavi-ai.vercel.app/api/cron/sync-news?secret=test_secret
2026-09-21 14:52:16 [SUCCESS] {"success":true,"collection":{"success":true,"sourcesProcessed":21,"itemsFetched":2323,"newItems":2,"duplicates":167,"staleSkipped":1911,"errors":10},"analysis":{"requested":15,"processed":2,"failed":0},"generation":{"requested":3,"processed":0,"failed":0},"qualityCheck":{"success":true,"requested":3,"processed":0,"approved":0,"rejected":0,"failed":0,"results":[]},"publish":{"success":true,"requested":1,"processed":0,"failed":0,"results":[]},"statsSync":{"success":true,"processed":5,"failed":0}}
2026-09-21 15:01:50 [INFO] Requesting: https://bordomavi-ai.vercel.app/api/cron/sync-news?secret=test_secret
2026-09-21 15:02:12 [SUCCESS] {"success":true,"collection":{"success":true,"sourcesProcessed":21,"itemsFetched":2323,"newItems":0,"duplicates":170,"staleSkipped":1908,"errors":10},"analysis":{"requested":15,"processed":0,"failed":0},"generation":{"requested":3,"processed":0,"failed":1},"qualityCheck":{"success":true,"requested":3,"processed":0,"approved":0,"rejected":0,"failed":0,"results":[]},"publish":{"success":true,"requested":1,"processed":1,"failed":0,"results":[{"contentId":"cmub739do0002panypg7aclxd","status":"PUBLISHED","facebookPostId":"1415192102080896_1791530955713591","mockMode":false}]},"statsSync":{"success":true,"processed":5,"failed":0}}
2026-09-21 15:11:50 [INFO] Requesting: https://bordomavi-ai.vercel.app/api/cron/sync-news?secret=test_secret
2026-09-21 15:12:13 [SUCCESS] {"success":true,"collection":{"success":true,"sourcesProcessed":21,"itemsFetched":2323,"newItems":2,"duplicates":169,"staleSkipped":1908,"errors":10},"analysis":{"requested":15,"processed":2,"failed":0},"generation":{"requested":3,"processed":0,"failed":0},"qualityCheck":{"success":true,"requested":3,"processed":0,"approved":0,"rejected":0,"failed":0,"results":[]},"publish":{"success":true,"requested":1,"processed":0,"failed":0,"results":[]},"statsSync":{"success":true,"processed":5,"failed":0}}
2026-09-21 15:21:50 [INFO] Requesting: https://bordomavi-ai.vercel.app/api/cron/sync-news?secret=test_secret
2026-09-21 15:22:02 [SUCCESS] {"success":true,"collection":{"success":true,"sourcesProcessed":21,"itemsFetched":2323,"newItems":0,"duplicates":169,"staleSkipped":1908,"errors":10},"analysis":{"requested":15,"processed":0,"failed":0},"generation":{"requested":3,"processed":0,"failed":0},"qualityCheck":{"success":true,"requested":3,"processed":0,"approved":0,"rejected":0,"failed":0,"results":[]},"publish":{"success":true,"requested":1,"processed":0,"failed":0,"results":[]},"statsSync":{"success":true,"processed":5,"failed":0}}
2026-09-21 15:31:50 [INFO] Requesting: https://bordomavi-ai.vercel.app/api/cron/sync-news?secret=test_secret
2026-09-21 15:32:01 [SUCCESS] {"success":true,"collection":{"success":true,"sourcesProcessed":21,"itemsFetched":2323,"newItems":0,"duplicates":167,"staleSkipped":1908,"errors":10},"analysis":{"requested":15,"processed":0,"failed":0},"generation":{"requested":3,"processed":0,"failed":0},"qualityCheck":{"success":true,"requested":3,"processed":0,"approved":0,"rejected":0,"failed":0,"results":[]},"publish":{"success":true,"requested":1,"processed":0,"failed":0,"results":[]},"statsSync":{"success":true,"processed":5,"failed":0}}
2026-09-21 15:41:50 [INFO] Requesting: https://bordomavi-ai.vercel.app/api/cron/sync-news?secret=test_secret
2026-09-21 15:42:33 [SUCCESS] {"success":true,"collection":{"success":true,"sourcesProcessed":21,"itemsFetched":2323,"newItems":3,"duplicates":165,"staleSkipped":1908,"errors":10},"analysis":{"requested":15,"processed":3,"failed":0},"generation":{"requested":3,"processed":1,"failed":0},"qualityCheck":{"success":true,"requested":3,"processed":0,"approved":0,"rejected":0,"failed":0,"results":[]},"publish":{"success":true,"requested":1,"processed":1,"failed":0,"results":[{"contentId":"cmub8j5s40005zpk3tcrxzwzv","status":"PUBLISHED","facebookPostId":"1415192102080896_1791564179043602","mockMode":false}]},"statsSync":{"success":true,"processed":5,"failed":0}}
2026-09-21 15:51:51 [INFO] Requesting: https://bordomavi-ai.vercel.app/api/cron/sync-news?secret=test_secret
2026-09-21 15:52:16 [SUCCESS] {"success":true,"collection":{"success":true,"sourcesProcessed":21,"itemsFetched":2323,"newItems":3,"duplicates":164,"staleSkipped":1905,"errors":10},"analysis":{"requested":15,"processed":3,"failed":0},"generation":{"requested":3,"processed":0,"failed":0},"qualityCheck":{"success":true,"requested":3,"processed":0,"approved":0,"rejected":0,"failed":0,"results":[]},"publish":{"success":true,"requested":1,"processed":0,"failed":0,"results":[]},"statsSync":{"success":true,"processed":5,"failed":0}}
2026-09-21 16:01:50 [INFO] Requesting: https://bordomavi-ai.vercel.app/api/cron/sync-news?secret=test_secret
2026-09-21 16:02:01 [SUCCESS] {"success":true,"collection":{"success":true,"sourcesProcessed":21,"itemsFetched":2323,"newItems":0,"duplicates":167,"staleSkipped":1903,"errors":10},"analysis":{"requested":15,"processed":0,"failed":0},"generation":{"requested":3,"processed":0,"failed":0},"qualityCheck":{"success":true,"requested":3,"processed":0,"approved":0,"rejected":0,"failed":0,"results":[]},"publish":{"success":true,"requested":1,"processed":0,"failed":0,"results":[]},"statsSync":{"success":true,"processed":5,"failed":0}}
2026-09-21 16:11:51 [INFO] Requesting: https://bordomavi-ai.vercel.app/api/cron/sync-news?secret=test_secret
2026-09-21 16:12:21 [SUCCESS] {"success":true,"collection":{"success":true,"sourcesProcessed":21,"itemsFetched":2323,"newItems":1,"duplicates":166,"staleSkipped":1898,"errors":10},"analysis":{"requested":15,"processed":1,"failed":0},"generation":{"requested":3,"processed":0,"failed":0},"qualityCheck":{"success":true,"requested":3,"processed":0,"approved":0,"rejected":0,"failed":0,"results":[]},"publish":{"success":true,"requested":1,"processed":0,"failed":0,"results":[]},"statsSync":{"success":true,"processed":5,"failed":0}}
2026-09-21 16:21:50 [INFO] Requesting: https://bordomavi-ai.vercel.app/api/cron/sync-news?secret=test_secret
2026-09-21 16:22:02 [SUCCESS] {"success":true,"collection":{"success":true,"sourcesProcessed":21,"itemsFetched":2323,"newItems":0,"duplicates":164,"staleSkipped":1894,"errors":10},"analysis":{"requested":15,"processed":0,"failed":0},"generation":{"requested":3,"processed":0,"failed":0},"qualityCheck":{"success":true,"requested":3,"processed":0,"approved":0,"rejected":0,"failed":0,"results":[]},"publish":{"success":true,"requested":1,"processed":0,"failed":0,"results":[]},"statsSync":{"success":true,"processed":5,"failed":0}}
2026-09-21 16:31:50 [INFO] Requesting: https://bordomavi-ai.vercel.app/api/cron/sync-news?secret=test_secret
2026-09-21 16:32:06 [SUCCESS] {"success":true,"collection":{"success":true,"sourcesProcessed":21,"itemsFetched":1323,"newItems":0,"duplicates":121,"staleSkipped":1020,"errors":11},"analysis":{"requested":15,"processed":0,"failed":0},"generation":{"requested":3,"processed":0,"failed":0},"qualityCheck":{"success":true,"requested":3,"processed":0,"approved":0,"rejected":0,"failed":0,"results":[]},"publish":{"success":true,"requested":1,"processed":0,"failed":0,"results":[]},"statsSync":{"success":true,"processed":5,"failed":0}}
2026-09-21 16:41:50 [INFO] Requesting: https://bordomavi-ai.vercel.app/api/cron/sync-news?secret=test_secret
2026-09-21 16:42:02 [SUCCESS] {"success":true,"collection":{"success":true,"sourcesProcessed":21,"itemsFetched":2323,"newItems":0,"duplicates":164,"staleSkipped":1888,"errors":10},"analysis":{"requested":15,"processed":0,"failed":0},"generation":{"requested":3,"processed":0,"failed":0},"qualityCheck":{"success":true,"requested":3,"processed":0,"approved":0,"rejected":0,"failed":0,"results":[]},"publish":{"success":true,"requested":1,"processed":0,"failed":0,"results":[]},"statsSync":{"success":true,"processed":5,"failed":0}}
2026-09-21 16:51:50 [INFO] Requesting: https://bordomavi-ai.vercel.app/api/cron/sync-news?secret=test_secret
2026-09-21 16:52:02 [SUCCESS] {"success":true,"collection":{"success":true,"sourcesProcessed":21,"itemsFetched":2323,"newItems":0,"duplicates":164,"staleSkipped":1886,"errors":10},"analysis":{"requested":15,"processed":0,"failed":0},"generation":{"requested":3,"processed":0,"failed":0},"qualityCheck":{"success":true,"requested":3,"processed":0,"approved":0,"rejected":0,"failed":0,"results":[]},"publish":{"success":true,"requested":1,"processed":0,"failed":0,"results":[]},"statsSync":{"success":true,"processed":5,"failed":0}}
2026-09-21 17:01:50 [INFO] Requesting: https://bordomavi-ai.vercel.app/api/cron/sync-news?secret=test_secret
2026-09-21 17:02:01 [SUCCESS] {"success":true,"collection":{"success":true,"sourcesProcessed":21,"itemsFetched":2323,"newItems":0,"duplicates":164,"staleSkipped":1885,"errors":10},"analysis":{"requested":15,"processed":0,"failed":0},"generation":{"requested":3,"processed":0,"failed":0},"qualityCheck":{"success":true,"requested":3,"processed":0,"approved":0,"rejected":0,"failed":0,"results":[]},"publish":{"success":true,"requested":1,"processed":0,"failed":0,"results":[]},"statsSync":{"success":true,"processed":5,"failed":0}}
2026-09-21 17:11:50 [INFO] Requesting: https://bordomavi-ai.vercel.app/api/cron/sync-news?secret=test_secret
2026-09-21 17:12:02 [SUCCESS] {"success":true,"collection":{"success":true,"sourcesProcessed":21,"itemsFetched":2323,"newItems":0,"duplicates":164,"staleSkipped":1885,"errors":10},"analysis":{"requested":15,"processed":0,"failed":0},"generation":{"requested":3,"processed":0,"failed":0},"qualityCheck":{"success":true,"requested":3,"processed":0,"approved":0,"rejected":0,"failed":0,"results":[]},"publish":{"success":true,"requested":1,"processed":0,"failed":0,"results":[]},"statsSync":{"success":true,"processed":5,"failed":0}}
2026-09-21 17:21:50 [INFO] Requesting: https://bordomavi-ai.vercel.app/api/cron/sync-news?secret=test_secret
2026-09-21 17:22:01 [SUCCESS] {"success":true,"collection":{"success":true,"sourcesProcessed":21,"itemsFetched":2323,"newItems":0,"duplicates":163,"staleSkipped":1883,"errors":10},"analysis":{"requested":15,"processed":0,"failed":0},"generation":{"requested":3,"processed":0,"failed":0},"qualityCheck":{"success":true,"requested":3,"processed":0,"approved":0,"rejected":0,"failed":0,"results":[]},"publish":{"success":true,"requested":1,"processed":0,"failed":0,"results":[]},"statsSync":{"success":true,"processed":5,"failed":0}}
2026-09-21 17:31:51 [INFO] Requesting: https://bordomavi-ai.vercel.app/api/cron/sync-news?secret=test_secret
2026-09-21 17:33:17 [SUCCESS] {"success":true,"collection":{"success":true,"sourcesProcessed":21,"itemsFetched":2323,"newItems":1,"duplicates":163,"staleSkipped":1881,"errors":10},"analysis":{"requested":15,"processed":1,"failed":0},"generation":{"requested":3,"processed":0,"failed":0},"qualityCheck":{"success":true,"requested":3,"processed":0,"approved":0,"rejected":0,"failed":0,"results":[]},"publish":{"success":true,"requested":1,"processed":0,"failed":0,"results":[]},"statsSync":{"success":true,"processed":5,"failed":0}}
2026-09-21 17:41:50 [INFO] Requesting: https://bordomavi-ai.vercel.app/api/cron/sync-news?secret=test_secret
2026-09-21 17:42:02 [SUCCESS] {"success":true,"collection":{"success":true,"sourcesProcessed":21,"itemsFetched":2323,"newItems":0,"duplicates":163,"staleSkipped":1883,"errors":10},"analysis":{"requested":15,"processed":0,"failed":0},"generation":{"requested":3,"processed":0,"failed":0},"qualityCheck":{"success":true,"requested":3,"processed":0,"approved":0,"rejected":0,"failed":0,"results":[]},"publish":{"success":true,"requested":1,"processed":0,"failed":0,"results":[]},"statsSync":{"success":true,"processed":5,"failed":0}}
2026-09-21 17:51:50 [INFO] Requesting: https://bordomavi-ai.vercel.app/api/cron/sync-news?secret=test_secret
2026-09-21 17:52:10 [SUCCESS] {"success":true,"collection":{"success":true,"sourcesProcessed":21,"itemsFetched":2323,"newItems":1,"duplicates":162,"staleSkipped":1883,"errors":10},"analysis":{"requested":15,"processed":1,"failed":0},"generation":{"requested":3,"processed":0,"failed":0},"qualityCheck":{"success":true,"requested":3,"processed":0,"approved":0,"rejected":0,"failed":0,"results":[]},"publish":{"success":true,"requested":1,"processed":0,"failed":0,"results":[]},"statsSync":{"success":true,"processed":5,"failed":0}}
2026-09-21 18:01:50 [INFO] Requesting: https://bordomavi-ai.vercel.app/api/cron/sync-news?secret=test_secret
2026-09-21 18:02:01 [SUCCESS] {"success":true,"collection":{"success":true,"sourcesProcessed":21,"itemsFetched":2323,"newItems":0,"duplicates":163,"staleSkipped":1883,"errors":10},"analysis":{"requested":15,"processed":0,"failed":0},"generation":{"requested":3,"processed":0,"failed":0},"qualityCheck":{"success":true,"requested":3,"processed":0,"approved":0,"rejected":0,"failed":0,"results":[]},"publish":{"success":true,"requested":1,"processed":0,"failed":0,"results":[]},"statsSync":{"success":true,"processed":5,"failed":0}}
2026-09-21 18:11:50 [INFO] Requesting: https://bordomavi-ai.vercel.app/api/cron/sync-news?secret=test_secret
2026-09-21 18:12:29 [SUCCESS] {"success":true,"collection":{"success":true,"sourcesProcessed":21,"itemsFetched":2323,"newItems":2,"duplicates":162,"staleSkipped":1881,"errors":10},"analysis":{"requested":15,"processed":2,"failed":0},"generation":{"requested":3,"processed":0,"failed":0},"qualityCheck":{"success":true,"requested":3,"processed":0,"approved":0,"rejected":0,"failed":0,"results":[]},"publish":{"success":true,"requested":1,"processed":0,"failed":0,"results":[]},"statsSync":{"success":true,"processed":5,"failed":0}}
2026-09-21 18:21:50 [INFO] Requesting: https://bordomavi-ai.vercel.app/api/cron/sync-news?secret=test_secret
2026-09-21 18:22:02 [ERROR] Uzak ad çözülemedi: 'bordomavi-ai.vercel.app'
2026-09-21 18:31:50 [INFO] Requesting: https://bordomavi-ai.vercel.app/api/cron/sync-news?secret=test_secret
2026-09-21 18:32:52 [ERROR] Uzak sunucu hata döndürdü: (504) Að Geçidi Zaman Aþýmý.
2026-09-21 18:41:50 [INFO] Requesting: https://bordomavi-ai.vercel.app/api/cron/sync-news?secret=test_secret
2026-09-21 18:42:22 [SUCCESS] {"success":true,"collection":{"success":true,"sourcesProcessed":21,"itemsFetched":2323,"newItems":0,"duplicates":166,"staleSkipped":1879,"errors":10},"analysis":{"requested":15,"processed":0,"failed":0},"generation":{"requested":3,"processed":1,"failed":0},"qualityCheck":{"success":true,"requested":3,"processed":0,"approved":0,"rejected":0,"failed":0,"results":[]},"publish":{"success":true,"requested":1,"processed":1,"failed":0,"results":[{"contentId":"cmubeyfna0002owtt80t90zc6","status":"PUBLISHED","facebookPostId":"1415192102080896_1791694172363936","mockMode":false}]},"statsSync":{"success":true,"processed":5,"failed":0}}
2026-09-21 18:51:50 [INFO] Requesting: https://bordomavi-ai.vercel.app/api/cron/sync-news?secret=test_secret
2026-09-21 18:52:37 [SUCCESS] {"success":true,"collection":{"success":true,"sourcesProcessed":21,"itemsFetched":2323,"newItems":2,"duplicates":165,"staleSkipped":1877,"errors":10},"analysis":{"requested":15,"processed":2,"failed":0},"generation":{"requested":3,"processed":1,"failed":0},"qualityCheck":{"success":true,"requested":3,"processed":0,"approved":0,"rejected":0,"failed":0,"results":[]},"publish":{"success":true,"requested":1,"processed":1,"failed":0,"results":[{"contentId":"cmubfbmph000410e61uunh9jk","status":"PUBLISHED","facebookPostId":"1415192102080896_1791702655696421","mockMode":false}]},"statsSync":{"success":true,"processed":5,"failed":0}}
2026-09-21 19:01:50 [INFO] Requesting: https://bordomavi-ai.vercel.app/api/cron/sync-news?secret=test_secret
2026-09-21 19:02:29 [SUCCESS] {"success":true,"collection":{"success":true,"sourcesProcessed":21,"itemsFetched":2323,"newItems":3,"duplicates":166,"staleSkipped":1878,"errors":10},"analysis":{"requested":15,"processed":3,"failed":0},"generation":{"requested":3,"processed":0,"failed":0},"qualityCheck":{"success":true,"requested":3,"processed":0,"approved":0,"rejected":0,"failed":0,"results":[]},"publish":{"success":true,"requested":1,"processed":0,"failed":0,"results":[]},"statsSync":{"success":true,"processed":5,"failed":0}}
2026-09-21 19:11:50 [INFO] Requesting: https://bordomavi-ai.vercel.app/api/cron/sync-news?secret=test_secret
2026-09-21 19:12:07 [SUCCESS] {"success":true,"collection":{"success":true,"sourcesProcessed":21,"itemsFetched":2323,"newItems":1,"duplicates":169,"staleSkipped":1876,"errors":10},"analysis":{"requested":15,"processed":1,"failed":0},"generation":{"requested":3,"processed":0,"failed":0},"qualityCheck":{"success":true,"requested":3,"processed":0,"approved":0,"rejected":0,"failed":0,"results":[]},"publish":{"success":true,"requested":1,"processed":0,"failed":0,"results":[]},"statsSync":{"success":true,"processed":5,"failed":0}}
2026-09-21 19:21:50 [INFO] Requesting: https://bordomavi-ai.vercel.app/api/cron/sync-news?secret=test_secret
2026-09-21 19:22:02 [SUCCESS] {"success":true,"collection":{"success":true,"sourcesProcessed":21,"itemsFetched":2323,"newItems":0,"duplicates":171,"staleSkipped":1876,"errors":10},"analysis":{"requested":15,"processed":0,"failed":0},"generation":{"requested":3,"processed":0,"failed":0},"qualityCheck":{"success":true,"requested":3,"processed":0,"approved":0,"rejected":0,"failed":0,"results":[]},"publish":{"success":true,"requested":1,"processed":0,"failed":0,"results":[]},"statsSync":{"success":true,"processed":5,"failed":0}}
2026-09-21 19:31:51 [INFO] Requesting: https://bordomavi-ai.vercel.app/api/cron/sync-news?secret=test_secret
2026-09-21 19:32:52 [ERROR] Uzak sunucu hata döndürdü: (504) Að Geçidi Zaman Aþýmý.
2026-09-21 19:41:50 [INFO] Requesting: https://bordomavi-ai.vercel.app/api/cron/sync-news?secret=test_secret
2026-09-21 19:42:49 [SUCCESS] {"success":true,"collection":{"success":true,"sourcesProcessed":21,"itemsFetched":2323,"newItems":1,"duplicates":172,"staleSkipped":1875,"errors":10},"analysis":{"requested":15,"processed":1,"failed":0},"generation":{"requested":3,"processed":1,"failed":0},"qualityCheck":{"success":true,"requested":3,"processed":0,"approved":0,"rejected":0,"failed":0,"results":[]},"publish":{"success":true,"requested":3,"processed":1,"failed":0,"results":[{"contentId":"cmubgrftt000412lugtf4bfkk","status":"PUBLISHED","facebookPostId":"1415192102080896_1791740932359260","mockMode":false}]},"statsSync":{"success":true,"processed":5,"failed":0}}
2026-09-21 19:51:50 [INFO] Requesting: https://bordomavi-ai.vercel.app/api/cron/sync-news?secret=test_secret
2026-09-21 19:52:38 [SUCCESS] {"success":true,"collection":{"success":true,"sourcesProcessed":21,"itemsFetched":2323,"newItems":1,"duplicates":172,"staleSkipped":1875,"errors":10},"analysis":{"requested":15,"processed":1,"failed":0},"generation":{"requested":3,"processed":0,"failed":0},"qualityCheck":{"success":true,"requested":3,"processed":0,"approved":0,"rejected":0,"failed":0,"results":[]},"publish":{"success":true,"requested":3,"processed":0,"failed":0,"results":[]},"statsSync":{"success":true,"processed":5,"failed":0}}
2026-09-21 20:01:50 [INFO] Requesting: https://bordomavi-ai.vercel.app/api/cron/sync-news?secret=test_secret
2026-09-21 20:02:03 [SUCCESS] {"success":true,"collection":{"success":true,"sourcesProcessed":21,"itemsFetched":2323,"newItems":0,"duplicates":173,"staleSkipped":1875,"errors":10},"analysis":{"requested":15,"processed":0,"failed":0},"generation":{"requested":3,"processed":0,"failed":0},"qualityCheck":{"success":true,"requested":3,"processed":0,"approved":0,"rejected":0,"failed":0,"results":[]},"publish":{"success":true,"requested":3,"processed":0,"failed":0,"results":[]},"statsSync":{"success":true,"processed":5,"failed":0}}
2026-09-21 20:11:50 [INFO] Requesting: https://bordomavi-ai.vercel.app/api/cron/sync-news?secret=test_secret
2026-09-21 20:12:03 [SUCCESS] {"success":true,"collection":{"success":true,"sourcesProcessed":21,"itemsFetched":2323,"newItems":0,"duplicates":173,"staleSkipped":1874,"errors":10},"analysis":{"requested":15,"processed":0,"failed":0},"generation":{"requested":3,"processed":0,"failed":0},"qualityCheck":{"success":true,"requested":3,"processed":0,"approved":0,"rejected":0,"failed":0,"results":[]},"publish":{"success":true,"requested":3,"processed":0,"failed":0,"results":[]},"statsSync":{"success":true,"processed":5,"failed":0}}
2026-09-21 20:21:51 [INFO] Requesting: https://bordomavi-ai.vercel.app/api/cron/sync-news?secret=test_secret
2026-09-21 20:22:13 [SUCCESS] {"success":true,"collection":{"success":true,"sourcesProcessed":21,"itemsFetched":2323,"newItems":1,"duplicates":173,"staleSkipped":1872,"errors":10},"analysis":{"requested":15,"processed":1,"failed":0},"generation":{"requested":3,"processed":0,"failed":0},"qualityCheck":{"success":true,"requested":3,"processed":0,"approved":0,"rejected":0,"failed":0,"results":[]},"publish":{"success":true,"requested":3,"processed":0,"failed":0,"results":[]},"statsSync":{"success":true,"processed":5,"failed":0}}
2026-09-21 20:31:50 [INFO] Requesting: https://bordomavi-ai.vercel.app/api/cron/sync-news?secret=test_secret
2026-09-21 20:32:01 [SUCCESS] {"success":true,"collection":{"success":true,"sourcesProcessed":21,"itemsFetched":2323,"newItems":0,"duplicates":175,"staleSkipped":1872,"errors":10},"analysis":{"requested":15,"processed":0,"failed":0},"generation":{"requested":3,"processed":0,"failed":0},"qualityCheck":{"success":true,"requested":3,"processed":0,"approved":0,"rejected":0,"failed":0,"results":[]},"publish":{"success":true,"requested":3,"processed":0,"failed":0,"results":[]},"statsSync":{"success":true,"processed":5,"failed":0}}
2026-09-21 20:41:51 [INFO] Requesting: https://bordomavi-ai.vercel.app/api/cron/sync-news?secret=test_secret
2026-09-21 20:42:01 [SUCCESS] {"success":true,"collection":{"success":true,"sourcesProcessed":21,"itemsFetched":2303,"newItems":1,"duplicates":165,"staleSkipped":1872,"errors":11},"analysis":{"requested":15,"processed":1,"failed":0},"generation":{"requested":3,"processed":0,"failed":0},"qualityCheck":{"success":true,"requested":3,"processed":0,"approved":0,"rejected":0,"failed":0,"results":[]},"publish":{"success":true,"requested":3,"processed":0,"failed":0,"results":[]},"statsSync":{"success":true,"processed":5,"failed":0}}
2026-09-21 20:51:50 [INFO] Requesting: https://bordomavi-ai.vercel.app/api/cron/sync-news?secret=test_secret
2026-09-21 20:52:02 [SUCCESS] {"success":true,"collection":{"success":true,"sourcesProcessed":21,"itemsFetched":2323,"newItems":0,"duplicates":174,"staleSkipped":1872,"errors":10},"analysis":{"requested":15,"processed":0,"failed":0},"generation":{"requested":3,"processed":0,"failed":0},"qualityCheck":{"success":true,"requested":3,"processed":0,"approved":0,"rejected":0,"failed":0,"results":[]},"publish":{"success":true,"requested":3,"processed":0,"failed":0,"results":[]},"statsSync":{"success":true,"processed":5,"failed":0}}
2026-09-21 21:01:50 [INFO] Requesting: https://bordomavi-ai.vercel.app/api/cron/sync-news?secret=test_secret
2026-09-21 21:02:46 [SUCCESS] {"success":true,"collection":{"success":true,"sourcesProcessed":21,"itemsFetched":2323,"newItems":2,"duplicates":173,"staleSkipped":1872,"errors":10},"analysis":{"requested":15,"processed":2,"failed":0},"generation":{"requested":3,"processed":1,"failed":0},"qualityCheck":{"success":true,"requested":3,"processed":0,"approved":0,"rejected":0,"failed":0,"results":[]},"publish":{"success":true,"requested":3,"processed":1,"failed":0,"results":[{"contentId":"cmubjyxds0004l06jmesmav3k","status":"PUBLISHED","facebookPostId":"1415192102080896_1791795305687156","mockMode":false}]},"statsSync":{"success":true,"processed":5,"failed":0}}
2026-09-21 21:11:51 [INFO] Requesting: https://bordomavi-ai.vercel.app/api/cron/sync-news?secret=test_secret
2026-09-21 21:12:02 [SUCCESS] {"success":true,"collection":{"success":true,"sourcesProcessed":21,"itemsFetched":2323,"newItems":0,"duplicates":174,"staleSkipped":1872,"errors":10},"analysis":{"requested":15,"processed":0,"failed":0},"generation":{"requested":3,"processed":0,"failed":0},"qualityCheck":{"success":true,"requested":3,"processed":0,"approved":0,"rejected":0,"failed":0,"results":[]},"publish":{"success":true,"requested":3,"processed":0,"failed":0,"results":[]},"statsSync":{"success":true,"processed":5,"failed":0}}
2026-09-21 21:21:51 [INFO] Requesting: https://bordomavi-ai.vercel.app/api/cron/sync-news?secret=test_secret
2026-09-21 21:22:27 [SUCCESS] {"success":true,"collection":{"success":true,"sourcesProcessed":21,"itemsFetched":2323,"newItems":2,"duplicates":173,"staleSkipped":1872,"errors":10},"analysis":{"requested":15,"processed":2,"failed":0},"generation":{"requested":3,"processed":1,"failed":0},"qualityCheck":{"success":true,"requested":3,"processed":0,"approved":0,"rejected":0,"failed":0,"results":[]},"publish":{"success":true,"requested":3,"processed":1,"failed":0,"results":[{"contentId":"cmubko8zi0004lmro4ss56vjm","status":"PUBLISHED","facebookPostId":"1415192102080896_1791808895685797","mockMode":false}]},"statsSync":{"success":true,"processed":5,"failed":0}}
2026-09-21 21:31:50 [INFO] Requesting: https://bordomavi-ai.vercel.app/api/cron/sync-news?secret=test_secret
2026-09-21 21:32:18 [SUCCESS] {"success":true,"collection":{"success":true,"sourcesProcessed":21,"itemsFetched":2323,"newItems":2,"duplicates":172,"staleSkipped":1872,"errors":10},"analysis":{"requested":15,"processed":2,"failed":0},"generation":{"requested":3,"processed":0,"failed":0},"qualityCheck":{"success":true,"requested":3,"processed":0,"approved":0,"rejected":0,"failed":0,"results":[]},"publish":{"success":true,"requested":3,"processed":0,"failed":0,"results":[]},"statsSync":{"success":true,"processed":5,"failed":0}}
2026-09-21 21:41:51 [INFO] Requesting: https://bordomavi-ai.vercel.app/api/cron/sync-news?secret=test_secret
2026-09-21 21:42:11 [SUCCESS] {"success":true,"collection":{"success":true,"sourcesProcessed":21,"itemsFetched":2323,"newItems":0,"duplicates":174,"staleSkipped":1872,"errors":10},"analysis":{"requested":15,"processed":0,"failed":0},"generation":{"requested":3,"processed":0,"failed":0},"qualityCheck":{"success":true,"requested":3,"processed":0,"approved":0,"rejected":0,"failed":0,"results":[]},"publish":{"success":true,"requested":3,"processed":0,"failed":0,"results":[]},"statsSync":{"success":true,"processed":5,"failed":0}}
2026-09-21 21:51:51 [INFO] Requesting: https://bordomavi-ai.vercel.app/api/cron/sync-news?secret=test_secret
2026-09-21 21:52:02 [SUCCESS] {"success":true,"collection":{"success":true,"sourcesProcessed":21,"itemsFetched":2323,"newItems":0,"duplicates":174,"staleSkipped":1870,"errors":10},"analysis":{"requested":15,"processed":0,"failed":0},"generation":{"requested":3,"processed":0,"failed":0},"qualityCheck":{"success":true,"requested":3,"processed":0,"approved":0,"rejected":0,"failed":0,"results":[]},"publish":{"success":true,"requested":3,"processed":0,"failed":0,"results":[]},"statsSync":{"success":true,"processed":5,"failed":0}}
2026-09-21 22:01:50 [INFO] Requesting: https://bordomavi-ai.vercel.app/api/cron/sync-news?secret=test_secret
2026-09-21 22:02:09 [SUCCESS] {"success":true,"collection":{"success":true,"sourcesProcessed":21,"itemsFetched":2323,"newItems":1,"duplicates":172,"staleSkipped":1870,"errors":10},"analysis":{"requested":15,"processed":1,"failed":0},"generation":{"requested":3,"processed":0,"failed":0},"qualityCheck":{"success":true,"requested":3,"processed":0,"approved":0,"rejected":0,"failed":0,"results":[]},"publish":{"success":true,"requested":3,"processed":0,"failed":0,"results":[]},"statsSync":{"success":true,"processed":5,"failed":0}}
2026-09-21 22:11:51 [INFO] Requesting: https://bordomavi-ai.vercel.app/api/cron/sync-news?secret=test_secret
2026-09-21 22:12:02 [SUCCESS] {"success":true,"collection":{"success":true,"sourcesProcessed":21,"itemsFetched":2323,"newItems":0,"duplicates":173,"staleSkipped":1870,"errors":10},"analysis":{"requested":15,"processed":0,"failed":0},"generation":{"requested":3,"processed":0,"failed":0},"qualityCheck":{"success":true,"requested":3,"processed":0,"approved":0,"rejected":0,"failed":0,"results":[]},"publish":{"success":true,"requested":3,"processed":0,"failed":0,"results":[]},"statsSync":{"success":true,"processed":5,"failed":0}}
2026-09-21 22:21:51 [INFO] Requesting: https://bordomavi-ai.vercel.app/api/cron/sync-news?secret=test_secret
2026-09-21 22:22:07 [SUCCESS] {"success":true,"collection":{"success":true,"sourcesProcessed":21,"itemsFetched":2323,"newItems":0,"duplicates":173,"staleSkipped":1870,"errors":10},"analysis":{"requested":15,"processed":0,"failed":0},"generation":{"requested":3,"processed":0,"failed":0},"qualityCheck":{"success":true,"requested":3,"processed":0,"approved":0,"rejected":0,"failed":0,"results":[]},"publish":{"success":true,"requested":3,"processed":0,"failed":0,"results":[]},"statsSync":{"success":true,"processed":5,"failed":0}}
2026-09-21 22:31:51 [INFO] Requesting: https://bordomavi-ai.vercel.app/api/cron/sync-news?secret=test_secret
2026-09-21 22:32:32 [SUCCESS] {"success":true,"collection":{"success":true,"sourcesProcessed":21,"itemsFetched":2323,"newItems":2,"duplicates":170,"staleSkipped":1872,"errors":10},"analysis":{"requested":15,"processed":2,"failed":0},"generation":{"requested":3,"processed":1,"failed":0},"qualityCheck":{"success":true,"requested":3,"processed":0,"approved":0,"rejected":0,"failed":0,"results":[]},"publish":{"success":true,"requested":3,"processed":1,"failed":0,"results":[{"contentId":"cmubn6eey0004akzmr8xcbta0","status":"PUBLISHED","facebookPostId":"1415192102080896_1791859639014056","mockMode":false}]},"statsSync":{"success":true,"processed":5,"failed":0}}
2026-09-21 22:41:51 [INFO] Requesting: https://bordomavi-ai.vercel.app/api/cron/sync-news?secret=test_secret
2026-09-21 22:42:02 [SUCCESS] {"success":true,"collection":{"success":true,"sourcesProcessed":21,"itemsFetched":2323,"newItems":0,"duplicates":170,"staleSkipped":1874,"errors":10},"analysis":{"requested":15,"processed":0,"failed":0},"generation":{"requested":3,"processed":0,"failed":0},"qualityCheck":{"success":true,"requested":3,"processed":0,"approved":0,"rejected":0,"failed":0,"results":[]},"publish":{"success":true,"requested":3,"processed":0,"failed":0,"results":[]},"statsSync":{"success":true,"processed":5,"failed":0}}
2026-09-21 22:51:51 [INFO] Requesting: https://bordomavi-ai.vercel.app/api/cron/sync-news?secret=test_secret
2026-09-21 22:52:12 [SUCCESS] {"success":true,"collection":{"success":true,"sourcesProcessed":21,"itemsFetched":2323,"newItems":2,"duplicates":169,"staleSkipped":1873,"errors":10},"analysis":{"requested":15,"processed":2,"failed":0},"generation":{"requested":3,"processed":0,"failed":0},"qualityCheck":{"success":true,"requested":3,"processed":0,"approved":0,"rejected":0,"failed":0,"results":[]},"publish":{"success":true,"requested":3,"processed":0,"failed":0,"results":[]},"statsSync":{"success":true,"processed":5,"failed":0}}
2026-09-21 23:01:51 [INFO] Requesting: https://bordomavi-ai.vercel.app/api/cron/sync-news?secret=test_secret
2026-09-21 23:02:27 [SUCCESS] {"success":true,"collection":{"success":true,"sourcesProcessed":21,"itemsFetched":2323,"newItems":2,"duplicates":171,"staleSkipped":1873,"errors":10},"analysis":{"requested":15,"processed":2,"failed":0},"generation":{"requested":3,"processed":1,"failed":0},"qualityCheck":{"success":true,"requested":3,"processed":0,"approved":0,"rejected":0,"failed":0,"results":[]},"publish":{"success":true,"requested":1,"processed":1,"failed":0,"results":[{"contentId":"cmubo8y2300044eoxy0od1ul6","status":"PUBLISHED","facebookPostId":"1415192102080896_1791877419012278","mockMode":false}]},"statsSync":{"success":true,"processed":5,"failed":0}}
2026-09-21 23:11:51 [INFO] Requesting: https://bordomavi-ai.vercel.app/api/cron/sync-news?secret=test_secret
2026-09-21 23:12:02 [SUCCESS] {"success":true,"collection":{"success":true,"sourcesProcessed":21,"itemsFetched":2323,"newItems":0,"duplicates":173,"staleSkipped":1873,"errors":10},"analysis":{"requested":15,"processed":0,"failed":0},"generation":{"requested":3,"processed":0,"failed":0},"qualityCheck":{"success":true,"requested":3,"processed":0,"approved":0,"rejected":0,"failed":0,"results":[]},"publish":{"success":true,"requested":1,"processed":0,"failed":0,"results":[]},"statsSync":{"success":true,"processed":5,"failed":0}}
2026-09-21 23:21:50 [INFO] Requesting: https://bordomavi-ai.vercel.app/api/cron/sync-news?secret=test_secret
2026-09-21 23:22:01 [SUCCESS] {"success":true,"collection":{"success":true,"sourcesProcessed":21,"itemsFetched":2323,"newItems":0,"duplicates":173,"staleSkipped":1873,"errors":10},"analysis":{"requested":15,"processed":0,"failed":0},"generation":{"requested":3,"processed":0,"failed":0},"qualityCheck":{"success":true,"requested":3,"processed":0,"approved":0,"rejected":0,"failed":0,"results":[]},"publish":{"success":true,"requested":1,"processed":0,"failed":0,"results":[]},"statsSync":{"success":true,"processed":5,"failed":0}}
2026-09-21 23:31:51 [INFO] Requesting: https://bordomavi-ai.vercel.app/api/cron/sync-news?secret=test_secret
2026-09-21 23:32:07 [SUCCESS] {"success":true,"collection":{"success":true,"sourcesProcessed":21,"itemsFetched":2323,"newItems":0,"duplicates":173,"staleSkipped":1873,"errors":10},"analysis":{"requested":15,"processed":0,"failed":0},"generation":{"requested":3,"processed":0,"failed":0},"qualityCheck":{"success":true,"requested":3,"processed":0,"approved":0,"rejected":0,"failed":0,"results":[]},"publish":{"success":true,"requested":1,"processed":0,"failed":0,"results":[]},"statsSync":{"success":true,"processed":5,"failed":0}}
2026-09-21 23:41:51 [INFO] Requesting: https://bordomavi-ai.vercel.app/api/cron/sync-news?secret=test_secret
2026-09-21 23:42:04 [SUCCESS] {"success":true,"collection":{"success":true,"sourcesProcessed":21,"itemsFetched":2323,"newItems":0,"duplicates":172,"staleSkipped":1876,"errors":10},"analysis":{"requested":15,"processed":0,"failed":0},"generation":{"requested":3,"processed":0,"failed":0},"qualityCheck":{"success":true,"requested":3,"processed":0,"approved":0,"rejected":0,"failed":0,"results":[]},"publish":{"success":true,"requested":1,"processed":0,"failed":0,"results":[]},"statsSync":{"success":true,"processed":5,"failed":0}}
2026-09-21 23:51:51 [INFO] Requesting: https://bordomavi-ai.vercel.app/api/cron/sync-news?secret=test_secret
2026-09-21 23:52:02 [SUCCESS] {"success":true,"collection":{"success":true,"sourcesProcessed":21,"itemsFetched":2323,"newItems":0,"duplicates":166,"staleSkipped":1881,"errors":10},"analysis":{"requested":15,"processed":0,"failed":0},"generation":{"requested":3,"processed":0,"failed":0},"qualityCheck":{"success":true,"requested":3,"processed":0,"approved":0,"rejected":0,"failed":0,"results":[]},"publish":{"success":true,"requested":1,"processed":0,"failed":0,"results":[]},"statsSync":{"success":true,"processed":5,"failed":0}}
2026-09-22 00:01:51 [INFO] Requesting: https://bordomavi-ai.vercel.app/api/cron/sync-news?secret=test_secret
2026-09-22 00:02:02 [SUCCESS] {"success":true,"collection":{"success":true,"sourcesProcessed":21,"itemsFetched":2323,"newItems":0,"duplicates":164,"staleSkipped":1882,"errors":10},"analysis":{"requested":15,"processed":0,"failed":0},"generation":{"requested":3,"processed":0,"failed":0},"qualityCheck":{"success":true,"requested":3,"processed":0,"approved":0,"rejected":0,"failed":0,"results":[]},"publish":{"success":true,"requested":0,"processed":0,"failed":0,"results":[]},"statsSync":{"success":true,"processed":5,"failed":0}}
2026-09-22 00:11:51 [INFO] Requesting: https://bordomavi-ai.vercel.app/api/cron/sync-news?secret=test_secret
2026-09-22 00:12:02 [SUCCESS] {"success":true,"collection":{"success":true,"sourcesProcessed":21,"itemsFetched":2323,"newItems":0,"duplicates":164,"staleSkipped":1882,"errors":10},"analysis":{"requested":15,"processed":0,"failed":0},"generation":{"requested":3,"processed":0,"failed":0},"qualityCheck":{"success":true,"requested":3,"processed":0,"approved":0,"rejected":0,"failed":0,"results":[]},"publish":{"success":true,"requested":0,"processed":0,"failed":0,"results":[]},"statsSync":{"success":true,"processed":5,"failed":0}}
2026-09-22 00:21:51 [INFO] Requesting: https://bordomavi-ai.vercel.app/api/cron/sync-news?secret=test_secret
2026-09-22 00:22:02 [SUCCESS] {"success":true,"collection":{"success":true,"sourcesProcessed":21,"itemsFetched":2323,"newItems":0,"duplicates":157,"staleSkipped":1890,"errors":10},"analysis":{"requested":15,"processed":0,"failed":0},"generation":{"requested":3,"processed":0,"failed":0},"qualityCheck":{"success":true,"requested":3,"processed":0,"approved":0,"rejected":0,"failed":0,"results":[]},"publish":{"success":true,"requested":0,"processed":0,"failed":0,"results":[]},"statsSync":{"success":true,"processed":5,"failed":0}}
2026-09-22 00:31:50 [INFO] Requesting: https://bordomavi-ai.vercel.app/api/cron/sync-news?secret=test_secret
2026-09-22 00:32:02 [SUCCESS] {"success":true,"collection":{"success":true,"sourcesProcessed":21,"itemsFetched":2323,"newItems":0,"duplicates":154,"staleSkipped":1893,"errors":10},"analysis":{"requested":15,"processed":0,"failed":0},"generation":{"requested":3,"processed":0,"failed":0},"qualityCheck":{"success":true,"requested":3,"processed":0,"approved":0,"rejected":0,"failed":0,"results":[]},"publish":{"success":true,"requested":0,"processed":0,"failed":0,"results":[]},"statsSync":{"success":true,"processed":5,"failed":0}}
2026-09-22 00:41:51 [INFO] Requesting: https://bordomavi-ai.vercel.app/api/cron/sync-news?secret=test_secret
2026-09-22 00:42:02 [SUCCESS] {"success":true,"collection":{"success":true,"sourcesProcessed":21,"itemsFetched":2323,"newItems":0,"duplicates":154,"staleSkipped":1893,"errors":10},"analysis":{"requested":15,"processed":0,"failed":0},"generation":{"requested":3,"processed":0,"failed":0},"qualityCheck":{"success":true,"requested":3,"processed":0,"approved":0,"rejected":0,"failed":0,"results":[]},"publish":{"success":true,"requested":0,"processed":0,"failed":0,"results":[]},"statsSync":{"success":true,"processed":5,"failed":0}}
2026-09-22 00:51:51 [INFO] Requesting: https://bordomavi-ai.vercel.app/api/cron/sync-news?secret=test_secret
2026-09-22 00:52:02 [SUCCESS] {"success":true,"collection":{"success":true,"sourcesProcessed":21,"itemsFetched":2323,"newItems":0,"duplicates":154,"staleSkipped":1893,"errors":10},"analysis":{"requested":15,"processed":0,"failed":0},"generation":{"requested":3,"processed":0,"failed":0},"qualityCheck":{"success":true,"requested":3,"processed":0,"approved":0,"rejected":0,"failed":0,"results":[]},"publish":{"success":true,"requested":0,"processed":0,"failed":0,"results":[]},"statsSync":{"success":true,"processed":5,"failed":0}}
2026-09-22 01:01:51 [INFO] Requesting: https://bordomavi-ai.vercel.app/api/cron/sync-news?secret=test_secret
2026-09-22 01:02:02 [SUCCESS] {"success":true,"collection":{"success":true,"sourcesProcessed":21,"itemsFetched":2323,"newItems":0,"duplicates":157,"staleSkipped":1888,"errors":10},"analysis":{"requested":15,"processed":0,"failed":0},"generation":{"requested":3,"processed":0,"failed":0},"qualityCheck":{"success":true,"requested":3,"processed":0,"approved":0,"rejected":0,"failed":0,"results":[]},"publish":{"success":true,"requested":0,"processed":0,"failed":0,"results":[]},"statsSync":{"success":true,"processed":5,"failed":0}}
2026-09-22 01:11:51 [INFO] Requesting: https://bordomavi-ai.vercel.app/api/cron/sync-news?secret=test_secret
2026-09-22 01:12:01 [SUCCESS] {"success":true,"collection":{"success":true,"sourcesProcessed":21,"itemsFetched":2323,"newItems":0,"duplicates":157,"staleSkipped":1888,"errors":10},"analysis":{"requested":15,"processed":0,"failed":0},"generation":{"requested":3,"processed":0,"failed":0},"qualityCheck":{"success":true,"requested":3,"processed":0,"approved":0,"rejected":0,"failed":0,"results":[]},"publish":{"success":true,"requested":0,"processed":0,"failed":0,"results":[]},"statsSync":{"success":true,"processed":5,"failed":0}}
2026-09-22 01:21:51 [INFO] Requesting: https://bordomavi-ai.vercel.app/api/cron/sync-news?secret=test_secret
2026-09-22 01:22:02 [SUCCESS] {"success":true,"collection":{"success":true,"sourcesProcessed":21,"itemsFetched":2323,"newItems":0,"duplicates":157,"staleSkipped":1888,"errors":10},"analysis":{"requested":15,"processed":0,"failed":0},"generation":{"requested":3,"processed":0,"failed":0},"qualityCheck":{"success":true,"requested":3,"processed":0,"approved":0,"rejected":0,"failed":0,"results":[]},"publish":{"success":true,"requested":0,"processed":0,"failed":0,"results":[]},"statsSync":{"success":true,"processed":5,"failed":0}}
2026-09-22 01:31:51 [INFO] Requesting: https://bordomavi-ai.vercel.app/api/cron/sync-news?secret=test_secret
2026-09-22 01:32:02 [SUCCESS] {"success":true,"collection":{"success":true,"sourcesProcessed":21,"itemsFetched":2323,"newItems":0,"duplicates":157,"staleSkipped":1888,"errors":10},"analysis":{"requested":15,"processed":0,"failed":0},"generation":{"requested":3,"processed":0,"failed":0},"qualityCheck":{"success":true,"requested":3,"processed":0,"approved":0,"rejected":0,"failed":0,"results":[]},"publish":{"success":true,"requested":0,"processed":0,"failed":0,"results":[]},"statsSync":{"success":true,"processed":5,"failed":0}}
2026-09-22 01:41:51 [INFO] Requesting: https://bordomavi-ai.vercel.app/api/cron/sync-news?secret=test_secret
2026-09-22 01:42:02 [SUCCESS] {"success":true,"collection":{"success":true,"sourcesProcessed":21,"itemsFetched":2323,"newItems":0,"duplicates":157,"staleSkipped":1888,"errors":10},"analysis":{"requested":15,"processed":0,"failed":0},"generation":{"requested":3,"processed":0,"failed":0},"qualityCheck":{"success":true,"requested":3,"processed":0,"approved":0,"rejected":0,"failed":0,"results":[]},"publish":{"success":true,"requested":0,"processed":0,"failed":0,"results":[]},"statsSync":{"success":true,"processed":5,"failed":0}}
2026-09-22 01:51:51 [INFO] Requesting: https://bordomavi-ai.vercel.app/api/cron/sync-news?secret=test_secret
2026-09-22 01:52:02 [SUCCESS] {"success":true,"collection":{"success":true,"sourcesProcessed":21,"itemsFetched":2323,"newItems":0,"duplicates":157,"staleSkipped":1888,"errors":10},"analysis":{"requested":15,"processed":0,"failed":0},"generation":{"requested":3,"processed":0,"failed":0},"qualityCheck":{"success":true,"requested":3,"processed":0,"approved":0,"rejected":0,"failed":0,"results":[]},"publish":{"success":true,"requested":0,"processed":0,"failed":0,"results":[]},"statsSync":{"success":true,"processed":5,"failed":0}}
2026-09-22 02:01:51 [INFO] Requesting: https://bordomavi-ai.vercel.app/api/cron/sync-news?secret=test_secret
2026-09-22 02:02:07 [SUCCESS] {"success":true,"collection":{"success":true,"sourcesProcessed":21,"itemsFetched":2212,"newItems":0,"duplicates":133,"staleSkipped":1844,"errors":13},"analysis":{"requested":15,"processed":0,"failed":0},"generation":{"requested":3,"processed":0,"failed":0},"qualityCheck":{"success":true,"requested":3,"processed":0,"approved":0,"rejected":0,"failed":0,"results":[]},"publish":{"success":true,"requested":0,"processed":0,"failed":0,"results":[]},"statsSync":{"success":true,"processed":5,"failed":0}}
2026-09-22 02:11:51 [INFO] Requesting: https://bordomavi-ai.vercel.app/api/cron/sync-news?secret=test_secret
2026-09-22 02:12:07 [SUCCESS] {"success":true,"collection":{"success":true,"sourcesProcessed":21,"itemsFetched":2212,"newItems":0,"duplicates":133,"staleSkipped":1844,"errors":13},"analysis":{"requested":15,"processed":0,"failed":0},"generation":{"requested":3,"processed":0,"failed":0},"qualityCheck":{"success":true,"requested":3,"processed":0,"approved":0,"rejected":0,"failed":0,"results":[]},"publish":{"success":true,"requested":0,"processed":0,"failed":0,"results":[]},"statsSync":{"success":true,"processed":5,"failed":0}}
2026-09-22 02:21:51 [INFO] Requesting: https://bordomavi-ai.vercel.app/api/cron/sync-news?secret=test_secret
2026-09-22 02:22:12 [SUCCESS] {"success":true,"collection":{"success":true,"sourcesProcessed":21,"itemsFetched":2212,"newItems":0,"duplicates":133,"staleSkipped":1844,"errors":13},"analysis":{"requested":15,"processed":0,"failed":0},"generation":{"requested":3,"processed":0,"failed":0},"qualityCheck":{"success":true,"requested":3,"processed":0,"approved":0,"rejected":0,"failed":0,"results":[]},"publish":{"success":true,"requested":0,"processed":0,"failed":0,"results":[]},"statsSync":{"success":true,"processed":5,"failed":0}}
2026-09-22 02:31:51 [INFO] Requesting: https://bordomavi-ai.vercel.app/api/cron/sync-news?secret=test_secret
2026-09-22 02:32:07 [SUCCESS] {"success":true,"collection":{"success":true,"sourcesProcessed":21,"itemsFetched":2283,"newItems":0,"duplicates":148,"staleSkipped":1875,"errors":11},"analysis":{"requested":15,"processed":0,"failed":0},"generation":{"requested":3,"processed":0,"failed":0},"qualityCheck":{"success":true,"requested":3,"processed":0,"approved":0,"rejected":0,"failed":0,"results":[]},"publish":{"success":true,"requested":0,"processed":0,"failed":0,"results":[]},"statsSync":{"success":true,"processed":5,"failed":0}}
2026-09-22 02:41:51 [INFO] Requesting: https://bordomavi-ai.vercel.app/api/cron/sync-news?secret=test_secret
2026-09-22 02:42:07 [SUCCESS] {"success":true,"collection":{"success":true,"sourcesProcessed":21,"itemsFetched":2212,"newItems":0,"duplicates":133,"staleSkipped":1844,"errors":13},"analysis":{"requested":15,"processed":0,"failed":0},"generation":{"requested":3,"processed":0,"failed":0},"qualityCheck":{"success":true,"requested":3,"processed":0,"approved":0,"rejected":0,"failed":0,"results":[]},"publish":{"success":true,"requested":0,"processed":0,"failed":0,"results":[]},"statsSync":{"success":true,"processed":5,"failed":0}}
2026-09-22 02:51:51 [INFO] Requesting: https://bordomavi-ai.vercel.app/api/cron/sync-news?secret=test_secret
2026-09-22 02:52:02 [SUCCESS] {"success":true,"collection":{"success":true,"sourcesProcessed":21,"itemsFetched":2323,"newItems":0,"duplicates":157,"staleSkipped":1888,"errors":10},"analysis":{"requested":15,"processed":0,"failed":0},"generation":{"requested":3,"processed":0,"failed":0},"qualityCheck":{"success":true,"requested":3,"processed":0,"approved":0,"rejected":0,"failed":0,"results":[]},"publish":{"success":true,"requested":0,"processed":0,"failed":0,"results":[]},"statsSync":{"success":true,"processed":5,"failed":0}}
2026-09-22 03:01:51 [INFO] Requesting: https://bordomavi-ai.vercel.app/api/cron/sync-news?secret=test_secret
2026-09-22 03:02:02 [SUCCESS] {"success":true,"collection":{"success":true,"sourcesProcessed":21,"itemsFetched":2323,"newItems":0,"duplicates":93,"staleSkipped":2032,"errors":10},"analysis":{"requested":15,"processed":0,"failed":0},"generation":{"requested":3,"processed":0,"failed":0},"qualityCheck":{"success":true,"requested":3,"processed":0,"approved":0,"rejected":0,"failed":0,"results":[]},"publish":{"success":true,"requested":0,"processed":0,"failed":0,"results":[]},"statsSync":{"success":true,"processed":5,"failed":0}}
2026-09-22 03:11:51 [INFO] Requesting: https://bordomavi-ai.vercel.app/api/cron/sync-news?secret=test_secret
2026-09-22 03:12:02 [SUCCESS] {"success":true,"collection":{"success":true,"sourcesProcessed":21,"itemsFetched":2323,"newItems":0,"duplicates":93,"staleSkipped":2032,"errors":10},"analysis":{"requested":15,"processed":0,"failed":0},"generation":{"requested":3,"processed":0,"failed":0},"qualityCheck":{"success":true,"requested":3,"processed":0,"approved":0,"rejected":0,"failed":0,"results":[]},"publish":{"success":true,"requested":0,"processed":0,"failed":0,"results":[]},"statsSync":{"success":true,"processed":5,"failed":0}}
2026-09-22 03:21:51 [INFO] Requesting: https://bordomavi-ai.vercel.app/api/cron/sync-news?secret=test_secret
2026-09-22 03:22:03 [SUCCESS] {"success":true,"collection":{"success":true,"sourcesProcessed":21,"itemsFetched":2323,"newItems":0,"duplicates":93,"staleSkipped":2032,"errors":10},"analysis":{"requested":15,"processed":0,"failed":0},"generation":{"requested":3,"processed":0,"failed":0},"qualityCheck":{"success":true,"requested":3,"processed":0,"approved":0,"rejected":0,"failed":0,"results":[]},"publish":{"success":true,"requested":0,"processed":0,"failed":0,"results":[]},"statsSync":{"success":true,"processed":5,"failed":0}}
2026-09-22 03:31:51 [INFO] Requesting: https://bordomavi-ai.vercel.app/api/cron/sync-news?secret=test_secret
2026-09-22 03:31:58 [SUCCESS] {"success":true,"collection":{"success":true,"sourcesProcessed":21,"itemsFetched":2303,"newItems":0,"duplicates":86,"staleSkipped":2032,"errors":11},"analysis":{"requested":15,"processed":0,"failed":0},"generation":{"requested":3,"processed":0,"failed":0},"qualityCheck":{"success":true,"requested":3,"processed":0,"approved":0,"rejected":0,"failed":0,"results":[]},"publish":{"success":true,"requested":0,"processed":0,"failed":0,"results":[]},"statsSync":{"success":true,"processed":5,"failed":0}}
2026-09-22 03:41:51 [INFO] Requesting: https://bordomavi-ai.vercel.app/api/cron/sync-news?secret=test_secret
2026-09-22 03:42:01 [SUCCESS] {"success":true,"collection":{"success":true,"sourcesProcessed":21,"itemsFetched":2323,"newItems":0,"duplicates":93,"staleSkipped":2032,"errors":10},"analysis":{"requested":15,"processed":0,"failed":0},"generation":{"requested":3,"processed":0,"failed":0},"qualityCheck":{"success":true,"requested":3,"processed":0,"approved":0,"rejected":0,"failed":0,"results":[]},"publish":{"success":true,"requested":0,"processed":0,"failed":0,"results":[]},"statsSync":{"success":true,"processed":5,"failed":0}}
2026-09-22 03:51:51 [INFO] Requesting: https://bordomavi-ai.vercel.app/api/cron/sync-news?secret=test_secret
2026-09-22 03:52:02 [SUCCESS] {"success":true,"collection":{"success":true,"sourcesProcessed":21,"itemsFetched":2323,"newItems":0,"duplicates":93,"staleSkipped":2032,"errors":10},"analysis":{"requested":15,"processed":0,"failed":0},"generation":{"requested":3,"processed":0,"failed":0},"qualityCheck":{"success":true,"requested":3,"processed":0,"approved":0,"rejected":0,"failed":0,"results":[]},"publish":{"success":true,"requested":0,"processed":0,"failed":0,"results":[]},"statsSync":{"success":true,"processed":5,"failed":0}}
2026-09-22 04:01:51 [INFO] Requesting: https://bordomavi-ai.vercel.app/api/cron/sync-news?secret=test_secret
2026-09-22 04:02:02 [SUCCESS] {"success":true,"collection":{"success":true,"sourcesProcessed":21,"itemsFetched":2323,"newItems":0,"duplicates":93,"staleSkipped":2032,"errors":10},"analysis":{"requested":15,"processed":0,"failed":0},"generation":{"requested":3,"processed":0,"failed":0},"qualityCheck":{"success":true,"requested":3,"processed":0,"approved":0,"rejected":0,"failed":0,"results":[]},"publish":{"success":true,"requested":0,"processed":0,"failed":0,"results":[]},"statsSync":{"success":true,"processed":5,"failed":0}}
2026-09-22 04:11:51 [INFO] Requesting: https://bordomavi-ai.vercel.app/api/cron/sync-news?secret=test_secret
2026-09-22 04:12:01 [SUCCESS] {"success":true,"collection":{"success":true,"sourcesProcessed":21,"itemsFetched":2323,"newItems":0,"duplicates":93,"staleSkipped":2032,"errors":10},"analysis":{"requested":15,"processed":0,"failed":0},"generation":{"requested":3,"processed":0,"failed":0},"qualityCheck":{"success":true,"requested":3,"processed":0,"approved":0,"rejected":0,"failed":0,"results":[]},"publish":{"success":true,"requested":0,"processed":0,"failed":0,"results":[]},"statsSync":{"success":true,"processed":5,"failed":0}}
2026-09-22 04:21:51 [INFO] Requesting: https://bordomavi-ai.vercel.app/api/cron/sync-news?secret=test_secret
2026-09-22 04:22:02 [SUCCESS] {"success":true,"collection":{"success":true,"sourcesProcessed":21,"itemsFetched":2323,"newItems":0,"duplicates":93,"staleSkipped":2032,"errors":10},"analysis":{"requested":15,"processed":0,"failed":0},"generation":{"requested":3,"processed":0,"failed":0},"qualityCheck":{"success":true,"requested":3,"processed":0,"approved":0,"rejected":0,"failed":0,"results":[]},"publish":{"success":true,"requested":0,"processed":0,"failed":0,"results":[]},"statsSync":{"success":true,"processed":5,"failed":0}}
2026-09-22 04:31:51 [INFO] Requesting: https://bordomavi-ai.vercel.app/api/cron/sync-news?secret=test_secret
2026-09-22 04:32:01 [SUCCESS] {"success":true,"collection":{"success":true,"sourcesProcessed":21,"itemsFetched":2323,"newItems":0,"duplicates":93,"staleSkipped":2032,"errors":10},"analysis":{"requested":15,"processed":0,"failed":0},"generation":{"requested":3,"processed":0,"failed":0},"qualityCheck":{"success":true,"requested":3,"processed":0,"approved":0,"rejected":0,"failed":0,"results":[]},"publish":{"success":true,"requested":0,"processed":0,"failed":0,"results":[]},"statsSync":{"success":true,"processed":5,"failed":0}}
2026-09-22 04:41:51 [INFO] Requesting: https://bordomavi-ai.vercel.app/api/cron/sync-news?secret=test_secret
2026-09-22 04:42:02 [SUCCESS] {"success":true,"collection":{"success":true,"sourcesProcessed":21,"itemsFetched":2323,"newItems":0,"duplicates":93,"staleSkipped":2032,"errors":10},"analysis":{"requested":15,"processed":0,"failed":0},"generation":{"requested":3,"processed":0,"failed":0},"qualityCheck":{"success":true,"requested":3,"processed":0,"approved":0,"rejected":0,"failed":0,"results":[]},"publish":{"success":true,"requested":0,"processed":0,"failed":0,"results":[]},"statsSync":{"success":true,"processed":5,"failed":0}}
2026-09-22 04:51:51 [INFO] Requesting: https://bordomavi-ai.vercel.app/api/cron/sync-news?secret=test_secret
2026-09-22 04:52:02 [SUCCESS] {"success":true,"collection":{"success":true,"sourcesProcessed":21,"itemsFetched":2323,"newItems":0,"duplicates":93,"staleSkipped":2032,"errors":10},"analysis":{"requested":15,"processed":0,"failed":0},"generation":{"requested":3,"processed":0,"failed":0},"qualityCheck":{"success":true,"requested":3,"processed":0,"approved":0,"rejected":0,"failed":0,"results":[]},"publish":{"success":true,"requested":0,"processed":0,"failed":0,"results":[]},"statsSync":{"success":true,"processed":5,"failed":0}}
2026-09-22 05:01:51 [INFO] Requesting: https://bordomavi-ai.vercel.app/api/cron/sync-news?secret=test_secret
2026-09-22 05:02:03 [SUCCESS] {"success":true,"collection":{"success":true,"sourcesProcessed":21,"itemsFetched":2323,"newItems":0,"duplicates":93,"staleSkipped":2032,"errors":10},"analysis":{"requested":15,"processed":0,"failed":0},"generation":{"requested":3,"processed":0,"failed":0},"qualityCheck":{"success":true,"requested":3,"processed":0,"approved":0,"rejected":0,"failed":0,"results":[]},"publish":{"success":true,"requested":0,"processed":0,"failed":0,"results":[]},"statsSync":{"success":true,"processed":5,"failed":0}}
2026-09-22 05:11:51 [INFO] Requesting: https://bordomavi-ai.vercel.app/api/cron/sync-news?secret=test_secret
2026-09-22 05:12:02 [SUCCESS] {"success":true,"collection":{"success":true,"sourcesProcessed":21,"itemsFetched":2323,"newItems":0,"duplicates":93,"staleSkipped":2032,"errors":10},"analysis":{"requested":15,"processed":0,"failed":0},"generation":{"requested":3,"processed":0,"failed":0},"qualityCheck":{"success":true,"requested":3,"processed":0,"approved":0,"rejected":0,"failed":0,"results":[]},"publish":{"success":true,"requested":0,"processed":0,"failed":0,"results":[]},"statsSync":{"success":true,"processed":5,"failed":0}}
2026-09-22 05:21:51 [INFO] Requesting: https://bordomavi-ai.vercel.app/api/cron/sync-news?secret=test_secret
2026-09-22 05:22:02 [SUCCESS] {"success":true,"collection":{"success":true,"sourcesProcessed":21,"itemsFetched":2323,"newItems":0,"duplicates":93,"staleSkipped":2032,"errors":10},"analysis":{"requested":15,"processed":0,"failed":0},"generation":{"requested":3,"processed":0,"failed":0},"qualityCheck":{"success":true,"requested":3,"processed":0,"approved":0,"rejected":0,"failed":0,"results":[]},"publish":{"success":true,"requested":0,"processed":0,"failed":0,"results":[]},"statsSync":{"success":true,"processed":5,"failed":0}}
2026-09-22 05:31:51 [INFO] Requesting: https://bordomavi-ai.vercel.app/api/cron/sync-news?secret=test_secret
2026-09-22 05:32:02 [SUCCESS] {"success":true,"collection":{"success":true,"sourcesProcessed":21,"itemsFetched":2323,"newItems":0,"duplicates":93,"staleSkipped":2032,"errors":10},"analysis":{"requested":15,"processed":0,"failed":0},"generation":{"requested":3,"processed":0,"failed":0},"qualityCheck":{"success":true,"requested":3,"processed":0,"approved":0,"rejected":0,"failed":0,"results":[]},"publish":{"success":true,"requested":0,"processed":0,"failed":0,"results":[]},"statsSync":{"success":true,"processed":5,"failed":0}}
2026-09-22 05:41:51 [INFO] Requesting: https://bordomavi-ai.vercel.app/api/cron/sync-news?secret=test_secret
2026-09-22 05:42:03 [SUCCESS] {"success":true,"collection":{"success":true,"sourcesProcessed":21,"itemsFetched":2323,"newItems":0,"duplicates":93,"staleSkipped":2032,"errors":10},"analysis":{"requested":15,"processed":0,"failed":0},"generation":{"requested":3,"processed":0,"failed":0},"qualityCheck":{"success":true,"requested":3,"processed":0,"approved":0,"rejected":0,"failed":0,"results":[]},"publish":{"success":true,"requested":0,"processed":0,"failed":0,"results":[]},"statsSync":{"success":true,"processed":5,"failed":0}}
2026-09-22 05:51:51 [INFO] Requesting: https://bordomavi-ai.vercel.app/api/cron/sync-news?secret=test_secret
2026-09-22 05:52:02 [SUCCESS] {"success":true,"collection":{"success":true,"sourcesProcessed":21,"itemsFetched":2323,"newItems":0,"duplicates":93,"staleSkipped":2032,"errors":10},"analysis":{"requested":15,"processed":0,"failed":0},"generation":{"requested":3,"processed":0,"failed":0},"qualityCheck":{"success":true,"requested":3,"processed":0,"approved":0,"rejected":0,"failed":0,"results":[]},"publish":{"success":true,"requested":0,"processed":0,"failed":0,"results":[]},"statsSync":{"success":true,"processed":5,"failed":0}}
2026-09-22 06:01:51 [INFO] Requesting: https://bordomavi-ai.vercel.app/api/cron/sync-news?secret=test_secret
2026-09-22 06:02:02 [SUCCESS] {"success":true,"collection":{"success":true,"sourcesProcessed":21,"itemsFetched":2323,"newItems":0,"duplicates":93,"staleSkipped":2032,"errors":10},"analysis":{"requested":15,"processed":0,"failed":0},"generation":{"requested":3,"processed":0,"failed":0},"qualityCheck":{"success":true,"requested":3,"processed":0,"approved":0,"rejected":0,"failed":0,"results":[]},"publish":{"success":true,"requested":0,"processed":0,"failed":0,"results":[]},"statsSync":{"success":true,"processed":5,"failed":0}}
2026-09-22 06:11:51 [INFO] Requesting: https://bordomavi-ai.vercel.app/api/cron/sync-news?secret=test_secret
2026-09-22 06:12:02 [SUCCESS] {"success":true,"collection":{"success":true,"sourcesProcessed":21,"itemsFetched":2323,"newItems":0,"duplicates":93,"staleSkipped":2032,"errors":10},"analysis":{"requested":15,"processed":0,"failed":0},"generation":{"requested":3,"processed":0,"failed":0},"qualityCheck":{"success":true,"requested":3,"processed":0,"approved":0,"rejected":0,"failed":0,"results":[]},"publish":{"success":true,"requested":0,"processed":0,"failed":0,"results":[]},"statsSync":{"success":true,"processed":5,"failed":0}}
2026-09-22 06:21:51 [INFO] Requesting: https://bordomavi-ai.vercel.app/api/cron/sync-news?secret=test_secret
2026-09-22 06:22:03 [SUCCESS] {"success":true,"collection":{"success":true,"sourcesProcessed":21,"itemsFetched":2323,"newItems":0,"duplicates":93,"staleSkipped":2032,"errors":10},"analysis":{"requested":15,"processed":0,"failed":0},"generation":{"requested":3,"processed":0,"failed":0},"qualityCheck":{"success":true,"requested":3,"processed":0,"approved":0,"rejected":0,"failed":0,"results":[]},"publish":{"success":true,"requested":0,"processed":0,"failed":0,"results":[]},"statsSync":{"success":true,"processed":5,"failed":0}}
2026-09-22 06:31:51 [INFO] Requesting: https://bordomavi-ai.vercel.app/api/cron/sync-news?secret=test_secret
2026-09-22 06:32:01 [SUCCESS] {"success":true,"collection":{"success":true,"sourcesProcessed":21,"itemsFetched":2323,"newItems":0,"duplicates":93,"staleSkipped":2032,"errors":10},"analysis":{"requested":15,"processed":0,"failed":0},"generation":{"requested":3,"processed":0,"failed":0},"qualityCheck":{"success":true,"requested":3,"processed":0,"approved":0,"rejected":0,"failed":0,"results":[]},"publish":{"success":true,"requested":0,"processed":0,"failed":0,"results":[]},"statsSync":{"success":true,"processed":5,"failed":0}}
2026-09-22 06:41:51 [INFO] Requesting: https://bordomavi-ai.vercel.app/api/cron/sync-news?secret=test_secret
2026-09-22 06:42:02 [SUCCESS] {"success":true,"collection":{"success":true,"sourcesProcessed":21,"itemsFetched":2323,"newItems":0,"duplicates":93,"staleSkipped":2032,"errors":10},"analysis":{"requested":15,"processed":0,"failed":0},"generation":{"requested":3,"processed":0,"failed":0},"qualityCheck":{"success":true,"requested":3,"processed":0,"approved":0,"rejected":0,"failed":0,"results":[]},"publish":{"success":true,"requested":0,"processed":0,"failed":0,"results":[]},"statsSync":{"success":true,"processed":5,"failed":0}}
2026-09-22 06:51:51 [INFO] Requesting: https://bordomavi-ai.vercel.app/api/cron/sync-news?secret=test_secret
2026-09-22 06:52:26 [SUCCESS] {"success":true,"collection":{"success":true,"sourcesProcessed":21,"itemsFetched":2323,"newItems":5,"duplicates":95,"staleSkipped":2021,"errors":10},"analysis":{"requested":15,"processed":5,"failed":0},"generation":{"requested":3,"processed":0,"failed":0},"qualityCheck":{"success":true,"requested":3,"processed":0,"approved":0,"rejected":0,"failed":0,"results":[]},"publish":{"success":true,"requested":0,"processed":0,"failed":0,"results":[]},"statsSync":{"success":true,"processed":5,"failed":0}}
2026-09-22 07:01:51 [INFO] Requesting: https://bordomavi-ai.vercel.app/api/cron/sync-news?secret=test_secret
2026-09-22 07:02:02 [SUCCESS] {"success":true,"collection":{"success":true,"sourcesProcessed":21,"itemsFetched":2323,"newItems":0,"duplicates":100,"staleSkipped":2021,"errors":10},"analysis":{"requested":15,"processed":0,"failed":0},"generation":{"requested":3,"processed":0,"failed":0},"qualityCheck":{"success":true,"requested":3,"processed":0,"approved":0,"rejected":0,"failed":0,"results":[]},"publish":{"success":true,"requested":0,"processed":0,"failed":0,"results":[]},"statsSync":{"success":true,"processed":5,"failed":0}}
2026-09-22 07:11:51 [INFO] Requesting: https://bordomavi-ai.vercel.app/api/cron/sync-news?secret=test_secret
2026-09-22 07:12:02 [SUCCESS] {"success":true,"collection":{"success":true,"sourcesProcessed":21,"itemsFetched":2323,"newItems":0,"duplicates":100,"staleSkipped":2021,"errors":10},"analysis":{"requested":15,"processed":0,"failed":0},"generation":{"requested":3,"processed":0,"failed":0},"qualityCheck":{"success":true,"requested":3,"processed":0,"approved":0,"rejected":0,"failed":0,"results":[]},"publish":{"success":true,"requested":0,"processed":0,"failed":0,"results":[]},"statsSync":{"success":true,"processed":5,"failed":0}}
2026-09-22 07:21:51 [INFO] Requesting: https://bordomavi-ai.vercel.app/api/cron/sync-news?secret=test_secret
2026-09-22 07:22:02 [SUCCESS] {"success":true,"collection":{"success":true,"sourcesProcessed":21,"itemsFetched":2323,"newItems":0,"duplicates":99,"staleSkipped":2021,"errors":10},"analysis":{"requested":15,"processed":0,"failed":0},"generation":{"requested":3,"processed":0,"failed":0},"qualityCheck":{"success":true,"requested":3,"processed":0,"approved":0,"rejected":0,"failed":0,"results":[]},"publish":{"success":true,"requested":0,"processed":0,"failed":0,"results":[]},"statsSync":{"success":true,"processed":5,"failed":0}}
2026-09-22 07:31:51 [INFO] Requesting: https://bordomavi-ai.vercel.app/api/cron/sync-news?secret=test_secret
2026-09-22 07:32:03 [SUCCESS] {"success":true,"collection":{"success":true,"sourcesProcessed":21,"itemsFetched":2323,"newItems":0,"duplicates":99,"staleSkipped":2021,"errors":10},"analysis":{"requested":15,"processed":0,"failed":0},"generation":{"requested":3,"processed":0,"failed":0},"qualityCheck":{"success":true,"requested":3,"processed":0,"approved":0,"rejected":0,"failed":0,"results":[]},"publish":{"success":true,"requested":1,"processed":0,"failed":0,"results":[]},"statsSync":{"success":true,"processed":5,"failed":0}}
2026-09-22 07:41:51 [INFO] Requesting: https://bordomavi-ai.vercel.app/api/cron/sync-news?secret=test_secret
2026-09-22 07:42:08 [SUCCESS] {"success":true,"collection":{"success":true,"sourcesProcessed":21,"itemsFetched":2323,"newItems":1,"duplicates":99,"staleSkipped":2019,"errors":10},"analysis":{"requested":15,"processed":1,"failed":0},"generation":{"requested":3,"processed":0,"failed":0},"qualityCheck":{"success":true,"requested":3,"processed":0,"approved":0,"rejected":0,"failed":0,"results":[]},"publish":{"success":true,"requested":1,"processed":0,"failed":0,"results":[]},"statsSync":{"success":true,"processed":5,"failed":0}}
2026-09-22 07:51:51 [INFO] Requesting: https://bordomavi-ai.vercel.app/api/cron/sync-news?secret=test_secret
2026-09-22 07:52:02 [SUCCESS] {"success":true,"collection":{"success":true,"sourcesProcessed":21,"itemsFetched":2323,"newItems":0,"duplicates":101,"staleSkipped":2019,"errors":10},"analysis":{"requested":15,"processed":0,"failed":0},"generation":{"requested":3,"processed":0,"failed":0},"qualityCheck":{"success":true,"requested":3,"processed":0,"approved":0,"rejected":0,"failed":0,"results":[]},"publish":{"success":true,"requested":1,"processed":0,"failed":0,"results":[]},"statsSync":{"success":true,"processed":5,"failed":0}}
2026-09-22 08:01:51 [INFO] Requesting: https://bordomavi-ai.vercel.app/api/cron/sync-news?secret=test_secret
2026-09-22 08:02:02 [SUCCESS] {"success":true,"collection":{"success":true,"sourcesProcessed":21,"itemsFetched":2323,"newItems":0,"duplicates":101,"staleSkipped":2019,"errors":10},"analysis":{"requested":15,"processed":0,"failed":0},"generation":{"requested":3,"processed":0,"failed":0},"qualityCheck":{"success":true,"requested":3,"processed":0,"approved":0,"rejected":0,"failed":0,"results":[]},"publish":{"success":true,"requested":1,"processed":0,"failed":0,"results":[]},"statsSync":{"success":true,"processed":5,"failed":0}}
2026-09-22 08:11:51 [INFO] Requesting: https://bordomavi-ai.vercel.app/api/cron/sync-news?secret=test_secret
2026-09-22 08:12:02 [SUCCESS] {"success":true,"collection":{"success":true,"sourcesProcessed":21,"itemsFetched":2323,"newItems":0,"duplicates":101,"staleSkipped":2019,"errors":10},"analysis":{"requested":15,"processed":0,"failed":0},"generation":{"requested":3,"processed":0,"failed":0},"qualityCheck":{"success":true,"requested":3,"processed":0,"approved":0,"rejected":0,"failed":0,"results":[]},"publish":{"success":true,"requested":1,"processed":0,"failed":0,"results":[]},"statsSync":{"success":true,"processed":5,"failed":0}}
2026-09-22 08:21:51 [INFO] Requesting: https://bordomavi-ai.vercel.app/api/cron/sync-news?secret=test_secret
2026-09-22 08:22:00 [SUCCESS] {"success":true,"collection":{"success":true,"sourcesProcessed":21,"itemsFetched":2303,"newItems":0,"duplicates":94,"staleSkipped":2019,"errors":11},"analysis":{"requested":15,"processed":0,"failed":0},"generation":{"requested":3,"processed":0,"failed":0},"qualityCheck":{"success":true,"requested":3,"processed":0,"approved":0,"rejected":0,"failed":0,"results":[]},"publish":{"success":true,"requested":1,"processed":0,"failed":0,"results":[]},"statsSync":{"success":true,"processed":5,"failed":0}}
2026-09-22 08:31:51 [INFO] Requesting: https://bordomavi-ai.vercel.app/api/cron/sync-news?secret=test_secret
2026-09-22 08:32:36 [SUCCESS] {"success":true,"collection":{"success":true,"sourcesProcessed":21,"itemsFetched":2303,"newItems":4,"duplicates":87,"staleSkipped":2014,"errors":11},"analysis":{"requested":15,"processed":4,"failed":0},"generation":{"requested":3,"processed":1,"failed":0},"qualityCheck":{"success":true,"requested":3,"processed":0,"approved":0,"rejected":0,"failed":0,"results":[]},"publish":{"success":true,"requested":2,"processed":1,"failed":0,"results":[{"contentId":"cmuc8m1n2000bofib2nkwyy8l","status":"PUBLISHED","facebookPostId":"1415192102080896_1792233085643378","mockMode":false}]},"statsSync":{"success":true,"processed":5,"failed":0}}
2026-09-22 08:36:19 [INFO] Requesting: https://bordomavi-ai.vercel.app/api/cron/sync-news?secret=test_secret
2026-09-22 08:36:32 [SUCCESS] {"success":true,"collection":{"success":true,"sourcesProcessed":21,"itemsFetched":2303,"newItems":1,"duplicates":92,"staleSkipped":2012,"errors":11},"analysis":{"requested":15,"processed":1,"failed":0},"generation":{"requested":3,"processed":0,"failed":0},"qualityCheck":{"success":true,"requested":3,"processed":0,"approved":0,"rejected":0,"failed":0,"results":[]},"publish":{"success":true,"requested":2,"processed":0,"failed":0,"results":[]},"statsSync":{"success":true,"processed":5,"failed":0}}
